HIERARCHY
ROOT Hips
{
	OFFSET 0 0 0
	CHANNELS 6 Xposition Yposition Zposition Yrotation Xrotation Zrotation
	JOINT Spine
	{
		OFFSET -0 8.44927 -2.6932
		CHANNELS 3 Yrotation Xrotation Zrotation
		JOINT Spine1
		{
			OFFSET -0 9.25792 0
			CHANNELS 3 Yrotation Xrotation Zrotation
			JOINT Spine2
			{
				OFFSET -0 9.25792 0
				CHANNELS 3 Yrotation Xrotation Zrotation
				JOINT Spine3
				{
					OFFSET -0 9.25792 0
					CHANNELS 3 Yrotation Xrotation Zrotation
					JOINT Neck
					{
						OFFSET -0 8.27543 3.6932
						CHANNELS 3 Yrotation Xrotation Zrotation
						JOINT Head
						{
							OFFSET -0 10.5616 0
							CHANNELS 3 Yrotation Xrotation Zrotation
							End Site
							{
								OFFSET 0 15 0
							}
						}
					}
					JOINT LeftShoulder
					{
						OFFSET 1.76026 -0.446652 3.52053
						CHANNELS 3 Yrotation Xrotation Zrotation
						JOINT LeftArm
						{
							OFFSET 15.3604 0 0
							CHANNELS 3 Yrotation Xrotation Zrotation
							JOINT LeftForeArm
							{
								OFFSET 29.3264 0 0
								CHANNELS 3 Yrotation Xrotation Zrotation
								JOINT LeftHand
								{
									OFFSET 24.1271 0 0
									CHANNELS 3 Yrotation Xrotation Zrotation
									End Site
									{
										OFFSET 15 0 0
									}
								}
							}
						}
					}
					JOINT RightShoulder
					{
						OFFSET -1.76026 -0.446652 3.52053
						CHANNELS 3 Yrotation Xrotation Zrotation
						JOINT RightArm
						{
							OFFSET -15.3604 0 0
							CHANNELS 3 Yrotation Xrotation Zrotation
							JOINT RightForeArm
							{
								OFFSET -29.3264 0 0
								CHANNELS 3 Yrotation Xrotation Zrotation
								JOINT RightHand
								{
									OFFSET -24.1271 0 0
									CHANNELS 3 Yrotation Xrotation Zrotation
									End Site
									{
										OFFSET -15 0 0
									}
								}
							}
						}
					}
				}
			}
		}
	}
	JOINT LeftUpLeg
	{
		OFFSET 10.5616 -3.52053 0
		CHANNELS 3 Yrotation Xrotation Zrotation
		JOINT LeftLeg
		{
			OFFSET -0 -43.1823 2.46437
			CHANNELS 3 Yrotation Xrotation Zrotation
			JOINT LeftFoot
			{
				OFFSET -0 -38.2901 -2.46437
				CHANNELS 3 Yrotation Xrotation Zrotation
				JOINT LeftToeBase
				{
					OFFSET -0 -9.36021 14.7518
					CHANNELS 3 Yrotation Xrotation Zrotation
					End Site
					{
						OFFSET 0 0 5
					}
				}
			}
		}
	}
	JOINT RightUpLeg
	{
		OFFSET -10.5616 -3.52053 0
		CHANNELS 3 Yrotation Xrotation Zrotation
		JOINT RightLeg
		{
			OFFSET -0 -43.1823 2.46437
			CHANNELS 3 Yrotation Xrotation Zrotation
			JOINT RightFoot
			{
				OFFSET -0 -38.2901 -2.46437
				CHANNELS 3 Yrotation Xrotation Zrotation
				JOINT RightToeBase
				{
					OFFSET -0 -9.36021 14.7518
					CHANNELS 3 Yrotation Xrotation Zrotation
					End Site
					{
						OFFSET 0 0 5
					}
				}
			}
		}
	}
}
MOTION
Frames: 683
Frame Time: 0.00833333
0 96.638961 0 0 0 0 0 0 0 0 0 0 0 0 0 0 0 0 0 0 0 0 0 0 0 0 0 0 0 0 0 0 0 0 0 0 0 0 0 0 0 0 0 0 0 0 0 0 0 0 0 0 0 0 0 0 0 0 0 0 0 0 0 0 0 0 0 0 0 0 0 0
61.818781 97.903076 -48.969366 162.123131 0.676703 -0.871336 1.278765 1.135209 2.653090 1.325477 1.349933 1.593115 0.215729 1.520471 0.619018 -0.126997 1.678079 -0.159723 6.674667 1.699512 -8.245490 2.278166 -7.580720 2.278975 11.727820 3.139777 6.324763 -47.947021 5.822363 -88.635183 -37.133926 21.849129 12.495937 32.354509 -43.027907 -33.770931 -24.962488 10.406703 -16.282328 84.202206 1.458304 68.591693 37.393419 10.536161 -14.717503 -32.532390 -29.857660 35.809202 10.564203 3.854015 -4.263076 0.000000 0.682453 0.000000 21.077954 -3.643454 1.029165 0.000000 -3.699784 0.000000 -4.871341 0.269482 2.624384 0.000000 2.705980 0.000000 1.609250 -0.289806 -8.810943 0.000000 -7.081216 0.000000
61.807471 97.897424 -48.984024 162.082574 0.671846 -0.886264 1.087988 1.244648 2.590143 1.138028 1.204535 1.645313 0.395774 1.502871 0.680049 0.077433 1.753575 -0.181532 6.732994 1.693495 -8.128107 2.324731 -7.528763 2.073701 11.716724 3.155660 6.308591 -47.908361 5.802635 -88.662848 -37.162693 21.815187 12.500241 32.376912 -42.955126 -33.704480 -24.957569 10.400336 -16.337254 84.150090 1.434194 68.589139 37.415123 10.585519 -14.705943 -32.542385 -29.867965 35.798568 10.538869 3.857918 -4.263582 0.000000 0.695184 0.000000 21.146310 -3.672936 1.065079 0.000000 -3.719091 0.000000 -4.887987 0.257784 2.628398 0.000000 2.744682 0.000000 1.661558 -0.301193 -8.820502 0.000000 -7.116770 0.000000
61.797858 97.892010 -48.994006 162.059138 0.665351 -0.902402 1.081416 1.172226 2.616052 1.148512 1.305718 1.633805 0.389063 1.517322 0.660344 0.083184 1.735799 -0.185805 6.713773 1.681734 -8.080907 2.316117 -7.555894 2.074371 11.697510 3.151516 6.362884 -47.898342 5.777043 -88.673977 -37.192996 21.825603 12.498008 32.450012 -42.910320 -33.669151 -24.937174 10.368898 -16.346938 84.104431 1.388303 68.636376 37.425847 10.596396 -14.715249 -32.521624 -29.847922 35.782210 10.502806 3.861982 -4.259853 0.000000 0.701963 0.000000 21.206695 -3.695030 1.095866 0.000000 -3.717680 0.000000 -4.897493 0.240918 2.634014 0.000000 2.797926 0.000000 1.694660 -0.320196 -8.809904 0.000000 -7.123910 0.000000
61.786310 97.888751 -49.008817 162.035915 0.664955 -0.921538 0.950788 1.250837 2.574954 1.032352 1.196936 1.665045 0.509669 1.492024 0.706480 0.224200 1.797800 -0.177844 6.685491 1.685084 -8.099016 2.302806 -7.553903 2.081875 11.696439 3.210741 6.350043 -47.922287 5.719823 -88.669813 -37.176285 21.819014 12.520235 32.433385 -42.867139 -33.697653 -24.943346 10.389140 -16.390455 84.034280 1.408940 68.595269 37.500764 10.640363 -14.685733 -32.539088 -29.832690 35.841482 10.500620 3.869404 -4.252936 0.000000 0.701047 0.000000 21.229411 -3.716562 1.123581 0.000000 -3.720608 0.000000 -4.865002 0.224297 2.643026 0.000000 2.838819 0.000000 1.691484 -0.339844 -8.807047 0.000000 -7.116357 0.000000
61.773450 97.887354 -49.019290 162.032195 0.662127 -0.939859 0.960659 1.146374 2.605907 1.059867 1.302975 1.649687 0.476085 1.557426 0.688494 0.200717 1.754104 -0.160817 6.678490 1.685289 -8.088287 2.296624 -7.587451 2.099051 11.693936 3.185107 6.387434 -47.908310 5.682677 -88.699714 -37.164081 21.824682 12.511844 32.418452 -42.810964 -33.680917 -24.926379 10.402617 -16.390403 83.985475 1.415394 68.547539 37.569616 10.662232 -14.650238 -32.529925 -29.869159 35.786854 10.464748 3.875232 -4.248245 0.000000 0.695793 0.000000 21.268033 -3.731794 1.164678 0.000000 -3.723166 0.000000 -4.847791 0.210154 2.651241 0.000000 2.881942 0.000000 1.677708 -0.357712 -8.800920 0.000000 -7.086847 0.000000
61.763416 97.884241 -49.026758 162.018358 0.657328 -0.958556 0.914319 1.116564 2.621997 1.033807 1.334074 1.647014 0.509450 1.584547 0.684575 0.251978 1.755277 -0.168609 6.621357 1.709128 -8.108521 2.260830 -7.673498 2.169735 11.696610 3.175389 6.427542 -47.975768 5.635570 -88.713792 -37.125588 21.771522 12.553498 32.395616 -42.750625 -33.690076 -24.929619 10.411861 -16.392073 83.994689 1.426738 68.513864 37.612426 10.651243 -14.656980 -32.482481 -29.908868 35.749021 10.436292 3.883181 -4.241551 0.000000 0.688548 0.000000 21.306470 -3.749199 1.201077 0.000000 -3.716856 0.000000 -4.872545 0.193518 2.660177 0.000000 2.931572 0.000000 1.715014 -0.370028 -8.786674 0.000000 -7.099012 0.000000
61.752142 97.878705 -49.035141 162.009101 0.653764 -0.974356 0.909695 1.116208 2.634057 1.047669 1.324164 1.642522 0.492973 1.589763 0.681025 0.242782 1.769122 -0.154374 6.583896 1.717789 -8.060669 2.250797 -7.683751 2.094707 11.711441 3.173821 6.447862 -47.945879 5.590857 -88.738561 -37.107928 21.765761 12.546953 32.436111 -42.766902 -33.683905 -24.915021 10.432680 -16.405058 83.992506 1.450733 68.468652 37.634915 10.685936 -14.675103 -32.413998 -30.105119 35.821572 10.406708 3.885819 -4.238050 0.000000 0.688664 0.000000 21.346223 -3.757414 1.236240 0.000000 -3.730328 0.000000 -4.933400 0.183194 2.664542 0.000000 2.970198 0.000000 1.788898 -0.387705 -8.783117 0.000000 -7.062794 0.000000
61.737164 97.873529 -49.044406 161.984179 0.645998 -0.988867 0.929452 1.112199 2.658285 1.093385 1.337717 1.635610 0.459816 1.587120 0.669571 0.223685 1.770633 -0.144017 6.565517 1.739481 -8.042426 2.244571 -7.698555 2.077635 11.719197 3.167289 6.471747 -47.961420 5.567116 -88.772197 -37.072563 21.774798 12.579192 32.416702 -42.821014 -33.738992 -24.878958 10.432839 -16.442258 83.948850 1.426371 68.478537 37.647376 10.710535 -14.671637 -32.370849 -30.171354 35.798668 10.511855 3.893598 -4.227311 0.000000 0.711753 0.000000 21.271201 -3.776896 1.241151 0.000000 -3.738086 0.000000 -4.904097 0.156610 2.667150 0.000000 3.038234 0.000000 1.784648 -0.405483 -8.769581 0.000000 -7.060497 0.000000
61.725659 97.869806 -49.054703 161.959410 0.642747 -1.010073 0.926914 1.109604 2.677835 1.103497 1.325540 1.640892 0.457508 1.599607 0.657942 0.232715 1.791870 -0.162374 6.556047 1.740915 -7.996142 2.241909 -7.719961 2.067469 11.717056 3.151538 6.511762 -47.960189 5.548187 -88.790930 -37.060133 21.772595 12.588123 32.443710 -42.896931 -33.795297 -24.845434 10.440953 -16.448887 83.896038 1.394180 68.467016 37.653228 10.753173 -14.645333 -32.327931 -30.257480 35.801186 10.583987 3.905105 -4.212492 0.000000 0.709769 0.000000 21.226909 -3.790384 1.274811 0.000000 -3.738558 0.000000 -4.896182 0.140812 2.678856 0.000000 3.082488 0.000000 1.806205 -0.425408 -8.758553 0.000000 -7.021156 0.000000
61.717377 97.870001 -49.068140 161.947848 0.641650 -1.022536 0.937911 1.081835 2.679900 1.120056 1.326673 1.638806 0.449438 1.608960 0.657289 0.226983 1.820052 -0.157531 6.544204 1.738768 -7.973507 2.238671 -7.715884 2.060909 11.700624 3.155503 6.531904 -47.962144 5.522588 -88.809802 -37.046421 21.709801 12.619997 32.396041 -42.900261 -33.807649 -24.807978 10.457411 -16.450898 83.872958 1.411229 68.435976 37.683593 10.766408 -14.625781 -32.299267 -30.287984 35.788654 10.575333 3.913042 -4.208959 0.000000 0.708709 0.000000 21.250123 -3.806317 1.290686 0.000000 -3.760540 0.000000 -4.878594 0.133276 2.684515 0.000000 3.108694 0.000000 1.790339 -0.427019 -8.761020 0.000000 -7.020168 0.000000
61.707104 97.868842 -49.077438 161.915478 0.635802 -1.038060 0.903280 1.080630 2.698020 1.091185 1.335608 1.679297 0.546271 1.626508 0.702570 0.336496 1.883549 -0.148777 6.460984 1.657183 -8.169593 2.185339 -7.671516 2.171946 11.547563 3.080896 6.427032 -47.893420 5.555089 -88.821490 -37.084663 21.703323 12.583291 32.350080 -42.896212 -33.756133 -24.994045 10.367259 -16.592202 83.991924 1.365587 68.373179 37.688545 10.755592 -14.587713 -32.240734 -30.270013 35.669393 10.582708 3.921573 -4.204765 0.000000 0.707907 0.000000 21.277996 -3.815949 1.330145 0.000000 -3.754144 0.000000 -4.815814 0.114065 2.692727 0.000000 3.154361 0.000000 1.757663 -0.436846 -8.762568 0.000000 -7.010824 0.000000
61.695795 97.866309 -49.087436 161.908755 0.634415 -1.054899 0.909477 1.071935 2.719150 1.107931 1.338910 1.673754 0.535561 1.635184 0.684378 0.332843 1.869816 -0.161974 6.456456 1.640364 -8.143175 2.187977 -7.609725 2.200291 11.564502 3.094229 6.477037 -47.942893 5.532415 -88.840810 -37.064104 21.646962 12.625160 32.301928 -42.839056 -33.732217 -24.967230 10.387790 -16.595910 83.957935 1.345815 68.372635 37.714771 10.766681 -14.552012 -32.271928 -30.170769 35.639463 10.557207 3.925018 -4.200961 0.000000 0.702130 0.000000 21.310611 -3.826203 1.377162 0.000000 -3.766603 0.000000 -4.836833 0.107727 2.698976 0.000000 3.180295 0.000000 1.790929 -0.455889 -8.743976 0.000000 -6.970635 0.000000
61.687756 97.861713 -49.096478 161.890462 0.630772 -1.065831 0.930595 1.058130 2.739025 1.139689 1.339415 1.667649 0.528463 1.667728 0.652269 0.334483 1.886440 -0.197892 6.418847 1.604595 -8.102265 2.169263 -7.612555 2.252405 11.547125 3.040790 6.563925 -47.923202 5.517561 -88.872385 -37.084879 21.635006 12.611233 32.323150 -42.870617 -33.714252 -24.987986 10.405731 -16.568507 83.956242 1.315905 68.339725 37.743571 10.732432 -14.522955 -32.246046 -30.057101 35.586270 10.557346 3.927397 -4.197852 0.000000 0.712861 0.000000 21.332427 -3.835205 1.378007 0.000000 -3.773568 0.000000 -4.859772 0.103181 2.701822 0.000000 3.202794 0.000000 1.829667 -0.456159 -8.753120 0.000000 -6.992819 0.000000
61.679303 97.858136 -49.108640 161.870973 0.632072 -1.079569 0.898724 1.066768 2.738025 1.110655 1.313464 1.707218 0.617831 1.683221 0.710083 0.428060 1.948080 -0.160556 6.344978 1.576325 -8.313230 2.117294 -7.626045 2.351882 11.398419 3.027647 6.431796 -47.815050 5.540070 -88.875509 -37.129927 21.661430 12.587867 32.299215 -42.929780 -33.684231 -25.148024 10.332864 -16.721974 84.000214 1.267664 68.287459 37.755845 10.719346 -14.510812 -32.273630 -29.982306 35.616314 10.576055 3.934466 -4.193055 0.000000 0.710244 0.000000 21.332794 -3.848615 1.406460 0.000000 -3.771644 0.000000 -4.857340 0.095309 2.706307 0.000000 3.224184 0.000000 1.843223 -0.465791 -8.732447 0.000000 -6.984671 0.000000
61.671362 97.854266 -49.122061 161.863403 0.631598 -1.097002 0.881569 1.072268 2.740809 1.102707 1.298945 1.712268 0.640165 1.675281 0.711152 0.458418 1.956442 -0.162550 6.330941 1.618094 -8.288087 2.113899 -7.658860 2.313508 11.359587 3.035528 6.463115 -47.704398 5.523378 -88.927313 -37.144367 21.692348 12.565171 32.308530 -42.938178 -33.638746 -25.154252 10.359156 -16.761672 83.994862 1.242582 68.276176 37.754586 10.711759 -14.505145 -32.253134 -29.959072 35.619693 10.591476 3.940731 -4.183735 0.000000 0.710257 0.000000 21.326987 -3.867200 1.437983 0.000000 -3.783679 0.000000 -4.934978 0.089283 2.712156 0.000000 3.260366 0.000000 1.930001 -0.489987 -8.726068 0.000000 -6.958230 0.000000
61.662000 97.852698 -49.132925 161.868582 0.632991 -1.107643 0.891836 1.050205 2.749129 1.121993 1.312950 1.705250 0.624331 1.686899 0.699541 0.446385 1.955841 -0.161243 6.380564 1.604403 -8.184716 2.153983 -7.593218 2.169598 11.357300 3.046671 6.498145 -47.660181 5.503442 -88.945475 -37.172331 21.713789 12.556903 32.328405 -42.996298 -33.596312 -25.144373 10.379573 -16.766330 84.038569 1.260539 68.228568 37.766912 10.697139 -14.477202 -32.238796 -30.052605 35.583626 10.584530 3.942008 -4.182012 0.000000 0.713261 0.000000 21.325289 -3.882447 1.460880 0.000000 -3.774395 0.000000 -4.982000 0.085720 2.713643 0.000000 3.280038 0.000000 1.973166 -0.506919 -8.725291 0.000000 -6.955294 0.000000
61.654639 97.851959 -49.144992 161.861359 0.641169 -1.124187 0.859605 1.047609 2.738442 1.109184 1.295633 1.728846 0.695523 1.695938 0.762360 0.522369 2.007802 -0.076102 6.305466 1.583839 -8.382865 2.106130 -7.608388 2.200402 11.229994 3.036995 6.352493 -47.539516 5.513169 -88.970140 -37.214808 21.773597 12.523894 32.327579 -43.020510 -33.576088 -25.300749 10.285961 -16.955359 84.059185 1.201214 68.172516 37.775096 10.724614 -14.413437 -32.266177 -30.113263 35.636820 10.583900 3.938270 -4.173369 0.000000 0.714585 0.000000 21.331161 -3.900996 1.474161 0.000000 -3.786760 0.000000 -5.002290 0.074921 2.722742 0.000000 3.301031 0.000000 2.001181 -0.517418 -8.714157 0.000000 -6.956064 0.000000
61.649976 97.849139 -49.153635 161.860677 0.642580 -1.138614 0.817481 1.045697 2.716598 1.071945 1.309752 1.727223 0.731670 1.696606 0.772099 0.571656 1.984355 -0.072041 6.320820 1.604412 -8.342312 2.116506 -7.627062 2.161889 11.242281 3.059046 6.400438 -47.416649 5.478968 -89.008049 -37.232379 21.843872 12.474594 32.279704 -43.053013 -33.551136 -25.261720 10.297517 -16.981332 84.029576 1.193561 68.182684 37.785468 10.726610 -14.399103 -32.243863 -30.169503 35.648771 10.550601 3.941812 -4.164681 0.000000 0.710038 0.000000 21.355507 -3.918227 1.484196 0.000000 -3.778306 0.000000 -5.047820 0.068406 2.730622 0.000000 3.329150 0.000000 2.048956 -0.539318 -8.695238 0.000000 -6.965025 0.000000
61.646179 97.843652 -49.163785 161.855626 0.641681 -1.153006 0.802774 1.072180 2.706182 1.069486 1.297141 1.718791 0.735904 1.666745 0.767907 0.586170 1.978648 -0.065516 6.356194 1.619217 -8.325951 2.134459 -7.616042 2.162571 11.274381 3.080546 6.457760 -47.401856 5.450443 -89.062505 -37.220459 21.854364 12.497129 32.273644 -43.097047 -33.531408 -25.218702 10.336393 -17.023450 83.999105 1.163638 68.186466 37.777921 10.735830 -14.385950 -32.148653 -30.275716 35.598511 10.504278 3.944405 -4.158214 0.000000 0.710270 0.000000 21.405157 -3.941987 1.508361 0.000000 -3.796910 0.000000 -5.071733 0.054900 2.740306 0.000000 3.374973 0.000000 2.076033 -0.565821 -8.703617 0.000000 -6.982600 0.000000
61.641766 97.838385 -49.171994 161.846098 0.640024 -1.167497 0.814396 1.052211 2.701220 1.090420 1.325565 1.704664 0.734255 1.694484 0.756224 0.594717 1.941447 -0.058933 6.384707 1.630013 -8.301982 2.145664 -7.621142 2.212529 11.272922 3.101230 6.525902 -47.309270 5.400537 -89.094482 -37.249583 21.892966 12.462682 32.297913 -43.101848 -33.469881 -25.210641 10.358950 -17.026469 83.951502 1.147418 68.182942 37.784772 10.770832 -14.365688 -32.148852 -30.277848 35.646093 10.449373 3.946838 -4.152757 0.000000 0.707916 0.000000 21.467848 -3.957448 1.514369 0.000000 -3.802484 0.000000 -5.072771 0.043628 2.749662 0.000000 3.413686 0.000000 2.083596 -0.592744 -8.687319 0.000000 -6.975521 0.000000
61.635461 97.833435 -49.179037 161.837882 0.637425 -1.185539 0.803450 1.046982 2.705225 1.089842 1.346761 1.695237 0.735093 1.693453 0.747620 0.606017 1.922393 -0.060593 6.415834 1.649004 -8.253341 2.163756 -7.641914 2.160703 11.268969 3.120330 6.586343 -47.280232 5.382157 -89.155594 -37.271578 21.818744 12.502568 32.272681 -43.108774 -33.385310 -25.157274 10.376467 -17.051853 83.910801 1.100817 68.176311 37.777093 10.816203 -14.304110 -32.185881 -30.231373 35.622954 10.364764 3.946150 -4.147028 0.000000 0.707889 0.000000 21.555114 -3.982369 1.544478 0.000000 -3.795725 0.000000 -4.995989 0.027851 2.764139 0.000000 3.451577 0.000000 2.011988 -0.612535 -8.685845 0.000000 -6.977824 0.000000
61.629865 97.829498 -49.193689 161.860753 0.640696 -1.202148 0.804063 1.022137 2.712180 1.098485 1.358354 1.685826 0.718766 1.687737 0.740571 0.594431 1.958318 -0.061069 6.468300 1.674193 -8.278505 2.173949 -7.715311 2.272292 11.251097 3.114902 6.647415 -47.257285 5.346804 -89.219585 -37.271122 21.762100 12.556695 32.270622 -43.125425 -33.319308 -25.130149 10.397434 -17.055848 83.912573 1.086152 68.124871 37.784013 10.810594 -14.283942 -32.227171 -30.161439 35.686392 10.289523 3.943518 -4.142920 0.000000 0.711157 0.000000 21.602263 -4.007586 1.572115 0.000000 -3.803349 0.000000 -5.060152 0.024739 2.770579 0.000000 3.484037 0.000000 2.051772 -0.645762 -8.655637 0.000000 -6.989032 0.000000
61.622040 97.822772 -49.203860 161.872118 0.637588 -1.218503 0.775629 1.048826 2.714090 1.079975 1.353575 1.679799 0.743230 1.683489 0.727199 0.634794 1.950913 -0.088403 6.502603 1.680618 -8.240875 2.190140 -7.736885 2.258088 11.239902 3.139034 6.741927 -47.240611 5.311977 -89.273290 -37.288051 21.741499 12.617476 32.291338 -43.172822 -33.293676 -25.126256 10.425615 -17.063044 83.858927 1.035944 68.106291 37.818470 10.834740 -14.193263 -32.205119 -30.048587 35.573986 10.218623 3.942167 -4.139031 0.000000 0.718347 0.000000 21.653108 -4.032025 1.609877 0.000000 -3.825792 0.000000 -5.148184 0.011511 2.772691 0.000000 3.549716 0.000000 2.124009 -0.706855 -8.613978 0.000000 -6.998187 0.000000
61.616504 97.815851 -49.216306 161.868762 0.632148 -1.234250 0.763151 1.085164 2.699387 1.078821 1.320339 1.679891 0.757649 1.671427 0.721591 0.662138 1.955625 -0.093256 6.523296 1.715272 -8.181696 2.203543 -7.776545 2.206126 11.224409 3.160998 6.828258 -47.213113 5.274584 -89.358118 -37.292176 21.674500 12.695804 32.283670 -43.150931 -33.235948 -25.127910 10.489528 -17.070738 83.858705 1.040608 68.044933 37.849160 10.839276 -14.160633 -32.170699 -30.040577 35.501987 10.173880 3.938610 -4.132973 0.000000 0.745036 0.000000 21.692807 -4.070623 1.635508 0.000000 -3.841769 0.000000 -5.182678 -0.000414 2.776435 0.000000 3.616247 0.000000 2.148775 -0.785854 -8.565548 0.000000 -6.977363 0.000000
61.610291 97.808807 -49.226038 161.855855 0.626898 -1.247567 0.761029 1.109225 2.674261 1.086754 1.318532 1.674411 0.776730 1.656059 0.721592 0.696677 1.936347 -0.087778 6.572770 1.714119 -8.114427 2.237794 -7.723118 2.123814 11.218921 3.186249 6.933369 -47.211406 5.217982 -89.479065 -37.279754 21.563677 12.830036 32.198211 -43.121934 -33.150936 -25.135321 10.559864 -17.066710 84.235378 1.254208 67.963433 37.913103 10.584466 -14.339564 -32.182262 -29.912813 35.334108 10.076417 3.940577 -4.132940 0.000000 0.753055 0.000000 21.785196 -4.113950 1.661161 0.000000 -3.834077 0.000000 -5.104943 -0.038348 2.779888 0.000000 3.722775 0.000000 2.062557 -0.889783 -8.476772 0.000000 -6.975782 0.000000
61.608704 97.801447 -49.234152 161.878815 0.612881 -1.255081 0.742377 1.139900 2.636505 1.076882 1.352010 1.659081 0.801819 1.639495 0.739836 0.733347 1.868372 -0.046614 6.610480 1.701322 -8.112701 2.262019 -7.648364 2.085847 11.224681 3.204293 7.011353 -47.174071 5.171705 -89.625179 -37.255789 21.485058 12.948208 32.094677 -43.111093 -33.090066 -25.158332 10.593997 -17.137305 84.196757 1.251468 67.952904 38.014803 10.624553 -14.274668 -32.144164 -29.539626 34.999545 9.920643 3.936762 -4.130363 0.000000 0.787499 0.000000 21.892987 -4.158772 1.636771 0.000000 -3.845761 0.000000 -5.323521 -0.078268 2.771917 0.000000 3.888939 0.000000 2.215810 -1.015149 -8.390995 0.000000 -7.049366 0.000000
61.612524 97.792706 -49.240738 161.909363 0.595768 -1.265822 0.643352 1.169773 2.626783 1.004645 1.402850 1.616605 0.875214 1.604352 0.728070 0.835144 1.821144 -0.047603 6.685374 1.722036 -8.077025 2.297026 -7.662575 2.071387 11.218730 3.229979 7.154334 -47.071397 5.133443 -89.761685 -37.261519 21.431718 13.075031 32.112102 -43.045138 -33.024243 -25.196774 10.795523 -17.069465 84.210932 1.361455 67.706596 38.230390 10.679317 -14.157943 -32.276191 -29.223195 34.734156 9.902247 3.925176 -4.103553 0.000000 0.871067 0.000000 21.837950 -4.237070 1.582367 0.000000 -3.827559 0.000000 -5.275944 -0.133570 2.778394 0.000000 4.061281 0.000000 2.076446 -1.132488 -8.279860 0.000000 -7.237429 0.000000
61.617877 97.781714 -49.244589 161.961799 0.579967 -1.253341 0.584075 1.232450 2.548532 0.972744 1.409734 1.583689 0.917417 1.579359 0.733543 0.918851 1.763167 -0.000675 6.786897 1.751806 -8.040183 2.345075 -7.676005 2.038757 11.217257 3.264173 7.306743 -46.959386 5.048049 -89.925435 -37.293614 21.262557 13.189563 32.011404 -42.924834 -32.762829 -25.257336 10.928960 -17.083222 84.142779 1.402772 67.555655 38.469126 10.780498 -14.040426 -32.214814 -28.845771 34.241057 9.716002 3.912147 -4.112405 0.000000 0.928179 0.000000 21.931191 -4.289425 1.542345 0.000000 -3.784841 0.000000 -5.443304 -0.226453 2.758170 0.000000 4.334905 0.000000 2.137985 -1.295298 -8.201620 0.000000 -7.276119 0.000000
61.628009 97.765790 -49.232394 162.060112 0.672844 -1.242489 0.527338 1.190366 2.465511 0.968650 1.386831 1.549314 0.929934 1.574234 0.742369 1.036372 1.740507 0.067537 6.846375 1.765377 -7.974975 2.378769 -7.713374 1.909003 11.147754 3.274805 7.473745 -46.787209 4.912091 -90.085744 -37.268799 21.279273 13.259340 31.909340 -42.962585 -32.550034 -25.327420 11.008247 -17.116666 84.057274 1.400210 67.453790 38.674652 10.901131 -13.942703 -32.236997 -28.205345 33.840631 9.692751 3.673074 -4.110926 0.000000 1.228789 0.000000 21.804248 -4.416490 1.420675 0.000000 -3.711665 0.000000 -5.712528 -0.470842 2.757710 0.000000 4.689833 0.000000 2.250672 -1.488643 -8.137824 0.000000 -7.321105 0.000000
61.643219 97.751770 -49.217435 162.172277 0.756207 -1.208319 0.529524 1.154485 2.335018 0.940702 1.369867 1.481688 0.957314 1.564197 0.767452 1.067399 1.751581 0.188363 6.972142 1.782730 -7.860276 2.442313 -7.808631 1.727387 11.178489 3.320264 7.633407 -46.740816 4.701471 -90.209557 -37.238147 21.102301 13.406310 31.749596 -42.736722 -32.256192 -25.363225 11.068014 -17.147099 83.915802 1.407263 67.318797 38.971202 11.046599 -13.884056 -32.341032 -27.484002 33.425512 9.408347 3.430558 -4.142573 0.000000 1.523707 0.000000 21.910207 -4.519936 1.282311 0.000000 -3.670529 0.000000 -5.932133 -0.754305 2.738385 0.000000 5.127900 0.000000 2.264500 -1.700706 -8.060643 0.000000 -7.463651 0.000000
61.662585 97.744336 -49.216336 162.297629 0.805299 -1.209846 0.437705 1.141973 2.260050 0.882203 1.367303 1.425242 1.021535 1.508514 0.776736 1.194972 1.739788 0.251616 7.164135 1.880818 -7.781983 2.532374 -7.927992 1.584916 11.162175 3.408920 7.842841 -46.597574 4.534615 -90.375610 -37.243292 20.942842 13.561620 31.411511 -42.372262 -31.693089 -25.431518 11.261082 -17.176667 83.858192 1.448499 67.098605 39.343323 11.197297 -13.833587 -32.588780 -26.463217 32.742057 9.418895 3.234933 -4.103199 0.000000 1.844813 0.000000 21.699026 -4.634537 1.080404 0.000000 -3.617188 0.000000 -6.237488 -0.954625 2.753681 0.000000 5.495968 0.000000 2.327604 -1.838505 -7.971209 0.000000 -7.530252 0.000000
61.692963 97.730798 -49.209579 162.505865 0.894050 -1.192035 0.300517 1.093402 2.124821 0.781050 1.357105 1.339551 1.112990 1.454613 0.779023 1.373008 1.769601 0.303314 7.404302 1.892033 -7.570161 2.652945 -7.976481 1.445208 11.166889 3.483629 8.218891 -46.445866 4.242245 -90.522621 -37.205983 20.944774 13.669058 30.947185 -42.104478 -31.281158 -25.477626 11.523007 -17.118863 83.646801 1.347404 66.880701 39.676601 11.236947 -13.952858 -32.622738 -24.941507 32.169269 9.134906 2.948340 -4.098191 0.000000 2.218798 0.000000 21.698976 -4.759852 0.879184 0.000000 -3.536902 0.000000 -6.502094 -1.221475 2.768668 0.000000 5.918652 0.000000 2.234805 -2.005043 -7.943373 0.000000 -7.668159 0.000000
61.717456 97.712885 -49.196173 162.737559 0.942522 -1.115178 0.204624 1.082246 1.938460 0.699300 1.367646 1.247911 1.223098 1.460523 0.791833 1.522882 1.688755 0.414644 7.682371 1.942538 -7.177705 2.828205 -7.972779 0.886716 11.111637 3.557126 8.557199 -46.205422 3.996281 -90.731674 -37.295387 20.965692 13.727750 30.421952 -41.434032 -30.488133 -25.631159 11.820649 -17.178658 83.468412 1.316316 66.550580 40.134270 11.555615 -13.973877 -32.641912 -23.567059 31.383410 8.803051 2.725868 -4.151492 0.000000 2.534918 0.000000 21.738635 -4.828472 0.705578 0.000000 -3.516075 0.000000 -6.985533 -1.509376 2.707837 0.000000 6.472333 0.000000 2.349425 -2.238739 -7.905243 0.000000 -7.800391 0.000000
61.743579 97.705176 -49.172104 163.033624 1.013997 -0.994133 0.048500 1.098219 1.722076 0.604169 1.387148 1.121089 1.308548 1.388207 0.780087 1.703854 1.641850 0.494566 8.062798 2.004668 -6.989900 3.007395 -8.090476 0.716542 11.072491 3.593783 8.943098 -45.935847 3.776384 -90.956998 -37.360120 21.110375 13.830816 30.026528 -40.864975 -29.778228 -25.769351 12.138819 -17.187615 83.405496 1.267133 66.209651 40.633327 11.837861 -14.116531 -32.895065 -21.801939 30.245961 8.674357 2.516731 -4.219209 0.000000 2.796128 0.000000 21.484530 -4.805063 0.500220 0.000000 -3.494051 0.000000 -7.422121 -1.866172 2.612098 0.000000 7.100989 0.000000 2.349469 -2.481034 -7.827684 0.000000 -7.921093 0.000000
61.776978 97.695428 -49.147833 163.393189 1.054486 -0.885317 -0.124264 1.138399 1.522792 0.471230 1.379777 1.022130 1.466178 1.363368 0.759262 1.931130 1.578556 0.525565 8.435973 2.115105 -6.681804 3.198529 -8.255696 0.386276 10.919675 3.656704 9.395030 -45.692868 3.551045 -91.186601 -37.546874 21.085993 13.975000 29.296058 -39.982219 -28.640206 -25.941048 12.493922 -17.212380 83.297180 1.183749 65.883211 41.239364 12.249522 -14.335377 -33.013443 -19.747866 28.904230 8.248734 2.312730 -4.284111 0.000000 3.054518 0.000000 21.456653 -4.781877 0.332740 0.000000 -3.464188 0.000000 -7.761249 -2.189005 2.538924 0.000000 7.747190 0.000000 2.199599 -2.753069 -7.821188 0.000000 -7.801785 0.000000
61.811993 97.685382 -49.128085 163.819278 1.032875 -0.743982 -0.358903 1.238300 1.292993 0.305969 1.408819 0.914831 1.623676 1.345080 0.744235 2.183175 1.459594 0.578115 8.858706 2.319431 -6.460193 3.396746 -8.578415 0.133589 10.773514 3.749211 9.772463 -45.179957 3.414214 -91.345289 -37.911155 21.369177 13.928514 28.660489 -39.135945 -27.585127 -26.095007 12.823771 -17.357904 83.224679 1.022411 65.556785 41.944073 12.710772 -14.533707 -33.322725 -17.567998 27.190699 7.836155 2.178280 -4.363067 0.000000 3.317766 0.000000 21.316603 -4.746234 0.139903 0.000000 -3.369525 0.000000 -8.291180 -2.462837 2.416168 0.000000 8.433186 0.000000 2.138942 -3.015319 -7.708720 0.000000 -7.872593 0.000000
61.846533 97.667865 -49.095688 164.311111 1.020442 -0.630678 -0.690854 1.310985 1.117190 0.106041 1.455459 0.810841 1.816248 1.327076 0.697896 2.529265 1.424327 0.542896 9.371964 2.443485 -6.305370 3.619237 -8.898191 0.064933 10.566487 3.772604 10.276962 -44.798867 3.267221 -91.535110 -38.314501 21.724665 14.013071 27.924609 -38.279621 -26.429407 -26.213060 13.142957 -17.513392 83.230490 0.809867 65.233578 42.628675 13.301086 -14.877432 -33.202633 -15.186555 25.492917 7.743315 2.047708 -4.404551 0.000000 3.555873 0.000000 20.794170 -4.701034 0.074795 0.000000 -3.288911 0.000000 -8.800246 -2.744127 2.330287 0.000000 9.105675 0.000000 2.001548 -3.260154 -7.639962 0.000000 -7.861279 0.000000
61.880450 97.649139 -49.064667 164.891519 0.967676 -0.462985 -0.963305 1.384550 0.913308 -0.096106 1.528860 0.684384 1.993376 1.352270 0.641623 2.797064 1.417517 0.501898 9.919086 2.536257 -6.093750 3.866455 -9.263114 -0.137417 10.366041 3.814069 10.782673 -44.375641 3.082790 -91.628458 -38.873063 21.910357 14.086007 26.994850 -37.017403 -25.270861 -26.314129 13.422017 -17.749061 83.295724 0.514062 64.894790 43.459853 13.848830 -15.083444 -33.374018 -12.623807 22.861874 7.382252 1.960740 -4.507626 0.000000 3.760369 0.000000 20.432560 -4.632439 -0.022671 0.000000 -3.079616 0.000000 -9.471254 -3.001685 2.183219 0.000000 9.833792 0.000000 1.926069 -3.566961 -7.616782 0.000000 -7.850419 0.000000
61.920844 97.630914 -49.027164 165.547737 0.900475 -0.313114 -1.010091 1.483361 0.770907 -0.136936 1.612990 0.565458 2.031613 1.307892 0.558386 2.856632 1.384387 0.421185 10.510052 2.844941 -5.799456 4.141773 -9.833051 -0.417706 10.058445 3.716937 11.309444 -44.027104 3.070563 -91.811995 -39.485018 22.176906 14.179757 26.154654 -35.841834 -23.977953 -26.438432 13.742434 -18.044018 83.463469 0.120174 64.615634 44.085940 14.428789 -15.492939 -33.024874 -10.033588 20.489357 7.240850 1.858014 -4.563241 0.000000 4.041020 0.000000 19.866043 -4.622370 -0.182199 0.000000 -3.086887 0.000000 -10.203202 -3.264676 2.053037 0.000000 10.607455 0.000000 1.752844 -3.850278 -7.473239 0.000000 -7.724956 0.000000
61.958386 97.608154 -49.006516 166.294900 0.775074 -0.133933 -1.317440 1.565443 0.582588 -0.364900 1.715667 0.447382 2.211905 1.400957 0.491724 3.123719 1.424426 0.352323 11.203241 2.875534 -5.507649 4.479732 -10.127562 -0.840511 9.870680 3.756135 11.769822 -43.617320 2.879483 -91.780359 -40.189597 22.572601 14.261074 25.336816 -34.549321 -22.800016 -26.499869 13.748668 -18.489602 83.602556 -0.431404 64.449369 44.764495 15.041465 -15.818177 -32.359911 -7.440539 17.977338 6.681377 1.834485 -4.672435 0.000000 4.226699 0.000000 19.625690 -4.573792 -0.259858 0.000000 -3.070250 0.000000 -11.266885 -3.446489 1.860309 0.000000 11.372815 0.000000 1.883938 -4.176457 -7.381530 0.000000 -7.772810 0.000000
62.005682 97.587482 -48.982190 167.020171 0.654617 -0.000450 -1.533549 1.737043 0.478489 -0.503338 1.718159 0.357861 2.322987 1.406146 0.391361 3.305924 1.567126 0.223226 11.913178 3.011089 -5.315640 4.801679 -10.666665 -1.058700 9.628381 3.643945 12.230455 -43.126856 2.874251 -91.807964 -41.068093 22.896349 14.317710 24.485349 -33.053094 -21.440049 -26.666985 13.807740 -18.922718 84.003062 -1.051869 64.038288 45.264294 15.870243 -16.063089 -31.680607 -5.123343 15.473047 6.472799 1.795613 -4.716095 0.000000 4.469717 0.000000 19.088763 -4.562400 -0.307225 0.000000 -3.066956 0.000000 -12.041000 -3.620484 1.725109 0.000000 12.095931 0.000000 1.738492 -4.448542 -7.241950 0.000000 -7.645098 0.000000
62.042126 97.561346 -48.945575 167.761198 0.603976 0.130868 -1.808722 1.735479 0.398767 -0.648475 1.799649 0.289253 2.503752 1.556346 0.301451 3.595997 1.693433 0.054254 12.612521 3.026826 -5.156216 5.132070 -11.074412 -1.410935 9.401732 3.549556 12.592103 -42.586273 2.771833 -91.710582 -41.975413 23.277698 14.439889 23.624026 -31.294763 -20.217092 -27.144943 13.832977 -19.563442 84.636998 -1.931125 63.426497 45.695081 16.384541 -16.253963 -30.710217 -2.974651 12.625964 6.384395 1.644012 -4.765055 0.000000 4.794105 0.000000 18.420251 -4.579844 -0.346322 0.000000 -3.038130 0.000000 -12.875865 -3.912871 1.589504 0.000000 12.878105 0.000000 1.702356 -4.707615 -6.982181 0.000000 -7.612998 0.000000
62.100848 97.531787 -48.908212 168.476440 0.536720 0.254028 -2.008302 1.818663 0.331569 -0.765041 1.860473 0.209071 2.699014 1.577942 0.196449 3.862906 1.902778 -0.089670 13.351469 3.032397 -4.928645 5.499291 -11.464952 -1.885890 9.149348 3.321142 12.981305 -42.071922 2.762038 -91.654951 -42.994220 23.645004 14.515674 22.594284 -29.651931 -18.990928 -27.679051 13.760760 -20.166784 85.498699 -2.683831 62.864916 46.241011 16.646031 -16.652347 -29.948454 -0.668879 9.975760 6.056595 1.509775 -4.810404 0.000000 5.076109 0.000000 18.018242 -4.597057 -0.391393 0.000000 -2.977046 0.000000 -13.514193 -4.138446 1.483526 0.000000 13.550224 0.000000 1.526090 -4.939584 -6.873607 0.000000 -7.608347 0.000000
62.158020 97.503357 -48.853305 169.241976 0.619941 0.334260 -2.199876 1.751366 0.313343 -0.826447 1.827807 0.179516 2.897678 1.814867 0.098726 4.096728 2.021379 -0.321745 14.150276 2.942923 -4.658492 5.909238 -11.710291 -2.435668 8.950535 3.034627 13.427536 -41.486247 2.697629 -91.604325 -44.050224 24.089994 14.559253 21.503596 -27.898191 -17.868065 -28.317649 13.730086 -20.706118 86.444475 -3.455260 62.138429 47.038660 16.659221 -17.038054 -28.945124 0.641915 7.834242 5.749303 1.150353 -4.825917 0.000000 5.462642 0.000000 17.569684 -4.649618 -0.446662 0.000000 -2.944950 0.000000 -14.066633 -4.550169 1.483075 0.000000 14.277977 0.000000 1.213122 -5.125822 -6.853286 0.000000 -7.704091 0.000000
62.225983 97.477478 -48.806085 170.025839 0.612723 0.400373 -2.462041 1.841095 0.398863 -0.949524 1.861233 0.126702 3.177481 1.826139 -0.049555 4.454194 2.170108 -0.579318 14.895421 2.966865 -4.613843 6.258731 -11.994727 -2.726518 8.779964 2.765404 13.814272 -40.938983 2.715376 -91.439696 -45.262957 24.411885 14.568470 20.348347 -25.872856 -16.728337 -28.762275 13.547857 -21.299045 87.255323 -4.363654 61.787366 48.120620 16.628922 -17.531566 -27.801182 1.648292 6.283841 5.522383 0.885698 -4.804143 0.000000 5.866522 0.000000 17.023713 -4.719388 -0.503576 0.000000 -2.933912 0.000000 -14.565342 -4.785251 1.478691 0.000000 14.846509 0.000000 0.852636 -5.241840 -6.842110 0.000000 -7.838316 0.000000
62.288556 97.449805 -48.743347 170.864636 0.663364 0.414402 -2.744826 1.849082 0.563084 -1.127215 1.879777 0.179950 3.316207 1.905231 -0.147082 4.626602 2.434481 -0.903756 15.871930 2.947409 -5.013411 6.642878 -12.294346 -2.695180 8.776894 2.281185 14.112108 -40.222632 2.846942 -91.442263 -46.569741 24.592356 14.649513 19.214296 -23.858738 -15.423936 -28.823288 13.257794 -22.108555 88.266969 -5.384411 61.302389 49.405235 16.580606 -17.963221 -27.022041 2.123597 4.358085 5.287752 0.471523 -4.733764 0.000000 6.414310 0.000000 16.438405 -4.837387 -0.576592 0.000000 -2.939750 0.000000 -15.017363 -5.064399 1.541905 0.000000 15.394524 0.000000 0.430845 -5.337198 -6.829121 0.000000 -7.913251 0.000000
62.366058 97.436090 -48.683829 171.750931 0.697312 0.441306 -2.697216 1.831641 0.669557 -1.083617 1.932208 0.165381 3.436837 2.007604 -0.253606 4.608501 2.549221 -1.124866 16.697293 2.899553 -4.871875 7.064007 -12.273700 -3.262631 8.559018 1.815168 14.523699 -39.199851 2.912716 -91.520079 -48.021133 24.983517 14.466234 18.186135 -22.043218 -14.512258 -28.930746 12.998270 -22.644754 88.908922 -6.326894 60.965841 50.919797 16.731597 -18.437102 -26.249913 2.317645 3.232087 4.861333 0.159241 -4.671621 0.000000 6.752189 0.000000 15.998385 -4.855961 -0.656150 0.000000 -2.917462 0.000000 -15.434136 -5.324961 1.597293 0.000000 15.938311 0.000000 -0.097185 -5.377520 -6.727424 0.000000 -7.932786 0.000000
62.443781 97.421442 -48.625751 172.716594 0.782509 0.442449 -2.810329 1.804181 0.768685 -1.095571 1.891085 0.239419 3.459141 2.186335 -0.281886 4.740624 2.663000 -1.263607 17.587470 3.056518 -5.377612 7.400840 -12.506983 -3.232670 8.568023 1.479289 14.569391 -38.438943 2.987043 -91.375468 -49.676952 25.265326 14.423983 17.458464 -20.555147 -13.586774 -28.994527 12.626735 -23.413286 89.655901 -7.471042 60.469838 52.447336 17.048757 -18.704433 -25.633773 1.923039 2.216559 4.461030 -0.233734 -4.583115 0.000000 7.132559 0.000000 15.459617 -4.884903 -0.712884 0.000000 -2.914792 0.000000 -15.965669 -5.643540 1.698445 0.000000 16.523561 0.000000 -0.604913 -5.417090 -6.741504 0.000000 -7.969721 0.000000
62.528741 97.413788 -48.556818 173.652653 0.751123 0.413686 -2.637392 1.819275 0.975508 -0.982132 2.038420 0.263470 3.501391 2.286779 -0.380578 4.576158 2.752324 -1.492698 18.366721 3.234018 -5.659741 7.718816 -12.802653 -3.311191 8.527027 1.030480 14.751419 -37.787987 3.100769 -91.288066 -51.445833 25.427943 14.546513 16.790009 -19.054505 -12.870594 -28.882627 12.244050 -24.065789 90.372691 -8.648613 60.053881 54.043913 17.371949 -19.097203 -24.581389 1.084243 1.440572 4.220568 -0.502278 -4.439148 0.000000 7.511451 0.000000 14.775817 -4.902708 -0.779972 0.000000 -2.901085 0.000000 -16.346426 -5.867361 1.797646 0.000000 17.099564 0.000000 -1.181862 -5.328742 -6.723100 0.000000 -8.155578 0.000000
62.607904 97.417078 -48.515848 174.670916 0.635805 0.379711 -2.253538 1.862830 1.162582 -0.647938 2.132105 0.331409 3.308353 2.577864 -0.456798 4.382560 2.820464 -1.687051 18.839950 3.326142 -5.916122 7.901058 -13.078175 -3.332970 8.362162 0.527308 14.989834 -37.106236 3.028296 -91.312395 -53.184009 25.656472 14.666899 16.074451 -17.755558 -12.239109 -29.225760 12.017666 -24.541149 91.386749 -9.644960 59.117349 55.670751 17.570948 -19.599574 -23.144239 -0.086339 1.079170 3.811382 -0.630315 -4.290671 0.000000 7.774075 0.000000 14.156482 -4.852493 -0.844894 0.000000 -2.887210 0.000000 -17.011842 -5.966247 1.847426 0.000000 17.689106 0.000000 -1.568751 -5.285137 -6.638820 0.000000 -8.162486 0.000000
62.742816 97.419421 -48.431161 175.619145 0.525694 0.288284 -1.879238 1.985240 1.322861 -0.350190 2.274330 0.359954 3.359428 2.617155 -0.558172 4.087123 2.986135 -1.868260 19.281130 3.494559 -5.850136 8.124739 -13.455404 -3.627925 8.237849 -0.088801 15.331529 -36.729602 3.015718 -91.399752 -54.976608 25.796396 15.072228 15.628143 -16.783805 -11.772764 -28.993728 11.433807 -25.200715 91.827712 -11.372902 58.939328 57.300681 17.607800 -19.878567 -21.767172 0.016712 0.433530 3.555935 -0.845656 -4.043539 0.000000 8.171522 0.000000 13.466496 -4.858206 -0.923501 0.000000 -2.843637 0.000000 -17.422324 -6.164201 2.008699 0.000000 18.411621 0.000000 -2.194342 -5.150554 -6.575050 0.000000 -8.238146 0.000000
62.856927 97.427295 -48.365778 176.733580 0.586753 0.228934 -1.384475 1.832081 1.506193 0.064252 2.330190 0.416134 3.231304 2.836485 -0.617020 3.690586 3.187058 -2.101424 19.682813 3.621092 -5.821522 8.332303 -13.745370 -3.949084 8.113049 -0.584141 15.643404 -36.301602 2.802971 -91.398988 -56.774208 26.115822 15.486290 15.234360 -15.980696 -11.346464 -28.960811 11.092223 -25.796552 92.243292 -13.190329 58.364816 58.995388 17.709092 -19.985171 -19.917415 -0.703198 0.066026 3.236388 -1.241733 -3.845961 0.000000 8.567384 0.000000 12.667715 -4.822628 -1.010222 0.000000 -2.826117 0.000000 -17.897148 -6.524942 2.144791 0.000000 19.149641 0.000000 -2.789660 -5.066528 -6.356340 0.000000 -8.351722 0.000000
62.969464 97.440265 -48.279089 177.916902 0.648968 0.226480 -0.832063 1.861932 1.552331 0.367681 2.358384 0.370827 3.103802 2.850460 -0.727712 3.191468 3.261751 -2.102567 20.272755 3.804129 -5.821333 8.599985 -13.979483 -4.063688 8.097549 -1.125494 16.098885 -35.677302 2.539385 -91.920100 -58.416268 26.282855 16.125111 14.635071 -14.751346 -11.061028 -28.778945 10.947183 -26.061569 92.919318 -14.526185 57.493516 60.840553 17.726916 -20.135769 -19.063254 -0.697422 -0.857200 2.544153 -1.631421 -3.716902 0.000000 8.853476 0.000000 12.167832 -4.699707 -1.158855 0.000000 -2.759847 0.000000 -18.376759 -6.966880 2.224218 0.000000 19.973267 0.000000 -3.430307 -4.948033 -6.116518 0.000000 -8.591936 0.000000
63.100824 97.469043 -48.234787 179.285341 0.509471 0.145923 -0.684770 1.905987 1.911913 0.549771 2.602768 0.292540 3.122659 2.988124 -1.154267 3.260463 3.204190 -1.875497 20.593181 4.082262 -6.060045 8.707177 -14.211879 -3.991188 7.769345 -1.624119 16.316706 -35.219181 2.374922 -92.045850 -60.206067 26.853581 16.598280 14.087259 -14.264178 -11.224111 -29.356624 11.005246 -25.945581 94.206742 -14.378749 55.881402 60.840553 17.726916 -20.135769 -19.063254 -0.697422 -0.857200 1.776950 -1.801611 -3.476720 0.000000 9.128648 0.000000 11.543672 -4.547487 -1.351919 0.000000 -2.746722 0.000000 -19.260371 -7.094420 2.269062 0.000000 20.727227 0.000000 -3.430307 -4.948033 -6.116518 0.000000 -8.591936 0.000000
63.242999 97.490686 -48.170184 -179.286862 0.323117 0.082490 -0.047096 2.123318 1.835457 1.084334 2.791101 0.371521 2.659519 2.885026 -0.662176 2.854388 3.235708 -2.072110 20.794875 4.403318 -6.299825 8.777372 -14.317915 -4.080810 7.404035 -2.137678 16.485222 -34.505976 2.258117 -92.346785 -62.105540 27.536432 16.909824 13.624990 -13.658568 -11.232918 -28.805365 10.421335 -26.406239 94.264509 -15.165657 55.571530 60.840553 17.726916 -20.135769 -19.063254 -0.697422 -0.857200 0.888662 -1.942882 -3.262184 0.000000 9.387871 0.000000 11.002818 -4.371724 -1.539073 0.000000 -2.742795 0.000000 -20.246789 -7.240040 2.254424 0.000000 21.591080 0.000000 -3.430307 -4.948033 -6.116518 0.000000 -8.591936 0.000000
63.437115 97.509900 -48.111505 -178.008967 0.345602 0.034012 0.372871 2.214575 1.865863 1.288703 2.748225 0.323561 2.784144 2.986016 -0.729208 2.610565 3.213234 -1.770969 21.081007 4.709099 -6.638311 8.857883 -14.374074 -3.984856 7.285325 -2.635681 16.609790 -34.062889 1.907559 -92.548773 -64.076584 27.800765 17.122227 13.369544 -12.489310 -10.725412 -28.267162 10.035132 -26.270066 94.698469 -15.686726 54.437847 60.840553 17.726916 -20.135769 -19.063254 -0.697422 -0.857200 0.309850 -2.260985 -3.028965 0.000000 9.622291 0.000000 10.312794 -4.204409 -1.702410 0.000000 -2.729994 0.000000 -20.889122 -7.661673 2.318673 0.000000 22.560185 0.000000 -3.430307 -4.948033 -6.116518 0.000000 -8.591936 0.000000
63.609155 97.520691 -48.040488 -176.440429 0.133649 -0.035374 0.935827 2.544066 1.724157 1.744247 2.904363 0.546098 2.438359 2.999527 -0.529338 2.329825 3.038554 -1.705406 21.117320 4.901554 -6.906144 8.846667 -14.224089 -3.978129 7.035444 -3.192643 16.834444 -33.634694 1.367196 -93.139381 -65.736774 28.169357 17.612588 13.053813 -11.265474 -10.129995 -27.633355 9.414942 -26.133343 94.750610 -16.227775 53.467938 60.840553 17.726916 -20.135769 -19.063254 -0.697422 -0.857200 -0.619819 -2.413049 -2.800335 0.000000 9.922246 0.000000 9.686993 -4.061983 -1.797008 0.000000 -2.721122 0.000000 -22.219476 -7.847852 2.217158 0.000000 23.637006 0.000000 -3.430307 -4.948033 -6.116518 0.000000 -8.591936 0.000000
63.724988 97.564783 -48.012537 -174.540647 -0.310938 -0.243144 1.135343 2.985355 2.118059 1.852707 3.076345 0.629150 2.486065 2.987843 -0.546426 1.979078 3.046432 -1.779913 21.114209 5.261953 -7.146911 8.814235 -14.354647 -3.908000 6.701108 -3.613844 17.016636 -33.135264 0.834399 -93.210509 -67.430543 28.918131 18.121080 12.805387 -10.312766 -10.562867 -25.459048 8.397961 -25.912965 94.750610 -16.227775 53.467938 60.840553 17.726916 -20.135769 -19.063254 -0.697422 -0.857200 -1.861850 -2.277794 -2.482155 0.000000 10.112495 0.000000 9.051889 -3.856328 -1.833494 0.000000 -2.689265 0.000000 -23.113357 -7.625153 2.038220 0.000000 23.637006 0.000000 -3.430307 -4.948033 -6.116518 0.000000 -8.591936 0.000000
63.906128 97.573352 -47.953333 -173.088436 -0.464267 -0.291271 1.701278 3.056621 2.153306 2.302014 3.294554 0.722110 2.099381 2.874071 -0.410492 1.608576 2.939773 -1.702279 21.199307 6.021325 -7.313409 8.844706 -14.583115 -4.043344 6.577031 -3.745027 17.041831 -32.575489 0.196889 -93.088660 -69.096623 29.865097 18.521236 12.541542 -9.524547 -10.721942 -22.739414 7.401280 -25.855134 94.750610 -16.227775 53.467938 60.840553 17.726916 -20.135769 -19.063254 -0.697422 -0.857200 -2.578072 -2.407906 -2.291363 0.000000 10.291664 0.000000 8.354687 -3.691325 -1.859561 0.000000 -2.677529 0.000000 -23.547621 -7.971231 1.829083 0.000000 23.637006 0.000000 -3.430307 -4.948033 -6.116518 0.000000 -8.591936 0.000000
64.060767 97.560059 -47.932166 -171.722730 -0.779850 -0.142919 2.430943 3.307099 2.046525 2.718646 3.374910 0.838306 1.884948 2.772651 -0.127645 1.126922 2.817482 -1.656538 21.145996 6.908772 -7.659320 8.785453 -14.650850 -3.992840 6.353938 -3.747811 16.936502 -32.033753 -0.598235 -92.874228 -70.634717 30.765414 18.836813 12.401728 -9.169046 -10.659987 -20.389340 6.568955 -26.098022 94.750610 -16.227775 53.467938 60.840553 17.726916 -20.135769 -19.063254 -0.697422 -0.857200 -3.109487 -2.226760 -2.340497 0.000000 10.232204 0.000000 7.585111 -3.468611 -1.800244 0.000000 -2.643257 0.000000 -24.023500 -8.267809 1.253219 0.000000 23.637006 0.000000 -3.430307 -4.948033 -6.116518 0.000000 -8.591936 0.000000
64.197534 97.562030 -47.952045 -170.332163 -1.111558 0.070393 2.886422 3.388225 2.109129 3.080819 3.670343 0.719932 1.863153 2.937859 -0.235909 0.974198 2.917006 -1.522017 20.975005 6.904526 -7.855442 8.687412 -14.351359 -3.868932 6.026492 -4.171467 17.212960 -31.682522 -1.695539 -92.656595 -71.941429 31.788545 19.183334 12.167536 -9.050296 -10.452538 -18.322416 5.431282 -25.813916 94.750610 -16.227775 53.467938 60.840553 17.726916 -20.135769 -19.063254 -0.697422 -0.857200 -3.793203 -1.881481 -2.483880 0.000000 9.880369 0.000000 6.964582 -3.132306 -1.738326 0.000000 -2.648949 0.000000 -24.058715 -8.538960 0.529286 0.000000 23.637006 0.000000 -3.430307 -4.948033 -6.116518 0.000000 -8.591936 0.000000
64.456091 97.550348 -47.873486 -168.892044 -0.968918 0.090536 3.558409 3.318828 2.105889 3.517594 3.602499 0.653875 1.708693 2.986300 0.014929 0.582459 3.443663 -1.607155 20.645964 6.545521 -8.023420 8.528870 -14.059165 -3.836375 5.730978 -4.790587 17.338730 -31.083090 -2.873993 -92.011547 -73.411384 32.928714 19.161827 12.120282 -9.243650 -10.236476 -16.207389 4.060619 -25.515691 94.750610 -16.227775 53.467938 60.840553 17.726916 -20.135769 -19.063254 -0.697422 -0.857200 -4.288398 -2.341020 -2.314342 0.000000 10.056321 0.000000 6.119301 -2.986745 -1.707143 0.000000 -2.688418 0.000000 -23.721695 -9.259520 0.279472 0.000000 23.637006 0.000000 -3.430307 -4.948033 -6.116518 0.000000 -8.591936 0.000000
64.676624 97.524286 -47.835101 -167.004797 -0.976974 0.162144 3.778271 3.345057 2.117703 3.770979 3.645757 0.684656 1.711361 3.266309 -0.223726 0.509019 3.463785 -1.539122 20.001606 5.920373 -7.730507 8.291097 -13.241519 -3.947984 5.409565 -5.275449 17.765285 -30.941165 -4.305581 -91.447586 -74.516811 33.870032 19.417483 11.754843 -8.520677 -10.560420 -14.611240 2.839241 -25.049450 94.750610 -16.227775 53.467938 60.840553 17.726916 -20.135769 -19.063254 -0.697422 -0.857200 -5.152900 -2.691205 -2.237487 0.000000 10.257898 0.000000 5.216116 -2.847945 -1.661099 0.000000 -2.723842 0.000000 -24.471878 -9.724072 -0.275923 0.000000 23.637006 0.000000 -3.430307 -4.948033 -6.116518 0.000000 -8.591936 0.000000
64.732184 97.566693 -47.795703 -164.122459 -1.899127 -0.166383 3.281271 4.227278 2.975976 3.717422 4.027693 1.005440 1.753634 3.330545 -0.833854 0.420957 3.526961 -1.697110 19.430069 5.519157 -7.771347 8.034106 -12.819796 -3.805899 4.991596 -6.036679 18.159294 -30.986091 -5.749273 -90.861322 -75.275295 34.520051 19.866450 11.744276 -8.682527 -10.254149 -13.219040 1.600679 -24.766086 94.750610 -16.227775 53.467938 60.840553 17.726916 -20.135769 -19.063254 -0.697422 -0.857200 -7.249220 -2.142200 -1.998076 0.000000 10.396678 0.000000 4.554207 -2.634320 -1.529886 0.000000 -2.729309 0.000000 -25.747497 -8.752890 -1.091825 0.000000 23.637006 0.000000 -3.430307 -4.948033 -6.116518 0.000000 -8.591936 0.000000
64.993774 97.583228 -47.788077 -162.499125 -2.307772 -0.201409 3.727503 4.546861 3.181512 4.057996 4.265763 1.004586 1.847736 3.525439 -0.761040 0.163535 3.770634 -2.099835 18.868935 4.927511 -7.620403 7.797581 -12.426375 -3.668346 4.674302 -6.728387 18.675729 -31.192258 -7.464350 -89.876723 -75.932335 35.012994 20.235664 11.992110 -9.364690 -9.037448 -11.714107 0.584907 -24.362583 91.139093 -19.982791 53.840653 60.840553 17.726916 -20.135769 -19.063254 -0.697422 -0.857200 -7.744734 -1.866000 -1.846476 0.000000 10.277298 0.000000 3.536414 -2.400794 -1.469289 0.000000 -2.793921 0.000000 -25.988091 -8.713631 -1.775065 0.000000 33.505349 0.000000 -3.430307 -4.948033 -6.116518 0.000000 -8.591936 0.000000
65.328918 97.565863 -47.765930 -161.038981 -2.107601 -0.173207 4.199580 4.337810 3.105661 4.465690 4.227567 1.065781 1.852871 3.765222 -0.755254 0.004675 3.891677 -1.943021 18.312424 4.660501 -7.756581 7.540141 -11.947289 -3.481108 4.374512 -7.050753 18.477889 -31.235337 -9.073175 -88.585181 -76.624937 35.610902 20.648013 12.211368 -9.604915 -8.662130 -9.638650 -6.640045 -29.799703 88.177131 -26.098441 62.081111 60.840553 17.726916 -20.135769 -19.063254 -0.697422 -0.857200 -7.746802 -2.321385 -1.618875 0.000000 10.367587 0.000000 2.201667 -2.255664 -1.382455 0.000000 -2.886509 0.000000 -25.908205 -9.178265 -2.207684 0.000000 34.626592 0.000000 -3.430307 -4.948033 -6.116518 0.000000 -8.591936 0.000000
65.689642 97.571552 -47.753598 -159.415111 -2.084927 -0.261282 4.854782 4.348693 3.050376 4.899125 4.330658 1.162723 1.713281 3.849167 -0.465250 -0.142791 3.921698 -1.931485 17.582324 4.447193 -7.790828 7.227668 -11.612196 -3.498740 4.220465 -7.291686 18.208573 -32.043886 -10.958180 -86.977620 -76.995518 35.753674 21.187693 12.297410 -9.578436 -8.094537 -8.565685 -7.401133 -29.443009 88.018189 -26.498908 60.645125 60.840553 17.726916 -20.135769 -19.063254 -0.697422 -0.857200 -8.024307 -2.610177 -1.275644 0.000000 10.461956 0.000000 0.941678 -2.095228 -1.443371 0.000000 -2.947636 0.000000 -25.665205 -9.309538 -2.567220 0.000000 35.549633 0.000000 -3.430307 -4.948033 -6.116518 0.000000 -8.591936 0.000000
66.058551 97.558337 -47.746176 -157.724539 -2.050496 -0.276569 4.824475 4.330350 3.262188 5.074806 4.512663 1.031578 1.933810 4.090265 -0.895933 0.015977 4.029021 -1.700094 16.964487 3.961448 -7.753052 6.954248 -11.402290 -3.343334 3.906472 -8.157059 18.600786 -32.358982 -12.689501 -85.975602 -77.112776 35.778661 21.689907 12.228292 -9.191226 -7.639050 -7.887504 -7.178435 -28.289489 88.701522 -26.349855 57.193105 60.840553 17.726916 -20.135769 -19.063254 -0.697422 -0.857200 -8.143459 -2.972432 -0.994240 0.000000 10.630960 0.000000 -0.531898 -1.956918 -1.525746 0.000000 -3.057062 0.000000 -25.398433 -9.410674 -3.032991 0.000000 36.474651 0.000000 -3.430307 -4.948033 -6.116518 0.000000 -8.591936 0.000000
66.466217 97.564978 -47.745120 -155.963893 -2.009717 -0.425694 5.213226 4.454044 3.264811 5.391932 4.557503 1.221324 2.026807 4.074525 -0.681967 -0.005424 4.025655 -2.043381 16.137744 3.774019 -7.559309 6.603974 -11.213253 -3.211098 3.671951 -8.402268 18.693936 -33.491159 -14.775975 -84.148592 -76.794306 35.747579 22.539758 12.402802 -9.140034 -7.225903 -7.782442 -6.977048 -26.886105 89.749264 -25.750598 53.593398 60.840553 17.726916 -20.135769 -19.063254 -0.697422 -0.857200 -8.434333 -3.343554 -0.557196 0.000000 10.789076 0.000000 -1.895541 -1.798817 -1.702992 0.000000 -3.203116 0.000000 -24.986794 -9.275246 -3.327677 0.000000 37.090836 0.000000 -3.430307 -4.948033 -6.116518 0.000000 -8.591936 0.000000
66.838232 97.569293 -47.771304 -153.803738 -2.104862 -0.571330 5.259000 4.801210 3.476214 5.442362 4.428614 1.163736 2.127676 4.124083 -0.946497 0.169565 4.035803 -1.654444 15.225620 3.745744 -7.382473 6.227852 -11.248585 -3.329775 3.714460 -8.588883 18.564571 -35.693614 -16.938888 -82.120754 -75.682409 35.205097 24.348679 12.285178 -8.216616 -6.710401 -7.534352 -6.496683 -25.677961 90.368300 -25.000217 49.870726 60.840553 17.726916 -20.135769 -19.063254 -0.697422 -0.857200 -9.039620 -3.646829 -0.173057 0.000000 11.013680 0.000000 -3.370004 -1.598207 -1.864141 0.000000 -3.339687 0.000000 -25.313170 -8.871323 -3.868544 0.000000 37.596633 0.000000 -3.430307 -4.948033 -6.116518 0.000000 -8.591936 0.000000
67.250671 97.558948 -47.793832 -151.739935 -1.667133 -0.747309 5.458101 4.453301 3.525153 5.748806 4.427594 1.229888 2.175993 4.129772 -0.646465 0.080862 4.073775 -1.812237 14.317923 3.665592 -7.364104 5.823676 -11.166324 -3.151776 3.588617 -8.369763 17.892197 -37.460818 -19.020247 -79.063425 -74.339163 35.764751 25.949956 11.852331 -8.067555 -7.572723 -7.690344 -5.364645 -23.891099 91.727458 -23.097304 44.988819 60.840553 17.726916 -20.135769 -19.063254 -0.697422 -0.857200 -9.588196 -4.546056 0.346330 0.000000 11.326891 0.000000 -4.800569 -1.439248 -1.977938 0.000000 -3.538362 0.000000 -25.216405 -8.850776 -4.029498 0.000000 37.964243 0.000000 -3.430307 -4.948033 -6.116518 0.000000 -8.591936 0.000000
67.664294 97.527679 -47.827304 -149.680202 -1.331483 -0.824699 5.620619 4.250146 3.597367 5.874809 4.410644 1.231380 2.188869 4.188421 -0.684640 0.079824 4.387060 -1.855265 13.446545 3.235675 -7.225888 5.445933 -11.262682 -3.071973 3.933841 -8.102302 17.344048 -39.871901 -21.460328 -75.419790 -73.069651 35.957605 27.256941 12.288559 -9.049853 -7.462393 -7.641284 -4.650886 -22.127499 92.839108 -21.527202 40.331183 60.840553 17.726916 -20.135769 -19.063254 -0.697422 -0.857200 -10.006431 -5.365011 0.752035 0.000000 11.635480 0.000000 -6.323693 -1.256267 -2.141774 0.000000 -3.763112 0.000000 -25.307143 -8.857995 -4.395016 0.000000 38.438936 0.000000 -3.430307 -4.948033 -6.116518 0.000000 -8.591936 0.000000
68.054901 97.508826 -47.863074 -147.459660 -1.075554 -0.928750 5.786520 4.075141 3.746968 6.002762 4.407028 1.359453 2.120842 4.252848 -0.573244 -0.277990 4.789454 -2.306635 12.741157 2.699495 -7.150816 5.128085 -11.285008 -2.876527 4.129274 -8.533391 17.608400 -41.771472 -23.564409 -72.901549 -71.805319 35.387225 28.242471 12.291185 -9.071115 -6.729306 -7.410237 -3.985020 -20.659001 93.854021 -20.136627 36.017074 60.840553 17.726916 -20.135769 -19.063254 -0.697422 -0.857200 -10.814383 -6.050911 1.141259 0.000000 11.804227 0.000000 -7.637802 -0.978799 -2.226460 0.000000 -3.939889 0.000000 -25.168723 -8.566255 -4.718754 0.000000 38.698962 0.000000 -3.430307 -4.948033 -6.116518 0.000000 -8.591936 0.000000
68.500366 97.492957 -47.932236 -145.482624 -0.752344 -1.089973 5.866811 3.958572 3.942907 6.160974 4.366936 1.299702 2.150344 4.433266 -0.599354 -0.270235 4.556818 -2.359146 11.861099 2.407353 -6.914083 4.771095 -11.056428 -2.886794 4.171402 -8.963979 17.934084 -43.417024 -25.463136 -71.032827 -70.657469 34.550857 28.908402 12.074118 -9.052562 -5.976001 -7.137358 -3.426459 -19.515817 94.276784 -18.974661 32.662828 60.840553 17.726916 -20.135769 -19.063254 -0.697422 -0.857200 -11.145142 -6.753884 1.625650 0.000000 11.923982 0.000000 -9.146959 -0.710019 -2.189855 0.000000 -4.333118 0.000000 -25.047995 -8.315502 -4.920069 0.000000 38.843802 0.000000 -3.430307 -4.948033 -6.116518 0.000000 -8.591936 0.000000
68.909875 97.491272 -48.035379 -143.413926 -0.649418 -1.277571 5.808549 3.964556 4.181873 6.173508 4.464008 1.404119 2.153996 4.399316 -0.923126 -0.238532 4.584048 -2.094942 11.203589 2.009657 -6.921121 4.489454 -10.659938 -2.820005 4.732916 -8.491119 17.169633 -46.546113 -27.278815 -66.946286 -69.410132 33.585658 29.858845 12.327169 -8.937814 -5.155845 -6.593557 -2.800253 -18.710363 94.454874 -17.825660 29.368491 60.840553 17.726916 -20.135769 -19.063254 -0.697422 -0.857200 -11.711593 -7.162568 2.070023 0.000000 11.966194 0.000000 -10.610163 -0.420834 -2.192912 0.000000 -4.174449 0.000000 -25.372364 -7.692073 -5.188917 0.000000 38.864298 0.000000 -3.430307 -4.948033 -6.116518 0.000000 -8.591936 0.000000
69.322223 97.497449 -48.153915 -141.530470 -0.508620 -1.424387 5.837809 3.965437 4.326183 6.240494 4.428340 1.429611 2.192775 4.461068 -1.048587 -0.222482 4.692804 -1.973605 10.436353 1.749092 -6.783589 4.177649 -10.670817 -2.956681 5.364937 -7.853221 16.289330 -50.236445 -28.847628 -62.112326 -67.968410 32.604388 30.818236 12.655714 -9.205048 -4.652509 -5.910426 -2.739892 -18.135158 94.193240 -17.071744 26.995664 60.840553 17.726916 -20.135769 -19.063254 -0.697422 -0.857200 -12.227513 -7.549333 2.495180 0.000000 11.898955 0.000000 -11.740370 -0.124594 -2.417504 0.000000 -4.325138 0.000000 -25.140393 -7.118351 -5.409136 0.000000 38.718377 0.000000 -3.430307 -4.948033 -6.116518 0.000000 -8.591936 0.000000
69.716608 97.498651 -48.255743 -139.671160 -0.332365 -1.546594 5.904565 3.998055 4.525957 6.321059 4.338045 1.461071 2.190898 4.536353 -1.071999 -0.312549 4.744110 -2.019966 9.717718 1.510136 -6.839280 3.850834 -10.727940 -2.855233 5.548171 -8.071695 16.260651 -52.835153 -29.958154 -59.188952 -66.643515 31.262836 31.942041 12.105541 -8.234227 -4.890234 -5.434319 -2.497857 -17.682555 94.060545 -16.370432 24.463181 60.840553 17.726916 -20.135769 -19.063254 -0.697422 -0.857200 -12.759487 -7.983672 2.889804 0.000000 11.811276 0.000000 -12.736972 0.175963 -2.597675 0.000000 -4.499712 0.000000 -25.061179 -6.596388 -5.613149 0.000000 38.675595 0.000000 -3.430307 -4.948033 -6.116518 0.000000 -8.591936 0.000000
70.120502 97.496014 -48.362982 -137.962529 -0.096427 -1.610924 5.992779 3.887274 4.589547 6.420286 4.312306 1.550785 2.153557 4.639136 -1.021108 -0.436321 4.900311 -2.142088 9.194012 1.343195 -6.863112 3.614590 -11.018159 -2.874251 5.778830 -8.413318 16.329290 -55.359226 -31.024604 -56.369274 -65.074300 29.937039 33.054026 11.726386 -8.095805 -4.286967 -4.853037 -2.253281 -17.283094 94.351295 -16.441928 21.685287 60.840553 17.726916 -20.135769 -19.063254 -0.697422 -0.857200 -13.188850 -8.439113 3.233352 0.000000 11.623656 0.000000 -13.535243 0.551898 -2.880694 0.000000 -4.700513 0.000000 -24.541996 -6.085340 -5.823697 0.000000 38.370838 0.000000 -3.430307 -4.948033 -6.116518 0.000000 -8.591936 0.000000
70.496802 97.498114 -48.494467 -136.330908 0.025819 -1.647474 6.095750 3.886103 4.599672 6.475722 4.230980 1.569321 2.077705 4.615038 -1.006391 -0.435985 4.988807 -1.854916 8.668917 1.574393 -7.070768 3.357179 -11.438978 -2.888138 6.320666 -7.630376 15.230623 -59.569349 -31.236983 -51.219089 -63.244186 28.445546 34.600856 11.586878 -8.014019 -4.598746 -4.046282 -1.950342 -17.215415 93.559661 -15.197010 19.753085 60.840553 17.726916 -20.135769 -19.063254 -0.697422 -0.857200 -13.468238 -8.739953 3.490095 0.000000 11.383077 0.000000 -14.206925 0.911738 -3.039817 0.000000 -4.896631 0.000000 -24.345285 -5.415949 -6.156910 0.000000 37.856969 0.000000 -3.430307 -4.948033 -6.116518 0.000000 -8.591936 0.000000
70.867328 97.507898 -48.632635 -134.822984 0.096767 -1.747394 6.076171 3.815885 4.760495 6.532016 4.341509 1.622331 2.136182 4.682014 -1.183736 -0.329048 4.953350 -1.690610 8.068005 1.396877 -7.004402 3.114664 -11.283553 -2.984925 6.630575 -6.811353 14.253742 -63.294337 -31.187069 -46.084525 -61.967928 26.742810 35.438731 11.810883 -8.226384 -4.296444 -3.429696 -1.716467 -17.022124 93.204801 -14.533718 17.770448 60.840553 17.726916 -20.135769 -19.063254 -0.697422 -0.857200 -13.642815 -8.900212 3.779545 0.000000 11.001235 0.000000 -14.776679 1.399039 -3.231821 0.000000 -5.031863 0.000000 -24.007897 -4.690053 -6.348291 0.000000 37.362680 0.000000 -3.430307 -4.948033 -6.116518 0.000000 -8.591936 0.000000
71.239368 97.507227 -48.778680 -133.428696 0.114479 -1.789131 6.196691 3.967569 4.760112 6.666068 4.242923 1.710157 2.093925 4.698983 -1.051515 -0.421202 4.960813 -1.857063 7.663641 1.226736 -7.016275 2.929573 -11.165226 -2.855900 6.764622 -7.044496 14.478518 -65.588369 -31.405350 -43.516969 -60.396588 25.269395 36.461266 11.256878 -8.171403 -4.211557 -2.862928 -1.503316 -16.784500 93.315760 -14.603468 15.737755 60.840553 17.726916 -20.135769 -19.063254 -0.697422 -0.857200 -13.701001 -9.001414 3.965189 0.000000 10.605859 0.000000 -15.074337 1.863126 -3.152217 0.000000 -5.138977 0.000000 -23.531521 -3.899208 -6.591702 0.000000 36.693617 0.000000 -3.430307 -4.948033 -6.116518 0.000000 -8.591936 0.000000
71.586359 97.505371 -48.924649 -132.123580 0.097523 -1.760760 5.890631 4.043011 5.022580 6.332096 4.595740 1.577980 2.471017 4.616460 -1.559718 0.058317 4.978631 -1.668484 7.195352 0.585348 -7.009929 2.728850 -10.598630 -2.695724 6.841254 -7.409753 14.759160 -67.612485 -31.821254 -41.077516 -59.289959 23.606118 36.917155 10.654253 -7.805474 -3.742085 -2.541044 -1.645879 -16.619149 93.426159 -14.449802 14.066787 60.840553 17.726916 -20.135769 -19.063254 -0.697422 -0.857200 -13.747584 -9.067381 4.068825 0.000000 10.177965 0.000000 -15.098862 2.350633 -3.351439 0.000000 -5.239800 0.000000 -22.841749 -3.104752 -6.883181 0.000000 36.059588 0.000000 -3.430307 -4.948033 -6.116518 0.000000 -8.591936 0.000000
71.913971 97.508838 -49.070288 -130.905074 0.146370 -1.761700 6.085022 4.148787 4.828523 6.637695 4.165329 1.694377 2.336125 4.945189 -1.237846 -0.093480 5.279533 -1.621822 6.691765 0.040733 -6.945616 2.550166 -10.343563 -2.993972 7.244236 -6.876320 13.742908 -71.285752 -30.875682 -36.231210 -57.699065 21.835982 37.810252 11.689008 -8.983523 -3.208703 -2.051528 -1.900592 -16.720032 92.999950 -14.100952 12.690669 60.840553 17.726916 -20.135769 -19.063254 -0.697422 -0.857200 -13.712430 -9.181230 4.198907 0.000000 9.754208 0.000000 -14.926081 2.757174 -3.527182 0.000000 -5.222359 0.000000 -22.135907 -2.333349 -7.090991 0.000000 35.296180 0.000000 -3.430307 -4.948033 -6.116518 0.000000 -8.591936 0.000000
72.230725 97.514087 -49.225363 -129.783635 0.227034 -1.695617 6.154926 3.970604 4.738313 6.761804 4.052702 1.694931 2.210351 5.017342 -1.096786 -0.203516 5.661981 -1.385124 6.320696 0.221104 -7.205752 2.357306 -10.864108 -3.075414 7.504445 -6.156800 12.635095 -73.988901 -29.808297 -31.769446 -56.099279 20.272917 38.450687 12.186635 -9.701367 -3.064249 -1.389105 -2.015699 -17.217020 92.891272 -14.235616 11.308874 60.840553 17.726916 -20.135769 -19.063254 -0.697422 -0.857200 -13.667376 -9.282167 4.270182 0.000000 9.220455 0.000000 -14.557097 3.326333 -3.731220 0.000000 -5.348706 0.000000 -21.539185 -1.580259 -7.404337 0.000000 34.397727 0.000000 -3.430307 -4.948033 -6.116518 0.000000 -8.591936 0.000000
72.552045 97.501550 -49.362726 -128.736647 0.231704 -1.686474 6.167929 3.710311 4.764616 6.875887 4.191679 1.778373 2.103395 5.234236 -1.003239 -0.294749 5.829025 -1.251184 5.943015 -0.132715 -7.724626 2.117137 -10.584643 -2.675623 7.661851 -6.319100 12.605337 -75.457927 -29.888256 -29.441060 -54.870492 18.569634 38.546174 12.357284 -9.403514 -3.557263 -0.632642 -2.231824 -17.815643 93.804353 -15.934069 9.542136 60.840553 17.726916 -20.135769 -19.063254 -0.697422 -0.857200 -13.501119 -9.311990 4.352183 0.000000 8.729230 0.000000 -14.148992 3.782915 -3.767144 0.000000 -5.115004 0.000000 -20.766249 -0.789500 -7.581781 0.000000 33.570785 0.000000 -3.430307 -4.948033 -6.116518 0.000000 -8.591936 0.000000
72.855829 97.488513 -49.502386 -127.773998 0.253507 -1.641055 6.422034 3.624327 4.563353 7.224005 4.182577 1.922031 1.849297 5.227360 -0.498901 -0.669885 5.937976 -1.400402 5.597341 -0.190793 -8.050954 1.918223 -10.595806 -2.484724 7.947404 -6.518222 12.538970 -76.817778 -29.836728 -27.401018 -53.852433 16.929236 38.335267 12.105768 -9.152614 -4.359579 -0.089954 -2.468988 -18.264708 93.978049 -16.280036 8.536959 60.840553 17.726916 -20.135769 -19.063254 -0.697422 -0.857200 -13.119219 -9.370577 4.374950 0.000000 8.222648 0.000000 -13.702976 4.318949 -3.812834 0.000000 -5.279665 0.000000 -19.758834 0.006619 -7.747857 0.000000 32.628914 0.000000 -3.430307 -4.948033 -6.116518 0.000000 -8.591936 0.000000
73.166785 97.482385 -49.642798 -126.804712 0.246044 -1.655649 6.747190 3.525377 4.475328 7.595735 4.321289 1.969272 1.622190 5.242047 -0.216303 -0.964116 5.638767 -1.121586 5.170920 -0.055325 -8.179654 1.735680 -10.537112 -2.599536 8.083514 -5.823664 11.620826 -78.980111 -28.537978 -24.043010 -52.388875 15.208546 38.451187 11.855482 -9.699535 -4.973386 0.277148 -2.502061 -18.547721 94.029340 -16.626492 7.430107 60.840553 17.726916 -20.135769 -19.063254 -0.697422 -0.857200 -12.915526 -9.382939 4.490399 0.000000 7.722992 0.000000 -13.075905 4.781679 -4.047454 0.000000 -5.225534 0.000000 -19.041170 0.859561 -7.842531 0.000000 31.477943 0.000000 -3.430307 -4.948033 -6.116518 0.000000 -8.591936 0.000000
73.477069 97.465405 -49.775479 -125.909525 0.257077 -1.624824 7.020530 3.571107 4.384979 7.831631 4.275571 2.006733 1.550697 5.134300 -0.065830 -1.057614 5.477843 -0.945202 4.816625 0.679600 -7.238501 1.787296 -11.435249 -4.181091 7.917585 -5.308872 11.038606 -80.610172 -27.433496 -21.200564 -51.425721 13.290765 38.028572 11.635836 -10.067137 -5.043895 0.287694 -2.610071 -18.786103 94.107441 -16.932362 6.769845 60.840553 17.726916 -20.135769 -19.063254 -0.697422 -0.857200 -12.568359 -9.447200 4.530801 0.000000 7.242437 0.000000 -12.504349 5.332283 -4.032269 0.000000 -5.310746 0.000000 -18.467736 1.728922 -8.055470 0.000000 30.168109 0.000000 -3.430307 -4.948033 -6.116518 0.000000 -8.591936 0.000000
73.796082 97.424426 -49.899258 -125.044159 0.221770 -1.608423 7.121131 3.681314 4.373788 7.920954 4.414098 2.096385 1.538614 5.088392 0.013101 -1.116901 5.058174 -1.018332 4.543811 0.504682 -7.102657 1.704741 -10.977209 -4.304998 7.836961 -5.658041 11.339809 -81.234615 -27.513352 -20.071458 -50.935504 11.663029 37.121783 10.988415 -10.242025 -4.708957 0.225815 -2.744052 -18.884261 94.538103 -17.102049 6.115182 60.840553 17.726916 -20.135769 -19.063254 -0.697422 -0.857200 -12.143477 -9.519027 4.590743 0.000000 6.869423 0.000000 -12.000064 5.713992 -4.199969 0.000000 -5.389418 0.000000 -17.633992 2.595707 -8.160299 0.000000 28.914051 0.000000 -3.430307 -4.948033 -6.116518 0.000000 -8.591936 0.000000
74.115723 97.390326 -50.013947 -124.248702 0.212647 -1.593816 7.326901 3.742087 4.357641 8.057442 4.359761 2.146746 1.369423 5.008335 0.061705 -1.266777 5.034465 -0.762148 4.387868 0.435599 -7.203876 1.645065 -10.718547 -4.425831 7.876022 -5.728607 11.186696 -82.111136 -27.289448 -18.365603 -50.439343 9.773898 36.197140 10.390150 -10.303703 -4.062533 0.346373 -2.974548 -19.177129 94.795353 -17.267732 5.427974 60.840553 17.726916 -20.135769 -19.063254 -0.697422 -0.857200 -11.715041 -9.629606 4.658350 0.000000 6.527448 0.000000 -11.366142 6.131332 -4.333821 0.000000 -5.418377 0.000000 -16.538429 3.423261 -8.239589 0.000000 27.681486 0.000000 -3.430307 -4.948033 -6.116518 0.000000 -8.591936 0.000000
74.422534 97.365265 -50.110056 -123.513084 0.206787 -1.607292 7.526470 3.714110 4.368362 8.188938 4.274214 2.230012 1.128087 4.968643 0.207518 -1.503968 5.111485 -0.493123 4.378525 0.537696 -7.510532 1.621735 -10.707436 -4.525917 7.875702 -5.257272 10.350781 -83.099253 -26.072184 -15.822310 -49.768557 7.945769 35.669265 9.957671 -10.750068 -3.433270 0.851428 -3.266495 -19.714758 94.831007 -17.596065 4.790124 60.840553 17.726916 -20.135769 -19.063254 -0.697422 -0.857200 -11.246254 -9.736289 4.732691 0.000000 6.150277 0.000000 -10.669581 6.588008 -4.478265 0.000000 -5.570627 0.000000 -15.045791 4.240482 -8.277830 0.000000 26.803135 0.000000 -3.430307 -4.948033 -6.116518 0.000000 -8.591936 0.000000
74.735522 97.309320 -50.204846 -122.762589 0.208864 -1.531397 7.621567 3.745763 4.289203 8.221922 4.249570 2.229712 1.156881 4.901491 0.332779 -1.458307 5.048972 -0.329550 4.076659 0.824934 -7.257271 1.546677 -11.079489 -5.018084 7.631615 -4.930970 9.895961 -84.186162 -24.990447 -13.595288 -49.056468 6.030004 35.200881 9.373263 -10.573849 -2.861078 0.789209 -3.529172 -19.845458 94.868685 -17.680998 4.055962 60.840553 17.726916 -20.135769 -19.063254 -0.697422 -0.857200 -10.786609 -9.892174 4.718512 0.000000 5.811824 0.000000 -9.955065 7.055007 -4.569998 0.000000 -5.724240 0.000000 -14.220888 5.017561 -8.457073 0.000000 25.941507 0.000000 -3.430307 -4.948033 -6.116518 0.000000 -8.591936 0.000000
75.052826 97.266003 -50.297501 -122.048107 0.254300 -1.570111 7.675302 3.656558 4.367467 8.173670 4.221108 2.353431 1.042783 4.903319 0.357966 -1.563857 4.927054 -0.410543 3.943348 1.281880 -7.051763 1.516891 -11.765031 -5.310167 7.537034 -4.981930 9.964292 -84.561557 -24.720481 -12.328169 -48.569248 4.627549 34.592986 9.000602 -10.431762 -2.388926 1.017040 -3.799176 -20.029682 95.105987 -17.950335 3.543324 60.840553 17.726916 -20.135769 -19.063254 -0.697422 -0.857200 -10.208625 -10.151082 4.831212 0.000000 5.626447 0.000000 -9.447722 7.398833 -4.774353 0.000000 -5.705939 0.000000 -13.332461 5.663996 -8.374204 0.000000 25.160792 0.000000 -3.430307 -4.948033 -6.116518 0.000000 -8.591936 0.000000
75.370135 97.217474 -50.389706 -121.393601 0.195489 -1.622466 7.711476 3.689004 4.499370 8.123208 4.221893 2.437925 0.946353 4.886085 0.405766 -1.680954 4.904839 -0.462887 3.861675 1.130903 -6.922760 1.524049 -11.563145 -5.579998 7.382578 -5.024763 9.883948 -84.881120 -24.215149 -10.953146 -47.953827 3.362553 34.254109 8.655315 -10.456786 -1.990804 1.175807 -4.094717 -20.220046 95.458958 -18.092164 2.835431 60.840553 17.726916 -20.135769 -19.063254 -0.697422 -0.857200 -9.528613 -10.308574 4.918627 0.000000 5.428397 0.000000 -8.963804 7.787488 -4.923790 0.000000 -5.918402 0.000000 -12.702015 6.305857 -8.327310 0.000000 24.464171 0.000000 -3.430307 -4.948033 -6.116518 0.000000 -8.591936 0.000000
75.703375 97.163861 -50.486563 -120.724219 0.205031 -1.665333 7.726871 3.718560 4.548925 8.030193 4.162373 2.460418 1.004289 4.836927 0.401862 -1.580901 4.635890 -0.444008 3.633297 1.353692 -6.505627 1.486711 -11.585350 -5.887204 6.962857 -4.798366 9.789880 -85.486601 -23.474460 -9.497627 -47.064140 2.130308 34.120511 8.262695 -10.259052 -2.036508 0.893809 -4.075177 -20.061637 95.676496 -18.056445 2.058880 60.840553 17.726916 -20.135769 -19.063254 -0.697422 -0.857200 -8.815173 -10.605268 5.009406 0.000000 5.342928 0.000000 -8.543572 8.097600 -5.078955 0.000000 -6.012642 0.000000 -12.646081 6.918572 -8.379685 0.000000 23.715805 0.000000 -3.430307 -4.948033 -6.116518 0.000000 -8.591936 0.000000
76.042725 97.116980 -50.573587 -120.202960 0.205485 -1.786492 7.768698 3.738789 4.691864 7.973959 4.069113 2.566347 0.852395 4.669170 0.423883 -1.741017 4.680428 -0.542684 3.678496 1.533608 -6.245874 1.551255 -11.683570 -6.164888 6.869490 -4.569257 9.634026 -85.755999 -22.878166 -8.079990 -46.390932 1.125776 33.885761 8.102197 -10.320653 -1.767039 1.138577 -4.167268 -20.097862 96.041175 -18.129507 1.234153 60.840553 17.726916 -20.135769 -19.063254 -0.697422 -0.857200 -7.890841 -10.918204 5.165453 0.000000 5.330900 0.000000 -8.185046 8.265059 -5.280834 0.000000 -6.069407 0.000000 -12.332442 7.354007 -8.251484 0.000000 23.296577 0.000000 -3.430307 -4.948033 -6.116518 0.000000 -8.591936 0.000000
76.371442 97.060529 -50.654788 -119.655878 0.116029 -1.800872 7.671734 3.811310 4.749270 7.840505 4.123475 2.625021 0.789297 4.627013 0.452697 -1.835782 4.458885 -0.671246 3.779548 1.633873 -5.908866 1.652172 -11.627680 -6.480871 6.606798 -4.719221 9.669533 -85.622698 -22.227314 -7.350239 -45.722451 0.589991 33.941970 8.260204 -10.821253 -1.872489 1.619667 -4.336961 -20.218033 96.191681 -18.292911 0.083740 27.435692 16.178111 -34.718622 3.721081 -35.371730 -9.105228 -7.099780 -11.148096 5.213226 0.000000 5.308197 0.000000 -7.572464 8.508437 -5.618528 0.000000 -6.199149 0.000000 -12.467095 7.832635 -8.396651 0.000000 22.954734 0.000000 -15.025556 9.091088 3.263790 0.000000 -13.914292 0.000000
76.694775 97.010071 -50.733826 -119.226209 0.026367 -1.814791 7.589129 3.843667 4.824639 7.697363 4.124433 2.630679 0.743210 4.512337 0.485296 -1.863165 4.436816 -0.652975 3.870967 1.751608 -5.623953 1.743953 -11.428482 -6.841930 6.482841 -4.598789 9.528160 -85.858131 -21.768908 -6.311029 -44.944485 -0.271423 33.877552 8.029824 -11.141293 -1.912363 2.224076 -4.384618 -20.332804 96.458452 -18.556418 -0.946776 26.974875 15.454079 -34.150466 6.564071 -19.813466 0.994333 -6.035547 -11.414420 5.221721 0.000000 5.357134 0.000000 -6.975290 8.662775 -5.951002 0.000000 -6.206459 0.000000 -12.828056 8.214569 -8.573438 0.000000 22.641539 0.000000 -13.864818 8.751968 4.232992 0.000000 -14.181611 0.000000
77.026978 96.965625 -50.812335 -118.898049 -0.009693 -1.867607 7.466341 3.769104 4.931094 7.528234 4.008630 2.659889 0.592978 4.429137 0.475551 -1.894030 4.642172 -0.498203 4.072850 2.108922 -5.594057 1.848080 -11.656652 -7.116459 6.564429 -4.186282 9.224773 -86.173590 -21.428418 -4.912039 -44.412623 -1.591288 33.698452 7.959849 -11.186870 -1.992403 2.957420 -4.448255 -20.788274 96.566570 -18.792910 -1.776889 26.256256 15.132866 -33.489827 6.526860 -19.635082 1.318872 -4.858388 -11.751411 5.260915 0.000000 5.447922 0.000000 -6.254231 8.834012 -6.122115 0.000000 -6.233877 0.000000 -13.173182 8.428606 -8.700024 0.000000 22.343214 0.000000 -12.653903 8.547423 4.952513 0.000000 -14.943691 0.000000
77.336743 96.913269 -50.882767 -118.673060 -0.096329 -1.827498 7.399812 3.747086 4.951092 7.450023 3.945170 2.662224 0.649416 4.403194 0.598588 -1.917254 4.553309 -0.598560 4.065873 2.459648 -5.295313 1.877548 -11.631112 -7.357264 6.429828 -3.819885 9.228271 -86.453510 -21.135340 -3.919527 -43.911349 -2.597253 33.565146 7.708290 -11.775889 -1.900634 3.271327 -4.467809 -20.894176 96.753829 -18.660960 -2.524275 25.309455 14.783876 -33.031025 6.690802 -19.591198 1.818973 -3.688890 -11.986872 5.221313 0.000000 5.482155 0.000000 -5.299802 8.979131 -6.507803 0.000000 -6.078666 0.000000 -14.389321 8.602048 -9.248787 0.000000 22.016336 0.000000 -10.580198 7.974693 5.729250 0.000000 -14.901203 0.000000
77.672449 96.877350 -50.941232 -118.627799 -0.157524 -1.871651 7.352095 3.717979 5.106555 7.345062 4.023021 2.720000 0.771066 4.457702 0.522635 -1.792124 4.348784 -0.871441 3.992017 2.401766 -4.702049 1.912051 -11.294863 -7.594639 6.137727 -3.829011 9.459364 -86.544164 -20.860377 -3.231600 -43.512007 -3.559798 33.465787 7.604122 -12.303423 -2.254598 3.623415 -4.688833 -20.725846 97.113574 -18.723183 -3.586302 26.272299 12.792771 -31.833182 5.061843 -18.242945 2.174540 -2.377707 -12.295815 5.261358 0.000000 5.603007 0.000000 -4.294649 9.198110 -6.682142 0.000000 -6.213012 0.000000 -14.829647 8.593967 -9.472495 0.000000 21.976688 0.000000 -9.119513 7.680332 5.975339 0.000000 -15.069600 0.000000
77.992609 96.850830 -50.980383 -118.727143 -0.201838 -1.925024 7.377010 3.732383 5.319983 7.281875 3.963875 2.787017 0.740650 4.345148 0.441995 -1.780800 4.287378 -1.005839 4.119989 2.599081 -4.470012 1.979671 -11.110804 -7.680177 5.990425 -3.953246 9.447968 -86.420214 -20.679004 -2.946997 -43.246575 -4.441966 33.339632 7.650373 -12.962085 -2.359861 4.245125 -4.777622 -20.808922 97.554380 -18.885034 -4.634409 26.870670 10.825199 -30.629250 3.665863 -16.892719 2.430229 -1.108130 -12.566691 5.340576 0.000000 5.657711 0.000000 -3.120790 9.558385 -7.039118 0.000000 -6.384247 0.000000 -15.473838 8.478385 -9.762517 0.000000 21.898011 0.000000 -7.117706 7.280342 5.259304 0.000000 -15.696597 0.000000
78.313287 96.808044 -50.997452 -119.109549 -0.222505 -1.842269 7.483842 3.742699 5.428130 7.338937 3.925542 2.799846 0.775061 4.232083 0.338632 -1.705966 4.108531 -1.112051 4.211320 2.954816 -4.192899 2.023348 -10.900358 -7.751274 5.775576 -3.624484 9.445403 -86.359074 -20.285916 -2.372919 -42.997203 -5.299197 33.431738 7.829821 -13.699485 -2.638200 4.704139 -4.744024 -20.845543 97.946629 -18.814164 -5.701779 27.226592 8.915189 -29.444294 2.379066 -15.857413 2.643774 0.477937 -12.884606 5.237473 0.000000 5.800417 0.000000 -1.815331 9.714904 -7.265901 0.000000 -6.156851 0.000000 -15.547310 8.181317 -10.113718 0.000000 22.062144 0.000000 -5.501107 6.916182 5.002997 0.000000 -16.311766 0.000000
78.616534 96.776233 -51.008017 -119.665657 -0.208750 -1.674985 7.558523 3.732136 5.475680 7.368097 3.861583 2.734304 0.894254 4.143859 0.257937 -1.580423 4.052341 -1.301504 4.299148 3.230821 -3.776627 2.092236 -10.879510 -7.914088 5.565159 -3.269554 9.409002 -86.123827 -19.757625 -1.740603 -42.746174 -5.789043 33.488223 7.810810 -14.366213 -2.961399 5.106192 -4.823823 -20.729460 98.457967 -18.713654 -6.808628 27.455535 6.972364 -28.193285 1.171845 -15.049011 2.989600 2.125440 -13.178349 5.051224 0.000000 5.895909 0.000000 -0.405403 10.002609 -7.511833 0.000000 -5.854958 0.000000 -15.813381 7.715111 -10.648454 0.000000 22.344362 0.000000 -3.624495 6.354801 4.834712 0.000000 -16.219370 0.000000
78.914685 96.742072 -50.988742 -120.427799 -0.160362 -1.432616 7.631338 3.709277 5.472627 7.439366 3.830296 2.687522 0.963768 4.077640 0.139145 -1.436969 3.968788 -1.349132 4.663937 3.313601 -3.643417 2.243957 -10.427788 -7.990930 5.414127 -3.168439 9.428589 -85.617579 -19.470350 -1.665753 -42.828995 -6.228410 33.839923 8.107267 -14.824262 -3.315696 5.538648 -5.116689 -20.864313 98.933765 -18.504371 -7.640121 27.468951 5.385920 -26.700964 0.445649 -15.331337 3.038307 3.982015 -13.531692 4.757634 0.000000 6.096453 0.000000 1.003511 10.317105 -7.765484 0.000000 -5.550927 0.000000 -15.532360 7.152303 -11.095330 0.000000 22.665775 0.000000 -2.352526 5.925653 4.569994 0.000000 -16.850958 0.000000
79.215631 96.694745 -50.971292 -121.321826 -0.110935 -1.110328 7.684792 3.635325 5.417542 7.499043 3.821754 2.574328 1.157458 4.039650 0.083237 -1.274228 4.014136 -1.582963 4.910273 3.455867 -3.265481 2.376111 -10.153584 -8.250305 5.116717 -3.090154 9.746477 -84.868287 -19.351488 -1.626142 -42.971872 -6.535395 34.214985 8.336456 -15.199510 -3.815656 5.926996 -5.378806 -20.949584 99.400525 -18.433702 -8.584550 27.401021 3.716441 -25.282087 -0.818151 -14.879978 3.142133 5.875832 -13.868635 4.393637 0.000000 6.338015 0.000000 2.457197 10.681817 -7.902086 0.000000 -5.095250 0.000000 -15.723704 6.471222 -11.788960 0.000000 23.047407 0.000000 -0.641406 5.148441 4.554760 0.000000 -16.961191 0.000000
79.493665 96.647681 -50.936093 -122.392440 0.007557 -0.784372 7.763978 3.540045 5.363086 7.591037 3.710706 2.475813 1.288918 4.008394 -0.028041 -1.152493 4.082978 -1.739653 5.273020 3.627901 -3.020720 2.534767 -9.799617 -8.430882 4.865798 -3.055554 10.113755 -83.747991 -19.055237 -2.084022 -43.346507 -6.530104 35.278463 8.731959 -15.213936 -5.097247 6.245918 -5.571306 -21.097961 100.051548 -18.174969 -9.461429 27.120885 2.125135 -24.079089 -1.238750 -15.563932 3.476627 7.935388 -14.287269 3.979987 0.000000 6.707529 0.000000 3.926602 11.061777 -7.828555 0.000000 -4.651631 0.000000 -15.287603 5.803895 -12.251828 0.000000 23.366837 0.000000 0.299385 4.435518 4.290115 0.000000 -17.038845 0.000000
79.762177 96.605579 -50.892062 -123.557777 0.084704 -0.496425 7.849625 3.416608 5.364124 7.689945 3.698406 2.425431 1.461832 4.030393 -0.093183 -1.083072 4.063734 -2.057958 5.733599 3.679802 -2.698078 2.737512 -9.222150 -8.700900 4.566023 -2.982340 10.617327 -82.299095 -18.313769 -2.745186 -44.032818 -6.627073 36.783175 9.161075 -14.890285 -6.176373 6.299839 -5.774602 -21.071117 101.113001 -17.884494 -10.292880 26.844488 -0.231453 -22.813274 -0.983563 -15.715124 3.629036 9.995378 -14.677484 3.638284 0.000000 7.168952 0.000000 5.225645 11.416854 -8.030885 0.000000 -3.986249 0.000000 -14.860943 5.134108 -12.693594 0.000000 23.671770 0.000000 1.165984 3.925296 4.051394 0.000000 -17.271013 0.000000
80.029486 96.548285 -50.846051 -124.813200 0.161472 -0.230420 7.925327 3.358081 5.333717 7.768256 3.628097 2.382421 1.581846 3.980483 -0.166585 -0.996937 4.203549 -2.187581 6.413768 3.949326 -2.496070 3.037157 -9.030612 -9.098055 4.407200 -2.811506 10.987521 -80.701862 -17.360592 -3.460050 -44.848844 -6.665310 38.733504 8.927672 -13.924092 -7.636044 6.194478 -6.030786 -21.090421 102.359093 -17.502559 -11.192515 26.422388 -1.905548 -21.658175 -0.624821 -16.684182 3.558898 12.050243 -15.097364 3.320712 0.000000 7.734574 0.000000 6.346224 11.712166 -8.006883 0.000000 -3.545708 0.000000 -13.978296 4.592630 -12.964924 0.000000 23.978017 0.000000 1.487545 3.204958 4.007840 0.000000 -17.383866 0.000000
80.293634 96.508759 -50.803067 -126.113427 0.273376 -0.094960 7.829276 3.137371 5.431197 7.691472 3.527503 2.413407 1.799345 3.980044 -0.173231 -0.878451 4.578039 -2.549905 7.217227 4.396198 -2.314264 3.392089 -9.047222 -9.615297 4.025900 -2.668296 11.464049 -78.415078 -16.206683 -4.563526 -45.853326 -6.214088 41.244569 8.540646 -12.949763 -9.133758 6.104775 -5.974179 -21.015011 103.797813 -17.114427 -12.349928 26.336406 -3.879705 -20.921779 -0.694369 -17.354607 3.126757 13.928625 -15.642542 3.190939 0.000000 8.477829 0.000000 7.094495 12.001810 -8.249673 0.000000 -3.161857 0.000000 -12.705630 4.106552 -12.951002 0.000000 24.226841 0.000000 1.407056 2.636030 3.720569 0.000000 -17.917674 0.000000
80.545844 96.424707 -50.781073 -127.411396 0.355703 0.207502 7.578884 3.121695 5.240238 7.474672 3.431407 2.307676 2.094413 3.928511 -0.139876 -0.601272 4.585231 -2.614770 8.137335 4.831649 -2.038330 3.786541 -8.751964 -10.367621 4.086463 -2.289518 11.725611 -76.384557 -15.169967 -5.821471 -46.964201 -5.544443 43.702070 8.269725 -10.930646 -10.712771 5.630563 -5.873202 -20.741965 105.139529 -16.179712 -13.000253 27.005098 -5.831894 -20.159843 0.672247 -18.059895 0.537562 15.690596 -16.141743 2.937193 0.000000 9.326482 0.000000 7.429977 12.246678 -8.640023 0.000000 -3.116899 0.000000 -12.193458 3.635427 -13.387636 0.000000 24.253549 0.000000 1.985277 1.965392 3.830530 0.000000 -17.766666 0.000000
80.786505 96.326520 -50.764844 -128.683478 0.423905 0.394275 7.208089 3.107950 5.035029 7.183849 3.362767 2.286058 2.302924 3.809601 -0.114858 -0.298122 4.625158 -2.502189 9.323106 5.799283 -1.967745 4.301973 -9.268044 -11.187428 4.483962 -1.741859 11.566678 -74.398562 -14.029517 -6.992277 -47.846688 -4.485083 45.795043 7.968972 -8.447413 -10.441918 4.901926 -6.080672 -20.815320 106.176604 -15.220107 -12.738299 28.842533 -7.382989 -20.768709 4.344160 -22.804217 -3.512477 17.310157 -16.732022 2.829442 0.000000 10.389364 0.000000 7.210076 12.242475 -9.141472 0.000000 -2.928442 0.000000 -11.728909 3.138608 -13.647530 0.000000 24.445464 0.000000 2.440438 1.218002 3.736737 0.000000 -17.652095 0.000000
80.985657 96.242810 -50.743112 -129.967832 0.448249 0.484444 6.694719 3.026981 4.923185 6.743604 3.240226 2.326748 2.448057 3.749634 -0.069249 -0.090542 4.877829 -2.564459 10.707320 6.725751 -1.925310 4.915289 -9.920183 -11.946718 5.081770 -1.282807 11.234751 -72.107314 -13.534728 -8.220294 -48.552288 -3.260992 47.626974 7.471630 -9.067298 -9.253772 3.792492 -6.254796 -20.337409 106.970395 -13.525431 -11.881657 31.845541 -8.326473 -21.897473 9.418042 -26.632007 -9.381717 18.594138 -17.291066 2.898349 0.000000 11.530283 0.000000 6.762861 12.016125 -9.725684 0.000000 -2.541418 0.000000 -10.984668 2.600795 -13.711835 0.000000 24.857758 0.000000 2.632988 0.620113 3.171723 0.000000 -18.237761 0.000000
81.138995 96.132166 -50.742865 -131.288933 0.464418 0.655258 5.998004 2.926788 4.742288 6.117854 3.004783 2.298154 2.731317 3.818237 -0.085671 0.300551 5.197941 -2.682100 12.202657 7.330872 -1.660809 5.556860 -9.934770 -12.702184 5.816001 -0.831157 10.855532 -69.636373 -13.247375 -9.465724 -49.181843 -1.857711 48.858745 6.510503 -11.727607 -6.533582 2.143035 -6.738911 -19.433030 108.152754 -12.815967 -10.106987 38.343741 -10.241472 -25.363299 5.921855 -24.823722 -11.631187 19.876035 -17.790463 2.879664 0.000000 12.671582 0.000000 6.257557 11.821095 -9.628600 0.000000 -2.513857 0.000000 -10.852511 2.070453 -14.077376 0.000000 25.071241 0.000000 3.455677 -0.080593 2.802629 0.000000 -18.246126 0.000000
81.255109 96.015332 -50.752524 -132.644286 0.355332 0.779186 5.342735 2.662793 4.636734 5.640720 3.004541 2.322282 2.813872 4.108853 -0.177872 0.345365 5.300451 -2.975415 13.977732 7.436267 -1.292781 6.264310 -9.078662 -13.142908 6.754476 -0.646716 10.474854 -66.865396 -13.067734 -11.036867 -50.066495 -0.440450 49.856922 5.602564 -15.275617 -3.538583 0.282212 -6.481955 -17.577848 109.459944 -12.445008 -8.261417 44.277260 -8.315851 -29.138549 3.202259 -23.890422 -11.706776 20.566366 -18.084581 3.171313 0.000000 13.810112 0.000000 5.551424 11.400376 -9.337421 0.000000 -2.144681 0.000000 -10.534666 1.646308 -14.373978 0.000000 25.412512 0.000000 3.933752 -0.639879 2.686794 0.000000 -18.142215 0.000000
81.326392 95.886383 -50.781625 -133.947606 0.223519 0.929881 4.628416 2.433293 4.651874 5.011633 2.980403 2.267381 2.903384 4.313075 -0.418318 0.505310 5.423752 -3.258682 15.611941 8.170522 -1.461189 6.907639 -9.265429 -12.693651 8.257520 -0.113143 9.928593 -64.317333 -13.861934 -12.203219 -53.052505 -0.166114 49.627460 4.855275 -16.368540 0.442239 -1.644418 -5.567815 -15.434906 110.970928 -12.916876 -6.399073 48.507868 -3.552417 -32.177912 5.147791 -25.051486 -12.107859 20.517940 -18.248604 3.675508 0.000000 14.884683 0.000000 5.042841 11.013328 -9.346245 0.000000 -2.157436 0.000000 -10.498091 1.277258 -14.767550 0.000000 25.636750 0.000000 4.672553 -1.292214 2.527743 0.000000 -18.093748 0.000000
81.392346 95.769202 -50.830978 -135.403053 0.027751 0.900730 4.017087 2.303293 4.819960 4.418400 2.956062 2.255966 2.996462 4.486788 -0.602955 0.649044 5.559215 -3.553016 17.177877 8.890230 -1.922132 7.519403 -9.557826 -11.954983 9.968638 0.665036 9.124406 -61.739488 -14.414576 -13.423483 -56.586272 0.365316 49.909179 5.336707 -17.350275 2.411824 -3.567761 -4.350502 -13.205250 111.842817 -12.688632 -4.096637 53.018300 1.411224 -35.279850 6.926278 -25.039796 -12.848632 20.185103 -18.196558 4.515888 0.000000 15.718471 0.000000 4.768854 10.296680 -9.490087 0.000000 -1.803148 0.000000 -9.708221 1.071739 -14.793953 0.000000 25.969715 0.000000 4.662480 -1.728953 2.555916 0.000000 -18.245752 0.000000
81.443860 95.637909 -50.881781 -136.822067 -0.299624 0.877441 3.212425 2.333968 4.930131 3.758789 3.065349 2.386103 2.821920 4.629044 -0.763415 0.579405 5.547101 -3.687420 19.087677 9.824153 -3.268577 8.249735 -10.124245 -10.854674 11.961417 1.355201 7.774001 -58.113784 -15.079376 -15.185947 -61.334889 1.594961 50.013289 7.274523 -18.637478 2.840575 -5.268661 -2.928005 -11.450020 112.339760 -12.290398 -1.536472 58.147904 6.187914 -37.716653 6.867352 -23.901226 -12.827774 19.530087 -17.832557 5.446022 0.000000 16.307083 0.000000 4.657883 9.515474 -9.557281 0.000000 -1.332024 0.000000 -9.228094 0.982101 -14.886305 0.000000 26.239913 0.000000 4.739907 -2.198070 2.339746 0.000000 -18.130966 0.000000
81.487543 95.513538 -50.934027 -138.385419 -0.627535 0.883086 2.329497 2.413384 5.116711 3.021056 3.202512 2.404978 2.474987 4.742513 -0.891997 0.387148 5.822535 -3.740896 21.267945 10.692734 -5.267185 9.103439 -11.076641 -9.678265 13.898793 1.749539 6.009034 -53.270945 -15.889782 -17.270131 -66.628811 3.570321 49.694890 8.581826 -19.856254 3.481571 -6.442957 -1.756896 -10.332045 112.494438 -11.837527 1.199103 63.351664 10.443905 -39.969200 6.636151 -23.052716 -11.988632 18.897754 -17.302036 6.389855 0.000000 16.708462 0.000000 4.468780 8.788028 -9.711181 0.000000 -0.978505 0.000000 -8.407676 0.862208 -14.934283 0.000000 26.612604 0.000000 4.586140 -2.708744 2.127938 0.000000 -18.156884 0.000000
81.497150 95.416864 -50.976178 -139.880245 -0.944827 0.950901 1.340895 2.518994 5.317326 2.266131 3.342324 2.380297 2.264247 4.958894 -1.069950 0.272448 6.245140 -4.043655 23.242505 11.109445 -7.105788 9.885890 -12.162318 -8.523772 15.809013 2.233319 4.331765 -48.586581 -17.069352 -18.887166 -71.445387 6.011673 48.834836 10.041299 -21.100935 3.722928 -8.037763 -0.765436 -9.479127 112.191164 -11.488321 4.127879 69.311055 14.253451 -41.487980 5.170433 -22.483989 -11.380511 17.902513 -16.597442 7.302249 0.000000 16.933798 0.000000 4.476851 8.154979 -9.992844 0.000000 -0.666469 0.000000 -8.005111 0.734491 -15.145768 0.000000 26.819574 0.000000 4.651722 -3.142708 2.101655 0.000000 -17.892484 0.000000
81.536487 95.333966 -51.019937 -141.540913 -1.304231 0.978267 1.019652 2.631123 5.147660 2.351701 3.780966 2.511032 1.518512 4.919501 -0.247512 -0.761955 6.384527 -4.775546 25.289619 11.735548 -9.210582 10.651747 -13.210483 -7.264333 17.958596 3.056728 2.379969 -44.080066 -18.292301 -20.079178 -75.779044 8.693442 47.522417 11.648611 -22.447762 3.537037 -9.367778 0.403101 -9.284788 111.479621 -10.984086 7.224805 75.027025 17.538198 -42.652473 4.491862 -22.753555 -10.371858 17.099469 -15.767466 8.231308 0.000000 16.988609 0.000000 4.555082 7.641619 -10.116170 0.000000 -0.441058 0.000000 -6.921924 0.625677 -15.092464 0.000000 27.281948 0.000000 4.053856 -3.590372 1.931660 0.000000 -17.836901 0.000000
81.572211 95.245300 -51.057175 -143.188060 -1.603327 1.164365 1.032442 2.750700 4.758984 2.612154 3.996287 2.667337 0.467054 4.938637 0.505132 -2.017094 6.593982 -5.171447 27.235573 12.676001 -11.442057 11.346026 -14.851589 -6.202989 20.379348 4.279359 0.335134 -40.373124 -19.879394 -20.784430 -79.179830 11.114631 46.061539 12.203521 -23.992226 2.583674 -10.836705 1.909229 -9.408672 110.800559 -11.555649 9.638310 83.152064 17.386612 -41.076873 3.828614 -19.861863 -8.963413 16.076996 -14.873494 8.982273 0.000000 17.060669 0.000000 4.856765 7.183771 -10.328285 0.000000 -0.184231 0.000000 -6.297086 0.344356 -15.324334 0.000000 27.698128 0.000000 3.862301 -3.964312 1.833476 0.000000 -17.957474 0.000000
81.611462 95.154016 -51.073801 -144.809424 -1.869918 1.410814 1.315085 3.015804 4.444655 2.937707 4.220307 2.876183 -0.414373 5.070986 1.200771 -3.126871 6.265433 -5.571245 28.674342 13.720460 -13.985066 11.734388 -16.628388 -4.426106 22.473084 5.715235 -1.359275 -37.459430 -21.263542 -21.502535 -82.229405 13.135243 44.717508 12.677268 -25.451699 2.251832 -13.090530 3.307362 -9.824178 110.626808 -12.067552 12.073131 88.109259 18.408849 -40.339393 3.016894 -19.417739 -7.039051 15.134870 -13.984943 9.578452 0.000000 17.079922 0.000000 5.433204 6.832531 -10.906878 0.000000 0.215240 0.000000 -5.381833 0.108716 -15.531541 0.000000 28.136008 0.000000 3.335208 -4.482050 1.677080 0.000000 -17.514952 0.000000
81.666840 95.062042 -51.078595 -146.286163 -2.021271 1.760614 0.225746 3.511427 5.221428 1.177524 4.225460 2.348683 -0.032621 5.076211 -0.588483 -2.320603 6.082183 -4.485702 30.237402 15.324658 -16.230198 12.202213 -18.692670 -3.327062 23.766766 7.062268 -2.895243 -33.683748 -22.164954 -22.132417 -84.837625 14.961869 43.357548 13.007646 -27.251810 2.389750 -14.798056 4.765361 -10.997988 111.189606 -12.548042 14.261727 91.842841 18.629308 -40.323444 1.296490 -18.387499 -5.290922 14.493194 -13.290766 9.907524 0.000000 17.194123 0.000000 5.963234 6.360978 -11.581369 0.000000 1.042163 0.000000 -4.835024 -0.249844 -15.859580 0.000000 28.433244 0.000000 2.933913 -4.964941 1.460701 0.000000 -17.832978 0.000000
81.727161 94.959857 -51.084131 -147.630898 -2.087414 2.080532 0.263211 3.590389 4.758005 1.596036 4.434805 2.681546 -0.927198 5.030047 0.746495 -3.487765 5.922784 -5.189202 31.627574 16.937087 -18.644703 12.603242 -20.654595 -2.875670 24.857593 8.022366 -4.465136 -30.435834 -22.751334 -23.044454 -86.880643 16.283312 42.311374 13.330392 -28.306548 2.449571 -16.357670 5.439225 -12.777460 112.194716 -12.842668 15.923615 94.406372 18.558367 -40.568653 0.127184 -17.181403 -5.173359 14.325935 -12.868661 10.141691 0.000000 17.461587 0.000000 6.189613 5.839777 -12.231282 0.000000 1.796595 0.000000 -4.622940 -0.673233 -16.137268 0.000000 28.744559 0.000000 2.685290 -5.761570 0.949765 0.000000 -17.413274 0.000000
81.854962 94.848431 -51.065817 -148.833487 -2.107148 2.395620 0.606673 3.708692 4.559793 2.004210 4.542996 2.858310 -1.841067 5.123647 1.202061 -4.442636 5.565287 -4.905547 32.724628 18.614870 -20.444827 13.008577 -22.166719 -3.327513 25.742446 9.166820 -5.943422 -28.358322 -22.942101 -23.543390 -88.632855 17.118492 41.643925 14.032429 -29.057736 3.100167 -17.480598 5.715052 -14.362800 112.978873 -13.230776 17.242419 96.111870 18.722707 -40.525997 -1.169542 -16.348671 -6.309979 14.364450 -12.594806 10.299882 0.000000 17.691107 0.000000 6.293128 5.416677 -12.874136 0.000000 2.633961 0.000000 -4.269976 -1.083910 -16.325727 0.000000 29.029681 0.000000 2.166417 -6.505120 0.397612 0.000000 -17.271200 0.000000
81.978241 94.728931 -51.051147 -149.796866 -2.150697 2.746094 0.899338 3.911959 4.665310 2.174421 4.624089 2.822018 -2.513120 5.003125 1.029681 -5.082092 5.380922 -4.426744 33.555636 19.928187 -21.340725 13.440886 -22.943609 -4.577457 26.434864 10.172386 -6.927338 -27.248369 -22.924822 -23.781651 -89.939040 17.432859 41.427530 14.475240 -29.612393 3.680169 -18.165554 5.818553 -15.462559 113.604823 -14.467919 18.341919 97.048172 19.145579 -40.115345 -3.538850 -15.545278 -6.707263 14.691100 -12.447442 10.325734 0.000000 18.046113 0.000000 6.134201 4.895362 -13.303067 0.000000 3.497768 0.000000 -3.977207 -1.319704 -16.501291 0.000000 29.193916 0.000000 1.335936 -7.342349 -0.097553 0.000000 -16.805905 0.000000
82.127014 94.597498 -51.018668 -150.460846 -2.190724 3.199319 1.067488 4.174767 4.654071 2.204197 4.705634 2.717562 -3.116208 4.705927 0.903426 -5.653575 4.998233 -3.981482 34.544828 21.464252 -21.753682 14.069869 -23.179130 -6.115616 27.114027 11.154050 -7.557486 -26.500737 -22.844137 -24.069581 -90.804527 17.470407 41.453921 14.202119 -29.895193 4.067488 -18.862932 6.182913 -16.534714 114.396943 -14.785491 18.847969 97.407730 19.215223 -40.053064 -4.269444 -15.260451 -6.870436 14.975557 -12.402288 10.166731 0.000000 18.387022 0.000000 5.913474 4.775589 -13.632855 0.000000 3.761112 0.000000 -4.189968 -1.633336 -16.817089 0.000000 29.493458 0.000000 1.020127 -8.617651 -0.837768 0.000000 -16.109072 0.000000
82.332593 94.458746 -50.985034 -150.954850 -2.234757 3.548341 1.281442 4.539556 4.535961 2.223271 4.602724 2.633976 -3.584557 4.481026 0.887441 -6.082222 4.599001 -3.406036 35.298322 22.713541 -21.854464 14.620876 -22.649572 -7.574003 27.528445 11.998771 -8.201314 -26.284864 -22.649523 -24.054239 -91.705307 17.412868 41.582816 14.519442 -29.891038 4.264946 -19.397640 6.541472 -17.399678 115.234243 -15.458313 18.991860 97.153405 19.281067 -39.953217 -4.132387 -15.203392 -6.536922 15.224545 -12.494546 10.082389 0.000000 18.799322 0.000000 5.659984 4.731424 -13.808451 0.000000 3.860412 0.000000 -4.161760 -1.813846 -16.929517 0.000000 29.709061 0.000000 0.185545 -9.663333 -1.172740 0.000000 -15.715883 0.000000
82.544885 94.306122 -50.933679 -151.229054 -2.222074 3.949085 1.369902 4.730402 4.391846 2.179948 4.651817 2.480094 -4.037184 4.272244 0.807358 -6.458533 4.157047 -2.672947 35.927441 23.869556 -22.056712 15.071413 -22.050874 -8.586290 27.763330 12.595795 -8.682812 -25.976428 -22.480348 -24.215072 -92.480562 17.302407 41.763585 14.526656 -29.993040 4.556817 -19.501058 6.846607 -18.064177 116.010983 -15.388726 18.698562 96.941440 19.098008 -40.145193 -4.339531 -14.493446 -5.847790 15.570610 -12.769651 9.853092 0.000000 19.283919 0.000000 5.289949 4.660475 -13.807412 0.000000 3.963755 0.000000 -4.215121 -2.053081 -17.127511 0.000000 29.972590 0.000000 -0.739051 -10.631144 -1.416492 0.000000 -15.329253 0.000000
82.783167 94.149078 -50.887347 -151.378373 -2.277385 4.261487 1.358181 4.902085 4.337094 2.002432 4.539783 2.329770 -4.368294 4.152759 0.577073 -6.705637 4.171653 -2.020654 36.400207 24.525127 -22.210608 15.410171 -21.115348 -9.238872 27.694239 12.763940 -8.996644 -25.697304 -22.465123 -24.320828 -93.153860 17.087951 42.047559 14.706197 -29.749243 4.482943 -19.162948 7.032402 -18.827667 116.728381 -15.514778 17.881879 96.463660 18.832331 -40.409804 -3.872877 -14.021876 -5.227085 15.865703 -13.075844 9.711792 0.000000 19.849217 0.000000 4.886087 4.623709 -13.816263 0.000000 4.007192 0.000000 -4.204309 -2.158398 -17.200997 0.000000 30.280448 0.000000 -1.628300 -11.725241 -1.572002 0.000000 -14.767090 0.000000
83.035034 93.987585 -50.832443 -151.520765 -2.332524 4.547212 1.526957 5.074739 4.060736 2.097077 4.444594 2.318324 -4.698430 4.364991 0.486401 -7.029429 4.069568 -1.597187 36.665362 24.521408 -22.309850 15.593732 -20.158329 -9.401574 27.768679 12.628507 -8.911140 -25.954462 -22.724066 -24.437527 -93.659719 16.919057 42.279604 14.599850 -29.653672 4.435631 -18.807750 6.991619 -18.906216 117.204218 -15.365347 16.884658 95.956188 18.695319 -40.439859 -3.301432 -13.563510 -4.849768 16.267178 -13.417841 9.566719 0.000000 20.415725 0.000000 4.452743 4.655387 -13.681343 0.000000 3.879925 0.000000 -4.492722 -2.356707 -17.368585 0.000000 30.598760 0.000000 -2.052689 -12.737126 -1.730500 0.000000 -13.659599 0.000000
83.273169 93.833344 -50.757614 -151.535882 -2.384895 4.785253 1.668647 5.232363 3.798288 2.174470 4.419823 2.311565 -4.951983 4.517981 0.468899 -7.303268 3.890047 -1.333983 36.800001 24.446513 -22.333798 15.706484 -19.394228 -9.223183 27.659307 12.167351 -8.670635 -25.958681 -23.012433 -24.631310 -94.239951 17.041679 42.204810 15.302661 -30.256904 4.145464 -17.824390 6.818131 -18.718085 117.131372 -14.881034 16.065163 95.573037 18.704816 -40.586703 -3.203551 -13.056945 -4.708812 16.573933 -13.783024 9.414832 0.000000 20.934449 0.000000 4.039962 4.736434 -13.391832 0.000000 3.662158 0.000000 -4.800529 -2.506373 -17.539149 0.000000 30.799736 0.000000 -2.215910 -13.614472 -1.538292 0.000000 -13.094473 0.000000
83.512335 93.693329 -50.672501 -151.538048 -2.512470 4.960560 1.669092 5.444422 3.691780 2.108432 4.662758 2.260099 -4.860680 4.465073 0.244656 -7.180324 3.655071 -1.080042 36.602218 24.071797 -22.154092 15.655938 -18.497628 -8.827602 27.508862 12.117917 -8.288104 -26.666792 -23.966672 -24.386238 -94.176622 17.184684 42.042593 15.718038 -30.841897 3.606544 -17.162621 6.635492 -18.322633 116.897052 -14.224158 15.245411 95.341643 18.678606 -40.494949 -2.616082 -11.790134 -5.078369 16.840027 -14.058207 9.330958 0.000000 21.374196 0.000000 3.675847 4.865458 -13.043381 0.000000 3.416593 0.000000 -5.087793 -2.593650 -17.687778 0.000000 31.007383 0.000000 -2.163744 -14.346907 -1.603066 0.000000 -12.685933 0.000000
83.717511 93.600531 -50.585574 -151.480949 -2.654646 5.074607 1.655648 5.673543 3.724838 1.972997 4.810609 2.188890 -4.625160 4.627466 0.055300 -6.922770 3.116690 -0.732000 36.255217 24.022289 -22.093189 15.559114 -17.849097 -8.250078 27.182129 12.226114 -8.012241 -27.379888 -24.976751 -24.167396 -93.954710 17.500713 41.680312 15.879521 -31.779787 3.418842 -16.417889 6.297416 -18.040708 116.616644 -13.875842 14.824999 94.924945 18.942445 -40.644524 -3.083670 -11.371563 -5.011941 16.987939 -14.232896 9.282659 0.000000 21.607546 0.000000 3.354403 5.143597 -12.650278 0.000000 3.039395 0.000000 -5.141073 -2.571004 -17.736547 0.000000 31.190506 0.000000 -2.107396 -14.904568 -1.818441 0.000000 -12.592991 0.000000
83.894287 93.538226 -50.495682 -151.489419 -2.747665 5.149207 1.865369 5.901593 3.762394 2.096798 4.841134 2.251419 -4.699747 4.494377 0.164768 -6.988984 2.981884 -0.624136 35.964567 24.235702 -22.122986 15.467687 -17.649151 -8.057399 26.853918 11.939241 -7.786797 -27.517611 -25.931419 -24.454319 -93.603773 17.915060 41.200835 15.979903 -32.464174 2.900783 -15.553063 5.974717 -18.110153 116.495215 -13.587080 14.260891 94.960380 18.552219 -40.618258 -3.242156 -11.022291 -5.487035 17.277622 -14.392282 9.228460 0.000000 21.740720 0.000000 3.074920 5.356202 -12.240639 0.000000 2.792240 0.000000 -4.958281 -2.584888 -17.762559 0.000000 31.408828 0.000000 -2.088564 -15.259178 -1.706183 0.000000 -12.657670 0.000000
84.081268 93.514203 -50.420682 -151.486092 -2.801961 5.085615 2.048295 6.083072 3.892866 2.194660 4.897401 2.378562 -4.657161 4.339156 0.320195 -6.982439 2.973260 -0.850209 35.643334 24.263685 -22.046612 15.322761 -17.696832 -7.870894 26.449553 11.444477 -7.364249 -27.604892 -26.899712 -24.805350 -93.112558 18.260763 40.795199 15.755372 -32.657186 2.177607 -14.636835 5.484265 -18.061378 116.036137 -13.523654 13.943464 94.820020 18.657395 -40.484581 -3.152063 -10.927525 -6.402986 17.476113 -14.576556 9.336040 0.000000 21.792931 0.000000 2.814244 5.580986 -12.066337 0.000000 2.673291 0.000000 -5.034114 -2.628245 -17.650688 0.000000 31.455946 0.000000 -1.887700 -15.446334 -1.776081 0.000000 -12.569955 0.000000
84.209314 93.524335 -50.357239 -151.471768 -2.841252 5.101795 2.201200 6.132637 3.998173 2.355135 4.993425 2.497157 -4.722576 4.204901 0.420231 -7.051529 3.019270 -0.930887 35.426412 24.363039 -21.966361 15.226704 -17.709754 -7.914611 26.216975 11.248796 -7.284223 -28.015556 -27.520788 -24.703066 -92.854822 18.488426 40.534776 16.033716 -32.810709 1.793709 -13.595673 5.156391 -18.198383 115.683192 -13.497639 13.610269 94.784276 18.487264 -40.666592 -3.523694 -10.812304 -5.682015 17.755169 -14.657186 9.313929 0.000000 21.710337 0.000000 2.538474 5.817160 -11.861156 0.000000 2.642927 0.000000 -5.246376 -2.687615 -17.705619 0.000000 31.408028 0.000000 -1.555604 -15.483158 -1.619256 0.000000 -12.463128 0.000000
84.308661 93.563489 -50.301526 -151.470045 -2.837022 5.121985 2.160800 6.098294 4.132658 2.327676 5.181976 2.532246 -4.555495 4.149741 0.398538 -6.866776 3.012972 -0.902516 35.213204 24.246233 -21.927899 15.140847 -17.450767 -7.824185 25.962737 11.077896 -7.180264 -28.378635 -28.075370 -24.697935 -92.668115 18.750815 40.244667 16.211624 -32.900264 1.310210 -12.647988 4.646090 -18.336799 115.200442 -13.634083 13.644814 94.913911 18.425737 -40.742865 -4.062468 -10.570078 -5.510458 18.086669 -14.690857 9.253943 0.000000 21.498803 0.000000 2.272017 6.052664 -11.684335 0.000000 2.731492 0.000000 -5.750747 -2.821237 -17.830791 0.000000 31.214425 0.000000 -0.908482 -15.385458 -1.522817 0.000000 -12.480582 0.000000
84.401440 93.628717 -50.264371 -151.452899 -2.830128 5.058858 2.227692 6.058304 4.275945 2.426856 5.294650 2.645407 -4.381856 4.169843 0.558036 -6.752717 3.089161 -1.227987 34.929373 23.891908 -21.701610 14.989496 -17.238296 -7.831208 25.811641 10.767767 -6.970155 -29.252123 -28.219461 -24.495383 -92.491566 18.676815 40.310329 16.581234 -32.508444 0.402315 -12.190647 4.260505 -18.166217 114.837158 -13.376295 13.431672 94.999978 18.292837 -40.894975 -4.588757 -10.562633 -5.099252 18.443697 -14.676081 9.257541 0.000000 21.124115 0.000000 2.005852 6.355599 -11.408081 0.000000 2.688589 0.000000 -5.699681 -2.788361 -17.708783 0.000000 31.053436 0.000000 -0.963856 -15.174555 -1.341042 0.000000 -12.544204 0.000000
84.475531 93.714978 -50.232193 -151.421759 -2.762580 5.036657 2.350146 6.019651 4.409976 2.545973 5.261502 2.718791 -4.303781 4.175959 0.578398 -6.675887 3.181817 -1.259035 34.628795 23.734731 -21.646782 14.842903 -17.166744 -7.751587 25.473831 10.536526 -6.952454 -29.738112 -28.177197 -24.252628 -92.317912 18.765963 40.203708 16.312659 -32.846436 0.572068 -11.755248 3.998713 -18.148709 114.544567 -13.495209 13.402075 94.912285 18.280695 -40.900453 -4.665183 -10.436946 -5.227453 18.805980 -14.662971 9.192002 0.000000 20.702923 0.000000 1.767245 6.629440 -11.232284 0.000000 2.861286 0.000000 -5.109835 -2.690782 -17.500770 0.000000 30.962744 0.000000 -1.609008 -14.907439 -1.094308 0.000000 -12.675509 0.000000
84.540717 93.801086 -50.230002 -151.337270 -2.713110 5.056792 2.356664 5.845674 4.520013 2.601677 5.354865 2.699148 -4.181720 4.232305 0.491349 -6.522107 3.359518 -1.096845 34.377427 23.571434 -21.676653 14.716052 -17.123037 -7.696594 25.266428 10.464255 -7.016586 -30.505064 -28.095677 -23.888552 -92.325469 18.743609 40.224580 16.519659 -32.902935 0.459748 -11.643807 3.806137 -18.166234 114.363950 -13.396252 13.148912 94.920410 18.245229 -40.902915 -5.557692 -10.159824 -5.231179 19.075749 -14.590290 9.102326 0.000000 20.252623 0.000000 1.556871 6.902799 -11.064324 0.000000 3.026863 0.000000 -5.407654 -2.739251 -17.533497 0.000000 30.761949 0.000000 -1.347918 -14.726313 -0.993325 0.000000 -12.609436 0.000000
84.597516 93.893036 -50.228760 -151.241164 -2.619840 5.166444 2.325613 5.648597 4.627928 2.578143 5.415345 2.557641 -4.047552 4.340601 0.261690 -6.337603 3.447137 -0.911021 34.291648 23.267463 -21.570226 14.676685 -16.861947 -7.541800 25.171041 10.322664 -6.937274 -31.118306 -27.969782 -23.656109 -92.246544 18.759861 40.204812 16.571533 -32.954106 0.065103 -11.547650 3.641771 -18.067025 114.217576 -13.561234 13.113344 94.714744 18.279898 -40.918626 -6.016787 -10.404545 -4.743009 19.207268 -14.440777 8.929974 0.000000 19.679105 0.000000 1.483231 7.244530 -11.097854 0.000000 3.226040 0.000000 -5.334872 -2.781094 -17.582251 0.000000 30.657451 0.000000 -1.473829 -14.525271 -0.865901 0.000000 -12.625779 0.000000
84.671918 93.983929 -50.229193 -151.148350 -2.506918 5.281263 2.258744 5.505056 4.655767 2.515888 5.392288 2.422523 -3.858947 4.435186 0.087397 -6.112192 3.505535 -0.779924 34.173648 23.140154 -21.447821 14.607245 -16.939038 -7.426645 24.953901 10.118231 -6.798145 -31.379565 -27.778894 -23.549528 -92.231037 18.853135 40.105638 16.678694 -33.093543 -0.194095 -11.593469 3.667472 -17.942170 114.094428 -13.219446 12.980535 94.754273 18.056282 -41.133249 -6.290084 -9.946587 -4.370603 19.390740 -14.350025 8.759230 0.000000 19.153578 0.000000 1.358071 7.547738 -11.201485 0.000000 3.565793 0.000000 -5.170320 -2.829663 -17.603621 0.000000 30.579131 0.000000 -1.710797 -14.345084 -0.704462 0.000000 -12.535715 0.000000
84.713116 94.085468 -50.240997 -151.004250 -2.442795 5.444420 2.376593 5.454351 4.436033 2.708985 5.228024 2.410742 -3.898954 4.436746 0.367536 -6.198987 3.711478 -0.796749 34.018289 23.031792 -21.453943 14.529325 -16.900715 -7.394146 24.822152 10.081239 -6.891575 -31.779545 -27.626552 -23.359605 -92.261108 18.906160 40.051925 16.949416 -33.047270 -0.460626 -11.562371 3.671515 -17.868941 113.951008 -13.165190 12.913782 94.682599 17.993081 -41.198778 -6.466891 -9.891160 -4.200005 19.350408 -14.075682 8.556524 0.000000 18.473752 0.000000 1.402616 7.905016 -11.324233 0.000000 3.881146 0.000000 -5.423940 -2.834969 -17.774627 0.000000 30.325264 0.000000 -1.589879 -14.175187 -0.583514 0.000000 -12.348058 0.000000
84.752466 94.177258 -50.232547 -150.869771 -2.312304 5.625850 2.422494 5.377728 4.268576 2.816070 5.113080 2.404774 -3.873191 4.434133 0.455464 -6.186279 3.754388 -0.818950 33.862237 22.975656 -21.389092 14.443505 -16.992718 -7.378557 24.659023 9.655674 -6.706831 -31.649644 -27.282952 -23.726500 -92.398347 19.118988 39.836437 17.376089 -33.267382 -0.566159 -11.767479 3.695232 -17.776629 113.947140 -13.141068 12.883087 94.536296 17.930488 -41.250105 -6.758638 -10.108560 -3.709660 19.370418 -13.931885 8.321282 0.000000 17.906187 0.000000 1.363760 8.244846 -11.553826 0.000000 4.253157 0.000000 -5.017319 -2.833726 -17.823322 0.000000 30.271441 0.000000 -2.141299 -13.968943 -0.430399 0.000000 -12.356153 0.000000
84.771387 94.256012 -50.225882 -150.689963 -2.239544 5.852053 2.356391 5.303497 4.035637 2.790534 5.005939 2.328450 -3.814831 4.472347 0.540341 -6.108178 3.852020 -0.644559 33.733494 22.943807 -21.369992 14.374363 -17.010438 -7.490282 24.507077 9.572243 -6.784902 -31.615811 -27.166425 -23.753080 -92.443423 19.308659 39.640766 17.476493 -33.623407 -0.897492 -11.782891 3.704710 -17.814501 113.872673 -13.142354 12.915270 94.410672 17.970018 -41.331033 -6.801999 -10.150253 -3.721217 19.293147 -13.705435 8.044322 0.000000 17.335337 0.000000 1.386030 8.548622 -11.654373 0.000000 4.606880 0.000000 -5.118349 -2.830021 -18.047329 0.000000 30.088827 0.000000 -2.161262 -13.874232 -0.334398 0.000000 -12.331237 0.000000
84.796338 94.334229 -50.225208 -150.483210 -2.203634 5.999686 2.349769 5.303742 3.833049 2.800088 4.919572 2.323914 -3.854515 4.463316 0.662804 -6.161200 3.922239 -0.698954 33.790447 22.733488 -21.335343 14.386065 -17.005998 -7.398205 24.476228 9.379300 -6.678677 -31.431298 -27.137297 -23.928816 -92.525343 19.497031 39.448833 17.508938 -33.664027 -1.118599 -11.725654 3.701235 -17.646008 113.796168 -13.148773 13.016948 94.401094 17.943542 -41.226240 -6.779151 -9.986789 -4.055925 19.075178 -13.455334 7.870260 0.000000 16.756875 0.000000 1.501678 8.836042 -11.762998 0.000000 4.928936 0.000000 -4.947474 -2.661148 -18.102481 0.000000 29.866768 0.000000 -2.596159 -13.729536 -0.180494 0.000000 -12.275161 0.000000
84.816870 94.398419 -50.210147 -150.309578 -2.179467 6.146763 2.205086 5.257899 3.725872 2.646088 4.926557 2.258556 -3.768360 4.513649 0.582783 -6.004992 3.886109 -0.432194 33.771017 22.686476 -21.375795 14.377082 -16.927016 -7.468532 24.486167 9.447584 -6.777502 -31.440230 -27.152969 -23.921815 -92.467948 19.625823 39.309923 17.368658 -33.878165 -1.309346 -11.713884 3.723287 -17.716394 113.745282 -13.191621 13.063162 94.386163 17.935641 -41.234442 -6.998461 -10.102044 -3.815158 18.876477 -13.247925 7.701744 0.000000 16.290556 0.000000 1.579856 9.070081 -11.833261 0.000000 5.256750 0.000000 -4.818158 -2.569517 -18.190720 0.000000 29.758190 0.000000 -2.900323 -13.602304 -0.080958 0.000000 -12.221484 0.000000
84.829999 94.457031 -50.201642 -150.141206 -2.155761 6.212873 2.305532 5.301156 3.586148 2.728750 4.776482 2.310598 -3.820013 4.417282 0.878401 -6.100844 4.026149 -0.623196 33.728794 22.584743 -21.370192 14.344002 -17.002724 -7.405265 24.334453 9.434130 -6.768666 -31.356450 -27.200405 -23.932130 -92.504493 19.716542 39.216613 17.517154 -34.256044 -1.554091 -11.871813 3.780767 -17.620384 113.757275 -13.145848 13.074969 94.288917 17.936643 -41.224405 -7.023362 -10.058964 -3.797056 18.761845 -13.097316 7.600569 0.000000 15.882569 0.000000 1.573226 9.256992 -11.841409 0.000000 5.500431 0.000000 -4.553563 -2.375755 -18.158277 0.000000 29.560210 0.000000 -3.377991 -13.467208 0.047066 0.000000 -12.158589 0.000000
84.832147 94.507306 -50.198657 -149.958128 -2.230663 6.257644 2.237203 5.269459 3.586603 2.631312 4.865162 2.312888 -3.794476 4.450856 0.825468 -6.020642 3.999756 -0.495381 33.643799 22.578383 -21.333358 14.290986 -17.073332 -7.592508 24.314834 9.577744 -6.851363 -31.459522 -27.270453 -23.785522 -92.464386 19.749007 39.181253 17.440853 -34.370988 -1.657869 -11.923646 3.813616 -17.618905 113.766165 -13.270937 13.089019 94.281622 17.960718 -41.197693 -7.185198 -10.187934 -3.602163 18.532013 -12.854049 7.548233 0.000000 15.498549 0.000000 1.645762 9.427339 -11.759725 0.000000 5.626778 0.000000 -4.518782 -2.162309 -18.157297 0.000000 29.423513 0.000000 -3.634754 -13.364617 0.138773 0.000000 -12.101845 0.000000
84.853009 94.541394 -50.177295 -149.850779 -2.238703 6.266397 2.133056 5.201781 3.727824 2.479964 4.988855 2.275235 -3.657574 4.478892 0.562371 -5.798137 3.970442 -0.334353 33.579036 22.403045 -21.256107 14.253524 -16.947937 -7.679799 24.194334 9.459426 -6.718993 -31.329437 -27.286203 -23.995690 -92.494471 19.787527 39.142264 17.489231 -34.611887 -1.813131 -12.045332 3.798145 -17.585504 113.890554 -13.267881 13.061449 94.289427 18.065266 -41.082097 -8.249651 -9.327866 -4.372018 18.446618 -12.748688 7.511612 0.000000 15.223430 0.000000 1.647090 9.526136 -11.649178 0.000000 5.758764 0.000000 -4.645914 -2.090706 -18.160569 0.000000 29.259889 0.000000 -3.628901 -13.333861 0.210231 0.000000 -12.041515 0.000000
84.855707 94.563525 -50.158099 -149.779365 -2.221286 6.284078 2.191405 5.195347 3.753869 2.497715 4.920522 2.278971 -3.653464 4.463816 0.657489 -5.810878 4.040286 -0.476694 33.467072 22.266954 -21.174022 14.186491 -16.939114 -7.810805 24.086529 9.465730 -6.699117 -31.306205 -27.336597 -23.904889 -92.531412 19.785622 39.146435 17.850049 -35.024185 -1.954890 -12.135654 3.837150 -17.541692 114.056192 -13.444202 13.116352 94.171571 18.182480 -41.215702 -8.348991 -9.410906 -4.225251 18.412791 -12.664351 7.440095 0.000000 14.989586 0.000000 1.666000 9.576302 -11.424098 0.000000 5.825367 0.000000 -4.358690 -1.984566 -18.090286 0.000000 29.207012 0.000000 -4.042998 -13.269624 0.268072 0.000000 -12.072187 0.000000
84.858185 94.573584 -50.142743 -149.664993 -2.229791 6.252572 2.206809 5.183140 3.792417 2.501173 4.877337 2.330396 -3.637459 4.473444 0.737073 -5.814654 4.074504 -0.592682 33.352322 22.137791 -21.057574 14.124222 -16.858026 -7.977022 24.002240 9.400979 -6.607393 -31.271123 -27.362087 -23.998170 -92.530919 19.726300 39.208999 17.962972 -35.229541 -1.984623 -12.255658 3.841822 -17.542808 114.079152 -13.472259 13.076194 94.381969 18.021291 -41.141532 -8.333431 -9.298020 -4.275616 18.315052 -12.602277 7.432141 0.000000 14.815158 0.000000 1.682835 9.563459 -11.242855 0.000000 5.889693 0.000000 -4.457569 -1.905388 -18.048494 0.000000 29.073493 0.000000 -4.094982 -13.251661 0.262901 0.000000 -12.015642 0.000000
84.855383 94.575354 -50.122778 -149.604641 -2.243800 6.224762 2.220543 5.121960 3.825536 2.546273 4.921306 2.386694 -3.620745 4.483095 0.772870 -5.790978 4.121716 -0.577526 33.223910 22.048942 -21.031258 14.062034 -16.743439 -8.126034 23.930201 9.471783 -6.660406 -31.339295 -27.571788 -23.937915 -92.399474 19.776249 39.150327 18.069216 -35.541100 -2.023243 -12.256407 3.749561 -17.523969 114.078605 -13.461713 13.109054 94.493892 17.968261 -41.206040 -8.452543 -9.325116 -4.219504 18.309609 -12.550843 7.418780 0.000000 14.680738 0.000000 1.631491 9.579154 -11.005636 0.000000 5.819671 0.000000 -4.410165 -1.800605 -17.984541 0.000000 28.953579 0.000000 -4.278937 -13.234586 0.225833 0.000000 -11.982457 0.000000
84.853217 94.561865 -50.105438 -149.586038 -2.264373 6.223478 2.169469 5.075744 3.894859 2.476504 4.980137 2.369103 -3.499305 4.505844 0.684699 -5.638001 4.144357 -0.570219 32.960108 21.865472 -21.138773 13.927056 -16.790479 -7.917210 23.807070 9.430874 -6.550924 -31.339887 -27.592972 -24.003251 -92.410180 19.677432 39.255760 18.180703 -35.656825 -2.110144 -12.297347 3.777205 -17.417657 114.147168 -13.555030 13.054704 94.513396 18.055797 -41.188843 -8.685288 -9.419631 -4.301049 18.352087 -12.495786 7.379886 0.000000 14.610028 0.000000 1.649057 9.472538 -10.811510 0.000000 5.910591 0.000000 -4.577841 -1.770179 -18.017150 0.000000 28.849725 0.000000 -4.163304 -13.288653 0.190441 0.000000 -11.869050 0.000000
84.845410 94.542560 -50.087509 -149.582400 -2.311082 6.236265 2.153960 5.041244 3.933907 2.444688 5.043270 2.339602 -3.428697 4.535472 0.680824 -5.546359 4.201309 -0.582159 32.833672 21.738974 -21.065773 13.861715 -16.697626 -8.074833 23.738652 9.388063 -6.493952 -31.386804 -27.638650 -24.039819 -92.391722 19.611192 39.323462 18.052620 -35.663763 -1.964214 -12.353599 3.817808 -17.385762 114.265028 -13.688561 12.959104 94.618258 17.954021 -41.235074 -8.565621 -9.409514 -4.094315 18.422335 -12.407701 7.339366 0.000000 14.546204 0.000000 1.629419 9.357647 -10.634251 0.000000 5.965900 0.000000 -4.567259 -1.703086 -18.034121 0.000000 28.833457 0.000000 -4.204588 -13.367484 0.177975 0.000000 -11.858939 0.000000
84.834473 94.521423 -50.070880 -149.621663 -2.362958 6.286838 2.214274 5.058803 3.856918 2.509986 4.998519 2.353154 -3.413436 4.558932 0.880659 -5.568055 4.287163 -0.791192 32.720252 21.678399 -20.963180 13.801787 -16.677602 -8.239920 23.642707 9.252471 -6.384717 -31.304319 -27.692170 -24.161047 -92.353446 19.610856 39.322770 18.226682 -35.797630 -1.940707 -12.369410 3.838012 -17.384551 114.360857 -13.747263 12.852090 94.667377 17.913249 -41.282295 -8.626998 -9.306570 -4.179592 18.446061 -12.259821 7.284262 0.000000 14.417373 0.000000 1.707640 9.343539 -10.565830 0.000000 5.858609 0.000000 -4.615891 -1.655973 -18.109296 0.000000 28.823378 0.000000 -4.184447 -13.497144 0.217068 0.000000 -11.761034 0.000000
84.839716 94.487604 -50.049530 -149.674079 -2.403914 6.290104 2.178280 4.958586 3.886750 2.501448 5.060223 2.357494 -3.431045 4.594242 0.808153 -5.542029 4.482339 -0.711210 32.655776 21.504263 -20.979580 13.774615 -16.433970 -8.370247 23.545348 9.097004 -6.421067 -31.086663 -27.710049 -24.244096 -92.336757 19.573481 39.362591 18.381457 -35.905269 -1.966478 -12.108160 3.815015 -17.540801 114.424471 -13.897879 12.659911 94.645994 17.839087 -41.361287 -8.505717 -9.163114 -4.169266 18.573154 -12.204230 7.263025 0.000000 14.437416 0.000000 1.737443 9.076208 -10.432382 0.000000 6.100673 0.000000 -4.616404 -1.618059 -18.115622 0.000000 28.821148 0.000000 -4.187010 -13.640337 0.214600 0.000000 -11.820485 0.000000
84.821130 94.455011 -50.033163 -149.715908 -2.493479 6.345172 2.249153 5.010081 3.851589 2.537032 5.026899 2.351745 -3.389671 4.663831 0.893693 -5.514177 4.475440 -0.841769 32.533433 21.253004 -20.866085 13.736126 -15.972810 -8.382505 23.423977 8.996241 -6.246054 -31.024317 -27.794633 -24.455495 -92.332258 19.568577 39.366016 18.436558 -36.010846 -2.008361 -12.164112 3.825653 -17.472014 114.529057 -13.838171 12.583074 94.776915 17.774215 -41.443624 -8.696352 -9.085832 -4.134900 18.615386 -12.042529 7.217278 0.000000 14.398511 0.000000 1.819593 8.878541 -10.419268 0.000000 6.215138 0.000000 -4.835615 -1.541149 -18.250364 0.000000 28.737457 0.000000 -3.931015 -13.807693 0.198787 0.000000 -11.762200 0.000000
84.807526 94.414081 -50.013754 -149.783509 -2.585309 6.376311 2.234205 4.957708 3.885102 2.529692 5.166504 2.333724 -3.345137 4.737649 0.725914 -5.408897 4.419876 -0.737483 32.405848 21.092909 -20.653429 13.687250 -15.618377 -8.586914 23.400725 9.013661 -6.165073 -31.115349 -27.822657 -24.487297 -92.351754 19.557707 39.377987 18.534095 -36.100643 -2.027122 -12.077606 3.839834 -17.437838 114.688125 -14.067635 12.577465 94.842083 17.728991 -41.501953 -8.851399 -8.837200 -4.039990 18.671378 -11.892609 7.216860 0.000000 14.360058 0.000000 1.845142 8.707333 -10.448378 0.000000 6.242497 0.000000 -5.075067 -1.464274 -18.379971 0.000000 28.638168 0.000000 -3.595369 -13.998621 0.225123 0.000000 -11.656445 0.000000
84.786041 94.367487 -50.000876 -149.864988 -2.715593 6.436939 2.395782 5.129225 3.796360 2.615208 5.004222 2.350075 -3.375192 4.698933 0.928507 -5.475037 4.574597 -0.937442 32.258183 21.061208 -20.502533 13.625040 -15.425982 -8.772996 23.351754 9.031360 -6.150971 -31.282589 -27.908670 -24.390537 -92.254632 19.540652 39.392108 18.611054 -36.329067 -2.205059 -12.087546 3.810618 -17.429976 114.754088 -13.876979 12.449065 94.992986 17.611152 -41.641469 -8.876027 -8.659612 -4.035357 18.716748 -11.683536 7.196293 0.000000 14.356997 0.000000 1.890385 8.456587 -10.394673 0.000000 6.350023 0.000000 -4.811656 -1.254094 -18.410491 0.000000 28.659198 0.000000 -3.867944 -14.197893 0.266701 0.000000 -11.673526 0.000000
84.774030 94.321381 -49.982181 -149.950286 -2.840589 6.468237 2.334591 5.054872 3.866493 2.548334 5.213857 2.284343 -3.295664 4.807634 0.670270 -5.312466 4.526489 -0.737202 32.219527 20.976000 -20.419358 13.622445 -15.130921 -8.794847 23.347819 9.025942 -6.131646 -31.480578 -27.893280 -24.353835 -92.261871 19.484311 39.451237 18.674096 -36.435107 -2.141655 -12.034813 3.802927 -17.407516 114.804213 -13.931141 12.313903 95.085558 17.583800 -41.542354 -9.164379 -8.533809 -4.235959 18.774815 -11.501118 7.218398 0.000000 14.356569 0.000000 1.914746 8.258376 -10.484236 0.000000 6.354034 0.000000 -4.540432 -1.050829 -18.404532 0.000000 28.672308 0.000000 -4.121323 -14.383291 0.282312 0.000000 -11.790733 0.000000
84.762109 94.282007 -49.957938 -150.032971 -2.945494 6.500152 2.295360 5.091199 3.941096 2.431866 5.245855 2.196418 -3.158492 4.839915 0.478696 -5.112233 4.607154 -0.661861 32.085362 20.977475 -20.255358 13.558093 -15.080230 -8.953917 23.232179 8.932542 -6.037846 -31.536484 -27.942626 -24.459540 -92.241438 19.493667 39.440309 18.525199 -36.586090 -2.278247 -12.059320 3.866255 -17.298239 114.874916 -13.868330 12.173391 95.028082 17.604126 -41.694286 -8.739378 -8.772254 -3.912741 18.891653 -11.385788 7.221717 0.000000 14.395288 0.000000 1.867682 8.117892 -10.509323 0.000000 6.300153 0.000000 -4.617997 -0.911841 -18.481154 0.000000 28.567781 0.000000 -3.997213 -14.605350 0.196054 0.000000 -11.673841 0.000000
84.761603 94.231787 -49.949496 -150.143097 -3.060417 6.524192 2.362282 5.214860 3.735192 2.524086 5.161714 2.227568 -3.141366 4.876172 0.752223 -5.131855 4.634076 -0.708894 31.990982 20.950503 -20.204410 13.527611 -14.835103 -9.016062 23.214301 8.962235 -6.065826 -31.608496 -28.107939 -24.577821 -92.243917 19.601159 39.327514 18.579233 -36.842297 -2.413597 -11.981628 3.838619 -17.340898 114.894839 -14.038824 12.101072 95.097933 17.679097 -41.577862 -9.024328 -8.877698 -3.879330 19.028285 -11.254881 7.243574 0.000000 14.467873 0.000000 1.870035 7.845267 -10.476440 0.000000 6.446168 0.000000 -4.802464 -0.818355 -18.566099 0.000000 28.520024 0.000000 -3.759292 -14.872685 0.063641 0.000000 -11.424677 0.000000
84.760046 94.185449 -49.940295 -150.228804 -3.176268 6.545131 2.425746 5.241597 3.621073 2.630221 5.214986 2.251918 -3.151070 4.918021 0.823561 -5.142433 4.666937 -0.716642 31.912812 20.878035 -20.077328 13.493450 -14.690957 -9.103956 23.175994 8.925104 -6.047113 -31.715388 -28.181072 -24.624063 -92.303962 19.664593 39.264974 18.672573 -37.024399 -2.540425 -11.988312 3.810582 -17.272940 115.000140 -14.029041 12.029055 95.187723 17.659302 -41.608421 -9.164683 -8.838700 -3.800596 19.129170 -11.143947 7.273568 0.000000 14.553392 0.000000 1.848325 7.609234 -10.476483 0.000000 6.552949 0.000000 -4.987803 -0.698598 -18.666945 0.000000 28.425140 0.000000 -3.469847 -15.108392 0.040569 0.000000 -11.229291 0.000000
84.760852 94.144421 -49.914371 -150.292393 -3.274502 6.578504 2.411590 5.246996 3.575565 2.615886 5.299154 2.207422 -3.098509 4.961234 0.747294 -5.057039 4.679875 -0.673132 31.915064 20.814523 -19.928324 13.501654 -14.512726 -9.116597 23.155692 8.900600 -5.986132 -31.888124 -28.268048 -24.648358 -92.394360 19.694947 39.236252 18.942034 -37.146084 -2.671156 -11.966200 3.751640 -17.199734 114.999648 -14.064673 12.012057 95.287267 17.677523 -41.597675 -9.024041 -8.866050 -3.787991 19.142060 -11.063173 7.283042 0.000000 14.637999 0.000000 1.882599 7.486497 -10.508330 0.000000 6.541489 0.000000 -4.559008 -0.514332 -18.616563 0.000000 28.529327 0.000000 -3.920883 -15.275936 0.108094 0.000000 -11.124590 0.000000
84.769830 94.106042 -49.895306 -150.335915 -3.359354 6.623222 2.360461 5.266479 3.509084 2.547565 5.343026 2.127057 -3.011864 5.009496 0.671756 -4.926314 4.709649 -0.578682 31.795133 20.755966 -19.775544 13.444157 -14.420739 -9.226533 23.161755 8.858526 -6.014295 -32.126736 -28.284297 -24.589927 -92.415280 19.717523 39.213840 18.966964 -37.239397 -2.639259 -11.971153 3.775812 -17.127374 115.063750 -14.105650 11.927804 95.371117 17.707140 -41.573139 -9.217572 -8.976843 -3.651473 19.159252 -10.996665 7.272417 0.000000 14.713834 0.000000 1.928475 7.382914 -10.540377 0.000000 6.566301 0.000000 -4.262959 -0.322566 -18.606291 0.000000 28.539243 0.000000 -4.234434 -15.488148 0.243378 0.000000 -11.027156 0.000000
84.783496 94.073267 -49.875888 -150.346979 -3.436988 6.634785 2.408883 5.331896 3.383929 2.587821 5.303608 2.096291 -3.003040 4.994822 0.821426 -4.948450 4.789717 -0.687726 31.721971 20.812092 -19.680815 13.405255 -14.568939 -9.169957 23.131414 8.856385 -5.945437 -32.323822 -28.432899 -24.624521 -92.473469 19.724236 39.209602 19.055418 -37.223074 -2.845799 -12.017787 3.791250 -17.048399 115.121379 -14.109980 11.880784 95.454990 17.701269 -41.588418 -8.996630 -8.985939 -3.609654 19.130600 -10.967564 7.281697 0.000000 14.814426 0.000000 1.960295 7.254051 -10.460111 0.000000 6.632205 0.000000 -4.492096 -0.247383 -18.690799 0.000000 28.425283 0.000000 -3.966789 -15.650080 0.293099 0.000000 -10.916861 0.000000
84.797028 94.040277 -49.852634 -150.318907 -3.513585 6.649224 2.342104 5.312693 3.347915 2.523683 5.405771 2.034066 -2.923995 5.017397 0.705498 -4.820358 4.794569 -0.587665 31.682750 20.751039 -19.568227 13.393593 -14.438229 -9.120054 23.057318 8.853568 -5.852914 -32.411650 -28.548052 -24.725199 -92.542354 19.795673 39.136916 18.975401 -37.297572 -2.896788 -12.105404 3.799730 -16.973634 115.195452 -14.043433 11.844195 95.625758 17.660339 -41.649764 -9.054811 -9.032227 -3.438199 19.083134 -10.942783 7.266067 0.000000 14.897996 0.000000 2.022309 7.128025 -10.325536 0.000000 6.702686 0.000000 -4.597266 -0.180832 -18.744807 0.000000 28.408780 0.000000 -3.877969 -15.768610 0.381939 0.000000 -10.821101 0.000000
84.821753 94.017804 -49.829257 -150.322125 -3.571089 6.624194 2.329691 5.383349 3.327541 2.451750 5.369373 1.977427 -2.877843 5.038039 0.651427 -4.756067 4.846655 -0.601870 31.656543 20.746186 -19.537776 13.379318 -14.538545 -8.993140 23.008923 8.830657 -5.794702 -32.506360 -28.741379 -24.769790 -92.637821 19.847996 39.087191 19.082947 -37.352011 -2.930768 -12.130898 3.784827 -16.880006 115.240856 -13.932815 11.820341 95.807234 17.604345 -41.729040 -8.966926 -8.949096 -3.275395 19.092505 -10.955587 7.291484 0.000000 14.991031 0.000000 2.050062 7.003594 -10.211781 0.000000 6.831928 0.000000 -4.042343 0.008241 -18.582148 0.000000 28.482810 0.000000 -4.484173 -15.760456 0.526337 0.000000 -10.876126 0.000000
84.852124 93.997198 -49.809732 -150.293974 -3.641878 6.605903 2.332004 5.367929 3.238977 2.489924 5.390492 1.974280 -2.891836 4.998166 0.750897 -4.795363 5.013756 -0.762511 31.524065 20.927607 -19.602905 13.294977 -15.147478 -8.807950 22.878994 8.807878 -5.667305 -32.560124 -28.841192 -24.817745 -92.743515 19.791014 39.151652 19.115359 -37.326611 -2.958032 -12.055152 3.802319 -16.879435 115.247918 -14.103045 11.732032 95.626954 17.864170 -41.720616 -8.968417 -9.268002 -3.182313 19.042507 -10.965541 7.319517 0.000000 15.085749 0.000000 2.086065 6.931335 -10.117717 0.000000 6.914652 0.000000 -4.238695 0.038656 -18.604866 0.000000 28.453668 0.000000 -4.290668 -15.842181 0.528685 0.000000 -10.860091 0.000000
84.873163 93.994446 -49.783234 -150.227854 -3.715749 6.534440 2.303523 5.363066 3.246158 2.461561 5.455066 1.974981 -2.855823 5.071655 0.704796 -4.751484 4.976042 -0.781612 31.484048 20.853117 -19.429626 13.275172 -15.082977 -8.851215 22.767015 8.989975 -5.744196 -32.809436 -29.048543 -24.524561 -92.797216 19.841877 39.098763 19.230571 -37.484410 -2.976146 -12.194731 3.841136 -16.809140 115.353297 -14.270842 11.701968 95.888694 17.777795 -41.545241 -8.948099 -9.141651 -3.127660 18.951765 -10.993532 7.387476 0.000000 15.160718 0.000000 2.098311 6.922476 -9.992932 0.000000 6.911367 0.000000 -4.008264 0.211769 -18.455226 0.000000 28.425192 0.000000 -4.632509 -15.810998 0.581480 0.000000 -10.864542 0.000000
84.904163 93.996185 -49.760431 -150.154060 -3.777626 6.461006 2.370382 5.471386 3.140934 2.501345 5.341084 1.996090 -2.923436 5.042154 0.885881 -4.846432 5.066601 -0.859788 31.524098 20.894985 -19.374509 13.295884 -15.103669 -8.813621 22.804329 9.034506 -5.759955 -33.036645 -29.124574 -24.549211 -92.873910 19.838060 39.106779 19.375963 -37.537566 -3.012802 -12.161083 3.861156 -16.841368 115.287860 -14.138811 11.703650 96.166231 17.769493 -41.580886 -9.122764 -9.066773 -2.965699 18.870852 -11.035265 7.459285 0.000000 15.223036 0.000000 2.092597 6.922896 -9.877964 0.000000 6.926751 0.000000 -4.055253 0.289413 -18.365773 0.000000 28.384534 0.000000 -4.671440 -15.806580 0.612666 0.000000 -10.857504 0.000000
84.928546 94.004626 -49.733493 -150.032773 -3.876954 6.400920 2.389717 5.519477 3.088693 2.524286 5.380900 2.018039 -2.946337 5.105950 0.894533 -4.871255 4.984690 -0.862138 31.550692 20.871469 -19.276339 13.313472 -15.046934 -8.726102 22.743907 9.051027 -5.666066 -33.155901 -29.233401 -24.663981 -92.944727 19.909706 39.032593 19.424900 -37.582537 -3.109563 -12.364949 3.929744 -16.778149 115.362240 -14.043123 11.636037 96.225517 17.908059 -41.429089 -9.275693 -8.660215 -3.545663 18.737489 -11.051708 7.525066 0.000000 15.297649 0.000000 2.081988 6.942156 -9.809198 0.000000 6.970261 0.000000 -4.315183 0.357681 -18.348469 0.000000 28.332906 0.000000 -4.509554 -15.772561 0.638598 0.000000 -10.831448 0.000000
84.959662 94.018243 -49.712003 -149.946803 -3.993983 6.335093 2.361978 5.549545 3.078619 2.483517 5.511568 1.997567 -2.915306 5.120200 0.821405 -4.816863 4.946805 -0.861815 31.560601 20.805296 -19.122735 13.315740 -15.045452 -8.693342 22.699462 9.000936 -5.519330 -33.259849 -29.283149 -24.777832 -93.025655 19.959515 38.982553 19.590597 -37.720664 -3.195064 -12.488412 3.952183 -16.704816 115.385086 -13.970655 11.687280 96.391654 17.876689 -41.540753 -9.060419 -8.773198 -3.315258 18.686577 -11.028630 7.608295 0.000000 15.326325 0.000000 2.020861 6.957482 -9.724749 0.000000 7.046474 0.000000 -4.377828 0.498003 -18.268075 0.000000 28.280702 0.000000 -4.559730 -15.715461 0.666346 0.000000 -10.787754 0.000000
84.993994 94.033490 -49.689209 -149.864811 -4.034616 6.291113 2.336774 5.592906 2.998427 2.442391 5.507098 1.944586 -2.912872 5.121371 0.836182 -4.793556 4.944741 -0.770855 31.567782 20.867910 -19.067865 13.313920 -15.185068 -8.691371 22.726862 9.003350 -5.506147 -33.423235 -29.340950 -24.912813 -93.108694 19.969491 38.976268 19.588121 -37.680678 -3.194180 -12.482289 3.949597 -16.721188 115.353314 -14.054658 11.740245 96.564855 17.931649 -41.438582 -9.230087 -8.740434 -3.295214 18.660770 -11.056146 7.648895 0.000000 15.311908 0.000000 1.947233 7.026779 -9.679742 0.000000 7.093260 0.000000 -4.563888 0.533189 -18.247306 0.000000 28.185016 0.000000 -4.430142 -15.664976 0.708809 0.000000 -10.796761 0.000000
85.029651 94.047272 -49.656287 -149.819618 -4.054621 6.269675 2.273572 5.572703 2.938149 2.387384 5.567889 1.879473 -2.843215 5.101141 0.781005 -4.696947 4.950464 -0.718337 31.593247 20.839698 -18.930809 13.329993 -15.115255 -8.652528 22.627152 9.024356 -5.444974 -33.534084 -29.316906 -24.998809 -93.239751 19.949836 39.003380 19.357030 -37.422063 -2.979984 -12.607806 3.980655 -16.719590 115.324078 -14.010019 11.738113 96.685234 17.931276 -41.447615 -9.213139 -8.846973 -3.217226 18.715398 -11.086747 7.659376 0.000000 15.264286 0.000000 1.817032 7.104302 -9.599541 0.000000 7.148703 0.000000 -4.513329 0.564352 -18.198975 0.000000 28.165208 0.000000 -4.518101 -15.620962 0.808778 0.000000 -10.770823 0.000000
85.080615 94.066602 -49.635254 -149.802948 -4.097285 6.172144 2.363022 5.648954 2.832172 2.462492 5.509940 1.886573 -2.869083 5.151895 0.895298 -4.732676 4.916126 -0.694466 31.560015 20.825622 -18.861817 13.315317 -15.143510 -8.563611 22.616802 8.996884 -5.373582 -33.642203 -29.368966 -25.177398 -93.315060 20.008523 38.941822 19.469758 -37.519384 -3.152526 -12.618279 3.959973 -16.690473 115.365394 -14.245501 11.859352 96.482232 18.288290 -41.514115 -9.326686 -9.134397 -2.979816 18.779385 -11.120645 7.775502 0.000000 15.224944 0.000000 1.675739 7.184577 -9.567965 0.000000 7.193377 0.000000 -4.677284 0.589170 -18.111191 0.000000 28.064418 0.000000 -4.364824 -15.544438 0.805378 0.000000 -10.741869 0.000000
85.126239 94.089600 -49.624179 -149.816536 -4.148636 6.090930 2.311240 5.650658 2.848368 2.372740 5.595075 1.832863 -2.789262 5.110560 0.733732 -4.581249 4.955316 -0.592907 31.544431 20.784533 -18.740504 13.305926 -15.162464 -8.539718 22.507609 8.999659 -5.350902 -33.678959 -29.495524 -25.173151 -93.318350 20.076539 38.869595 19.619197 -37.609906 -3.211052 -12.819206 4.043789 -16.630847 115.338111 -13.954930 11.768008 96.934243 17.928702 -41.477113 -9.364705 -8.813086 -3.058614 18.776608 -11.077839 7.890894 0.000000 15.113367 0.000000 1.648024 7.287815 -9.557641 0.000000 7.172334 0.000000 -4.874149 0.637857 -18.044406 0.000000 27.924092 0.000000 -4.138188 -15.533398 0.683878 0.000000 -10.710939 0.000000
85.148615 94.115204 -49.594971 -149.750125 -4.171550 6.042124 2.307193 5.654584 2.769091 2.380327 5.583163 1.807811 -2.768604 5.175026 0.807359 -4.581017 4.876391 -0.597274 31.512832 20.776041 -18.593831 13.291024 -15.142400 -8.588966 22.468161 8.997372 -5.327809 -33.801606 -29.434607 -25.233388 -93.402669 20.062908 38.887658 19.605555 -37.512146 -3.205736 -12.883709 4.061084 -16.600081 115.292852 -13.993184 11.824095 97.038639 17.977574 -41.433383 -9.478613 -8.987784 -2.887009 18.733726 -11.068085 7.921654 0.000000 15.009594 0.000000 1.620133 7.363062 -9.475299 0.000000 7.222069 0.000000 -5.101909 0.683324 -18.030291 0.000000 27.743610 0.000000 -3.981813 -15.498592 0.677197 0.000000 -10.638758 0.000000
85.181561 94.137524 -49.562189 -149.828927 -4.154687 6.007761 2.430726 5.672154 2.725729 2.493458 5.566309 1.780124 -2.806411 5.121197 0.782191 -4.604080 4.889577 -0.594554 31.500607 20.780784 -18.509164 13.287011 -15.207455 -8.441036 22.390938 9.039416 -5.278818 -33.904603 -29.490019 -25.187017 -93.440798 20.093989 38.856682 19.648161 -37.494612 -3.210759 -12.973031 4.090492 -16.526934 115.209740 -13.941564 11.837839 97.092665 17.991520 -41.420385 -9.514386 -9.055798 -2.822595 18.837281 -11.063649 7.950899 0.000000 14.904139 0.000000 1.594756 7.415254 -9.421572 0.000000 7.295080 0.000000 -4.435244 0.808980 -17.822924 0.000000 27.754751 0.000000 -4.616884 -15.420915 0.787104 0.000000 -10.782500 0.000000
85.225757 94.145544 -49.540149 -149.879158 -4.140462 5.985822 2.434401 5.658126 2.624966 2.505355 5.567732 1.707242 -2.757710 5.152077 0.770633 -4.543435 4.870891 -0.506787 31.486249 20.692645 -18.405999 13.280833 -15.141351 -8.417666 22.380408 8.954432 -5.240197 -33.973667 -29.437450 -25.265491 -93.500748 20.111690 38.839252 19.492305 -37.409586 -3.186097 -12.978496 4.058588 -16.504002 115.187658 -14.166653 11.913845 97.097441 18.044754 -41.359982 -9.636874 -9.148470 -2.600812 18.988051 -11.081589 7.966602 0.000000 14.821999 0.000000 1.508227 7.459491 -9.349064 0.000000 7.351244 0.000000 -4.981829 0.706307 -17.940851 0.000000 27.535034 0.000000 -3.947199 -15.466724 0.807320 0.000000 -10.716757 0.000000
85.269983 94.158679 -49.515118 -149.960781 -4.132695 5.936044 2.406255 5.693401 2.618168 2.406976 5.555832 1.622574 -2.630901 5.127244 0.579483 -4.345906 4.876147 -0.399264 31.435163 20.598524 -18.218089 13.254149 -15.138116 -8.400134 22.315817 8.928355 -5.103807 -33.997404 -29.464589 -25.308438 -93.604366 20.202574 38.745123 19.640946 -37.494430 -3.218780 -13.057413 4.025480 -16.385961 115.117641 -14.188482 12.021870 97.177046 18.046811 -41.367320 -9.742020 -9.168030 -2.450795 19.087095 -11.077933 8.025241 0.000000 14.720374 0.000000 1.497790 7.522500 -9.337984 0.000000 7.394526 0.000000 -4.759438 0.822676 -17.826670 0.000000 27.351741 0.000000 -4.083242 -15.483690 0.871445 0.000000 -10.801389 0.000000
85.292383 94.172900 -49.491962 -150.015129 -4.107527 5.906419 2.509472 5.658733 2.505453 2.545893 5.492616 1.617548 -2.665896 5.161057 0.700829 -4.412176 4.912332 -0.425647 31.381848 20.569476 -18.197594 13.229819 -15.168834 -8.294853 22.230046 8.929735 -5.110357 -34.072783 -29.477763 -25.302771 -93.740470 20.223466 38.727705 19.787163 -37.306727 -3.187296 -13.154527 4.072425 -16.304910 115.099351 -13.989333 11.971017 97.234807 17.943558 -41.489625 -9.717768 -9.186593 -2.271521 19.127103 -11.066593 8.042788 0.000000 14.616231 0.000000 1.536753 7.561898 -9.298540 0.000000 7.437157 0.000000 -4.620080 0.894994 -17.755946 0.000000 27.189397 0.000000 -4.137340 -15.513707 0.850809 0.000000 -10.955154 0.000000
85.320972 94.180237 -49.461597 -150.071064 -4.077255 5.877609 2.561947 5.635862 2.436647 2.614789 5.484667 1.588663 -2.682427 5.133895 0.695988 -4.419855 4.950911 -0.415878 31.361267 20.492149 -18.120220 13.216546 -15.175309 -8.292374 22.225804 8.869493 -5.051551 -34.110765 -29.484116 -25.327094 -93.809154 20.260466 38.691067 19.933313 -37.336880 -3.238472 -13.265968 4.081782 -16.313645 115.001461 -13.830471 11.917461 97.294708 17.908255 -41.534171 -9.623881 -9.236650 -2.402171 19.158913 -11.067510 8.052939 0.000000 14.519607 0.000000 1.591645 7.601685 -9.207113 0.000000 7.423506 0.000000 -4.626821 0.954045 -17.733636 0.000000 26.938252 0.000000 -4.025564 -15.538262 0.834365 0.000000 -10.976238 0.000000
85.356000 94.185901 -49.430750 -150.121403 -4.055122 5.848048 2.547587 5.596839 2.361567 2.616241 5.505550 1.538660 -2.604678 5.109796 0.686687 -4.321080 4.953295 -0.334417 31.318083 20.485369 -18.006776 13.197076 -15.153656 -8.335052 22.072835 8.859667 -5.035225 -34.086445 -29.483754 -25.346531 -93.892770 20.290555 38.661750 19.959932 -37.207337 -3.206244 -13.326978 4.099657 -16.323230 114.870643 -13.885767 11.906239 97.026266 18.187714 -41.554175 -9.709966 -9.649329 -2.244139 19.113238 -11.053964 8.080869 0.000000 14.416186 0.000000 1.699827 7.660543 -9.185141 0.000000 7.408667 0.000000 -4.949385 0.948630 -17.779358 0.000000 26.678916 0.000000 -3.698015 -15.617678 0.892995 0.000000 -10.623428 0.000000
85.388763 94.191504 -49.391354 -150.202380 -4.036105 5.789128 2.590375 5.628986 2.368416 2.598600 5.463625 1.515628 -2.530576 5.118456 0.605613 -4.234857 4.913273 -0.409181 31.272614 20.403395 -17.805413 13.170030 -15.220651 -8.335180 21.968117 8.795549 -4.851173 -34.044301 -29.433277 -25.362905 -93.989874 20.268707 38.688988 19.929024 -37.094052 -3.356590 -13.379975 4.100727 -16.172862 114.746129 -13.857922 11.964644 97.290563 17.950389 -41.489322 -9.768497 -9.443949 -2.299994 19.158309 -11.083978 8.135305 0.000000 14.378331 0.000000 1.738657 7.670688 -9.153122 0.000000 7.431085 0.000000 -4.262181 1.108907 -17.553529 0.000000 26.661713 0.000000 -4.376546 -15.629001 1.064428 0.000000 -10.577464 0.000000
85.430078 94.193121 -49.368839 -150.270136 -4.028364 5.736916 2.591586 5.612960 2.300787 2.597704 5.457202 1.487978 -2.462397 5.178207 0.612029 -4.164579 4.898963 -0.373979 31.224565 20.345747 -17.697112 13.140623 -15.248168 -8.478549 21.892649 8.744901 -4.814510 -33.972739 -29.558902 -25.381998 -94.033869 20.379822 38.569827 19.998484 -37.224641 -3.428357 -13.429212 4.065177 -16.106589 114.677750 -13.783725 11.968388 97.295431 17.908345 -41.535714 -9.852057 -9.492576 -2.180367 19.092313 -11.065768 8.206850 0.000000 14.292516 0.000000 1.865134 7.731652 -9.161337 0.000000 7.366284 0.000000 -4.593717 1.120313 -17.580735 0.000000 26.390244 0.000000 -3.934993 -15.741922 1.004284 0.000000 -10.346468 0.000000
85.462897 94.201764 -49.333466 -150.350551 -4.021099 5.643976 2.671089 5.613077 2.281158 2.661032 5.470041 1.523990 -2.483074 5.215275 0.599978 -4.189907 4.868978 -0.441129 31.242738 20.396088 -17.605586 13.133312 -15.581436 -8.564909 21.916823 8.652409 -4.722888 -34.028335 -29.497419 -25.343928 -94.165604 20.364343 38.591940 20.051156 -37.104676 -3.363074 -13.419699 4.071867 -15.976231 114.699792 -13.718984 11.970249 97.092226 18.100966 -41.746486 -9.980917 -9.679678 -2.003011 19.075285 -11.076332 8.306803 0.000000 14.227628 0.000000 1.941536 7.780147 -9.142048 0.000000 7.298100 0.000000 -3.784730 1.339601 -17.279207 0.000000 26.359456 0.000000 -4.805229 -15.689731 1.158075 0.000000 -10.216033 0.000000
85.500555 94.206122 -49.301541 -150.432113 -4.042225 5.566219 2.665221 5.554627 2.349273 2.612456 5.639254 1.458809 -2.377308 5.141843 0.460005 -4.040393 4.881457 -0.438188 31.101800 20.316537 -17.355646 13.059404 -15.661845 -8.783770 21.807531 8.541553 -4.569073 -34.063046 -29.421494 -25.336215 -94.274826 20.321188 38.642208 20.044987 -36.973665 -3.339688 -13.551636 4.115202 -15.801265 114.633097 -13.832338 11.929708 97.282206 17.882797 -41.565835 -10.065770 -9.506404 -1.985908 19.071877 -11.065110 8.408908 0.000000 14.180504 0.000000 1.990949 7.813893 -9.141601 0.000000 7.228777 0.000000 -3.810132 1.463346 -17.201681 0.000000 26.089756 0.000000 -4.756601 -15.767447 1.138877 0.000000 -10.072795 0.000000
85.537842 94.201752 -49.262555 -150.563269 -4.032757 5.536602 2.751386 5.662273 2.267451 2.627784 5.497951 1.424174 -2.324715 5.171816 0.509249 -4.000226 4.919738 -0.498766 31.101674 20.113312 -17.187785 13.057137 -15.531860 -8.868261 21.745387 8.428348 -4.456175 -34.010305 -29.446591 -25.385520 -94.407442 20.358637 38.606606 20.104650 -36.856327 -3.346024 -13.551016 4.077986 -15.729868 114.532661 -13.869424 11.954117 97.329366 17.884062 -41.568434 -10.128364 -9.521535 -1.981280 19.060090 -11.031539 8.458854 0.000000 14.103234 0.000000 2.137773 7.813523 -9.156240 0.000000 7.237354 0.000000 -2.829733 1.650428 -16.942849 0.000000 26.144530 0.000000 -5.619550 -15.793874 1.275389 0.000000 -10.415273 0.000000
85.574628 94.197345 -49.233890 -150.646256 -4.014674 5.474649 2.824066 5.677944 2.192088 2.711372 5.444373 1.474079 -2.327218 5.204278 0.558543 -4.034827 4.873229 -0.614069 31.128796 19.997607 -17.064109 13.068623 -15.478627 -8.888546 21.721885 8.438519 -4.346935 -33.988240 -29.513149 -25.321383 -94.459747 20.405115 38.557268 20.078130 -36.895429 -3.455177 -13.545538 4.097548 -15.586515 114.511191 -13.914714 11.997754 97.307008 17.860397 -41.591747 -10.121596 -9.572502 -1.847656 19.066800 -11.032587 8.524818 0.000000 14.031734 0.000000 2.219508 7.799045 -9.104017 0.000000 7.228880 0.000000 -2.538785 1.724091 -16.809851 0.000000 26.058834 0.000000 -5.805984 -15.855929 1.329657 0.000000 -10.576911 0.000000
85.607129 94.195551 -49.195200 -150.734969 -4.005493 5.414956 2.889247 5.635936 2.205282 2.761276 5.515181 1.461435 -2.292694 5.184079 0.505670 -3.980855 4.879221 -0.590359 31.056642 19.907365 -16.896681 13.033056 -15.435288 -9.050510 21.622612 8.347382 -4.256853 -33.959765 -29.570052 -25.379750 -94.542376 20.461047 38.499800 20.136328 -36.944599 -3.508617 -13.561376 4.115436 -15.533198 114.366666 -13.837349 11.999895 97.225975 18.019499 -41.717714 -10.152368 -9.718555 -1.739000 19.017396 -11.007333 8.590971 0.000000 13.941483 0.000000 2.365873 7.788189 -9.077145 0.000000 7.247394 0.000000 -2.194791 1.845018 -16.689761 0.000000 25.937730 0.000000 -6.061125 -15.915859 1.529954 0.000000 -10.352799 0.000000
85.645392 94.190131 -49.153101 -150.838792 -3.987407 5.362704 3.006220 5.652281 2.227463 2.787727 5.517277 1.400071 -2.278049 5.135451 0.453672 -3.944083 4.919024 -0.539576 31.018594 19.796635 -16.777281 13.014760 -15.369296 -9.115863 21.588736 8.318417 -4.180363 -34.058251 -29.584004 -25.336874 -94.642067 20.458983 38.505801 20.239726 -36.877305 -3.535331 -13.644185 4.122730 -15.447845 114.250643 -13.816007 11.976971 97.465184 17.846228 -41.627113 -10.191863 -9.597612 -1.683110 19.007284 -11.020545 8.649093 0.000000 13.903632 0.000000 2.490830 7.771834 -9.077058 0.000000 7.281448 0.000000 -1.347161 1.973507 -16.430759 0.000000 26.030312 0.000000 -6.855439 -15.937884 1.699977 0.000000 -10.419248 0.000000
85.676990 94.189606 -49.114612 -150.902996 -3.999213 5.322888 2.946440 5.659532 2.258167 2.670022 5.554271 1.333194 -2.145846 5.161161 0.337330 -3.773997 4.904439 -0.463704 30.960602 19.610052 -16.699612 12.989142 -15.167929 -9.185542 21.501433 8.259599 -4.113932 -33.977586 -29.645757 -25.377045 -94.708095 20.498178 38.465124 20.160371 -36.804775 -3.590920 -13.708750 4.151116 -15.379319 114.210717 -13.662445 11.928939 97.551581 17.786325 -41.704103 -10.200629 -9.597469 -1.710143 18.969693 -10.987579 8.690440 0.000000 13.833470 0.000000 2.625177 7.751234 -9.025784 0.000000 7.324726 0.000000 -0.930509 2.076865 -16.286998 0.000000 26.014659 0.000000 -7.248100 -15.987899 1.772502 0.000000 -10.577086 0.000000
85.718433 94.189777 -49.072626 -150.897207 -3.951323 5.210516 2.949570 5.664003 2.211512 2.694456 5.465248 1.411662 -2.118946 5.163151 0.481984 -3.792695 4.939958 -0.613695 31.019002 19.275650 -16.563282 13.025899 -14.605989 -9.255862 21.399416 8.173261 -4.058825 -33.806270 -29.710445 -25.449830 -94.806554 20.582969 38.375500 20.185949 -36.858128 -3.736060 -13.740214 4.151561 -15.357254 114.157585 -13.590531 11.932619 97.588313 17.754450 -41.743260 -10.092325 -9.632340 -1.619548 18.920588 -11.107693 8.777575 0.000000 13.841588 0.000000 2.688097 7.744373 -8.985537 0.000000 7.311803 0.000000 -0.864130 2.103563 -16.133529 0.000000 25.852865 0.000000 -7.284457 -16.059603 1.696895 0.000000 -10.766469 0.000000
85.747699 94.194397 -49.027792 -150.968697 -3.969086 5.131716 3.029525 5.694903 2.205713 2.757665 5.469411 1.449563 -2.102674 5.175265 0.510219 -3.778359 4.957063 -0.648180 30.971347 19.157168 -16.425580 13.001377 -14.529647 -9.425944 21.300143 8.067645 -4.044438 -33.833407 -29.691116 -25.439212 -94.953693 20.613605 38.348048 20.308419 -36.848528 -3.698676 -13.734179 4.034423 -15.306668 114.124213 -13.874276 12.119905 97.478045 17.976642 -41.749022 -10.141905 -9.849774 -1.456435 18.862381 -11.089101 8.871035 0.000000 13.784152 0.000000 2.805204 7.773404 -9.007811 0.000000 7.254361 0.000000 -0.138165 2.276089 -15.882169 0.000000 25.867751 0.000000 -8.003036 -16.065420 1.938286 0.000000 -10.829479 0.000000
85.779901 94.185211 -48.993817 -151.034120 -3.969927 5.127280 3.025944 5.657448 2.148909 2.787193 5.553103 1.414662 -2.036726 5.203859 0.499562 -3.703166 4.896690 -0.573831 30.902873 19.096594 -16.385449 12.969350 -14.485932 -9.478448 21.217640 8.060136 -3.996494 -33.840256 -29.734807 -25.463960 -95.062758 20.628406 38.334286 20.302587 -36.745645 -3.654897 -13.838177 4.063629 -15.239810 114.074312 -13.789742 12.092617 97.722440 17.819524 -41.684849 -10.215624 -9.537112 -1.482632 18.895895 -11.079195 8.881606 0.000000 13.737338 0.000000 2.845010 7.811482 -9.007740 0.000000 7.187778 0.000000 0.071673 2.322478 -15.849126 0.000000 25.850532 0.000000 -8.149509 -16.159983 2.143189 0.000000 -10.720983 0.000000
85.807245 94.184766 -48.960272 -151.073040 -3.983929 5.078354 3.006042 5.638209 2.192805 2.720363 5.543598 1.373068 -1.999312 5.146585 0.441100 -3.637051 5.056386 -0.604586 30.947665 19.100341 -16.309347 12.987155 -14.561271 -9.540698 21.121383 7.969587 -3.900717 -33.727041 -29.797120 -25.498406 -95.114173 20.639937 38.323195 20.326750 -36.666894 -3.588751 -13.783785 4.134393 -15.172133 114.053662 -13.717443 12.017925 97.716636 17.764623 -41.746717 -10.288366 -9.470971 -1.445651 18.817072 -11.044028 8.941958 0.000000 13.658996 0.000000 2.958818 7.860040 -9.011951 0.000000 7.102941 0.000000 -0.044931 2.345611 -15.834452 0.000000 25.718408 0.000000 -7.961149 -16.227550 2.152051 0.000000 -10.722574 0.000000
85.840198 94.186249 -48.924005 -151.159345 -3.989672 5.025302 3.046406 5.669601 2.183914 2.736488 5.507231 1.376055 -1.953454 5.209400 0.465559 -3.592990 5.018143 -0.630401 30.890754 19.113163 -16.233627 12.957704 -14.642659 -9.663835 21.060274 7.918569 -3.842165 -33.643886 -29.907345 -25.566732 -95.168311 20.726359 38.229757 20.339478 -36.653502 -3.689552 -13.900364 4.219394 -15.120434 114.027877 -13.544967 11.944943 97.780058 17.739739 -41.780287 -10.162538 -9.594938 -1.389573 18.911361 -11.056085 9.004945 0.000000 13.623042 0.000000 2.937518 7.901204 -9.037597 0.000000 7.049926 0.000000 0.579877 2.418919 -15.628844 0.000000 25.822326 0.000000 -8.493279 -16.216854 2.251334 0.000000 -10.786130 0.000000
85.863696 94.180554 -48.892551 -151.185081 -4.000483 5.005629 3.052394 5.636678 2.139184 2.765942 5.531482 1.360943 -1.927620 5.224742 0.473615 -3.561016 5.066506 -0.589253 30.857239 19.047631 -16.197341 12.941480 -14.597630 -9.726817 20.990081 7.863383 -3.821702 -33.665022 -29.944845 -25.573791 -95.248935 20.745860 38.211804 20.310934 -36.567005 -3.631062 -13.869374 4.173933 -15.117634 113.963726 -13.732509 12.035382 97.693948 17.926978 -41.721762 -10.306847 -9.590397 -1.416081 18.952450 -11.066972 9.023861 0.000000 13.605037 0.000000 2.927483 7.949831 -9.044559 0.000000 6.951084 0.000000 0.519637 2.405848 -15.647094 0.000000 25.800435 0.000000 -8.351516 -16.273115 2.332609 0.000000 -10.677701 0.000000
85.890076 94.175677 -48.858975 -151.218916 -4.011957 4.994298 3.131037 5.636650 2.059306 2.877461 5.546436 1.370412 -1.976879 5.256572 0.572580 -3.635416 5.026669 -0.581514 30.840319 19.018060 -16.186274 12.934216 -14.567743 -9.720026 20.959225 7.799418 -3.804682 -33.621805 -29.942875 -25.656161 -95.371882 20.780853 38.177174 20.306343 -36.454967 -3.632820 -13.919869 4.197310 -15.108353 113.936831 -13.894392 12.040143 97.745972 17.950813 -41.534887 -10.329709 -9.596738 -1.397326 19.030386 -11.078108 9.032669 0.000000 13.577811 0.000000 2.896654 8.020981 -9.038750 0.000000 6.826271 0.000000 0.682088 2.432235 -15.621873 0.000000 25.808847 0.000000 -8.431175 -16.289699 2.464779 0.000000 -10.615977 0.000000
85.913416 94.173639 -48.827066 -151.203871 -4.009106 4.965812 3.056551 5.577827 2.105414 2.786294 5.620261 1.330227 -1.867167 5.252457 0.432623 -3.486981 5.013152 -0.551535 30.792763 19.063692 -16.094034 12.910827 -14.718469 -9.715789 20.824543 7.743779 -3.695326 -33.576142 -29.965554 -25.667780 -95.451406 20.830194 38.124185 20.515877 -36.511358 -3.676365 -14.095193 4.223964 -14.957674 113.986096 -13.603501 12.083726 97.845951 17.832188 -41.681441 -10.280269 -9.541438 -1.478807 19.001543 -11.103556 9.053471 0.000000 13.543904 0.000000 2.914182 8.104443 -9.045321 0.000000 6.693676 0.000000 0.477511 2.448134 -15.656577 0.000000 25.645782 0.000000 -8.157419 -16.368200 2.503566 0.000000 -10.678632 0.000000
85.936163 94.172302 -48.792117 -151.181660 -4.040476 4.952044 3.060012 5.646181 2.100133 2.734286 5.568755 1.296050 -1.836026 5.258558 0.413777 -3.443971 5.010705 -0.543802 30.751054 19.019703 -16.055442 12.892259 -14.693578 -9.706488 20.760750 7.727475 -3.628534 -33.522276 -29.988469 -25.702250 -95.571356 20.870063 38.083250 20.673063 -36.500932 -3.819413 -14.163119 4.274358 -14.892178 113.912197 -13.433972 12.135848 98.115343 17.821355 -41.721254 -10.587947 -9.380544 -1.331030 18.949975 -11.101478 9.070406 0.000000 13.526735 0.000000 2.945949 8.190765 -9.070302 0.000000 6.576595 0.000000 0.365087 2.449753 -15.678011 0.000000 25.627309 0.000000 -8.017521 -16.421512 2.555759 0.000000 -10.753277 0.000000
85.971124 94.162708 -48.765686 -151.200311 -4.049293 4.946060 3.098029 5.642951 2.000060 2.788598 5.539519 1.269911 -1.817336 5.292986 0.490956 -3.432140 5.090572 -0.495800 30.655403 18.836611 -16.034778 12.848826 -14.559540 -9.692694 20.704892 7.676514 -3.634628 -33.631640 -30.036939 -25.665571 -95.667318 20.918279 38.032604 20.832073 -36.488614 -3.697918 -14.099584 4.228054 -14.853958 113.887700 -13.830279 12.261930 97.973046 18.116368 -41.696991 -10.836374 -9.421489 -0.876365 19.013556 -11.135241 9.081532 0.000000 13.532959 0.000000 2.902536 8.261179 -9.088917 0.000000 6.467063 0.000000 0.146948 2.402390 -15.733524 0.000000 25.582811 0.000000 -7.723528 -16.510857 2.542998 0.000000 -10.729932 0.000000
85.994983 94.157355 -48.734421 -151.154561 -4.081227 4.930564 3.108467 5.653057 1.943206 2.822575 5.534711 1.302385 -1.847565 5.260537 0.594627 -3.491655 5.107433 -0.602205 30.665881 18.899367 -15.987586 12.853870 -14.640347 -9.672250 20.646137 7.604804 -3.622251 -33.587588 -29.961677 -25.632792 -95.702648 20.915878 38.036414 20.896317 -36.351792 -3.750511 -14.196035 4.346415 -14.859205 113.858403 -13.703061 12.163559 98.138421 17.936296 -41.591212 -10.648157 -9.485085 -0.955343 19.002402 -11.163954 9.091849 0.000000 13.547649 0.000000 2.873169 8.345348 -9.084117 0.000000 6.321653 0.000000 0.158916 2.422997 -15.709412 0.000000 25.606448 0.000000 -7.759620 -16.529946 2.586800 0.000000 -10.723066 0.000000
86.018323 94.150836 -48.700064 -151.123582 -4.123139 4.924293 3.113861 5.678754 1.941074 2.807895 5.568012 1.296378 -1.826754 5.290598 0.545660 -3.450090 5.069258 -0.556835 30.626961 18.887642 -15.989881 12.836306 -14.644987 -9.638343 20.547316 7.554272 -3.548229 -33.485703 -30.031605 -25.723322 -95.769110 20.973118 37.975682 20.893855 -36.252556 -3.850515 -14.288405 4.333335 -14.816805 113.892342 -13.639365 12.227362 98.173428 17.912366 -41.623533 -10.585471 -9.512470 -0.959138 18.994626 -11.175603 9.096325 0.000000 13.557418 0.000000 2.855826 8.442059 -9.074552 0.000000 6.176671 0.000000 0.440146 2.452334 -15.628385 0.000000 25.756676 0.000000 -8.070834 -16.522637 2.698222 0.000000 -10.796233 0.000000
86.039923 94.140302 -48.667789 -151.032146 -4.172192 4.910242 3.012799 5.699808 1.994640 2.646758 5.619689 1.228573 -1.738583 5.299930 0.352555 -3.280765 5.009711 -0.371161 30.549794 18.578317 -15.947429 12.811269 -14.132920 -9.539253 20.470680 7.531609 -3.499947 -33.476334 -30.013743 -25.766251 -95.839547 20.993001 37.954860 20.823494 -36.151842 -3.797532 -14.377541 4.371865 -14.750796 114.021626 -13.878651 12.312188 98.107535 17.950898 -41.572414 -10.714051 -9.442236 -0.801090 18.942831 -11.207418 9.099523 0.000000 13.596882 0.000000 2.813966 8.525360 -9.030058 0.000000 6.013119 0.000000 0.335993 2.463955 -15.636274 0.000000 25.794076 0.000000 -7.995906 -16.558220 2.717994 0.000000 -10.782229 0.000000
86.075580 94.124457 -48.644766 -150.998928 -4.206894 4.892442 3.031025 5.694421 1.905954 2.702407 5.625624 1.252026 -1.717292 5.300870 0.509363 -3.295888 5.028612 -0.494279 30.496587 18.529740 -15.824284 12.787053 -14.117042 -9.596387 20.325082 7.462417 -3.425756 -33.446814 -30.054720 -25.741744 -95.835786 21.023886 37.920032 20.809619 -36.104275 -3.727045 -14.420296 4.326663 -14.697829 113.917702 -13.742193 12.394038 98.205814 17.921486 -41.614380 -10.675471 -9.259585 -0.970694 19.027530 -11.276911 9.117987 0.000000 13.668926 0.000000 2.689703 8.595874 -9.012632 0.000000 5.859948 0.000000 -0.159874 2.404337 -15.734734 0.000000 25.715194 0.000000 -7.478242 -16.670803 2.627267 0.000000 -10.576369 0.000000
86.115851 94.108643 -48.623813 -150.940336 -4.262143 4.879478 3.009262 5.701784 1.869353 2.667017 5.687417 1.205355 -1.685248 5.280858 0.505967 -3.235666 5.061439 -0.438489 30.470840 18.457872 -15.767735 12.775725 -14.108847 -9.549973 20.238675 7.387374 -3.373853 -33.438922 -30.114873 -25.721671 -95.829843 21.087529 37.848182 20.898961 -36.124318 -3.709223 -14.476151 4.336962 -14.652430 113.829399 -13.627661 12.375812 98.323986 17.898298 -41.605886 -10.596267 -9.358301 -1.052793 19.072432 -11.332283 9.143013 0.000000 13.746380 0.000000 2.565935 8.667660 -9.027283 0.000000 5.726387 0.000000 -0.508395 2.370784 -15.798754 0.000000 25.715070 0.000000 -7.103387 -16.765697 2.558824 0.000000 -10.485353 0.000000
86.136908 94.095898 -48.599866 -150.862265 -4.307785 4.868830 3.106158 5.790943 1.804538 2.746748 5.580216 1.244476 -1.768874 5.271661 0.607842 -3.330935 5.107119 -0.492611 30.434890 18.400860 -15.714981 12.761186 -14.055074 -9.509736 20.231741 7.094987 -3.233449 -33.359884 -30.003986 -26.046465 -95.863047 21.092990 37.843446 20.846599 -36.016341 -3.786510 -14.472924 4.377597 -14.601062 113.845054 -13.689506 12.421168 98.034743 18.221950 -41.742020 -10.665457 -9.836550 -0.763324 19.066231 -11.390738 9.155254 0.000000 13.837277 0.000000 2.487953 8.713251 -9.058804 0.000000 5.627806 0.000000 -0.926015 2.319508 -15.892403 0.000000 25.707709 0.000000 -6.696478 -16.838396 2.545894 0.000000 -10.389172 0.000000
86.162671 94.080792 -48.570428 -150.761770 -4.367259 4.857639 2.917932 5.710262 1.938361 2.508397 5.778365 1.126081 -1.622270 5.316737 0.279133 -3.069716 5.044640 -0.245767 30.387788 18.330281 -15.640883 12.739720 -14.027455 -9.534702 20.126379 7.043035 -3.163449 -33.299588 -30.104346 -26.069944 -95.842182 21.141740 37.788286 20.873008 -36.086298 -3.837706 -14.552635 4.413402 -14.556512 113.820950 -13.865057 12.470593 98.271107 18.054410 -41.471022 -10.594936 -9.562368 -0.839783 18.977793 -11.434966 9.171667 0.000000 13.922713 0.000000 2.457302 8.779826 -9.073111 0.000000 5.490644 0.000000 -1.227395 2.293122 -15.945621 0.000000 25.745093 0.000000 -6.447017 -16.909982 2.540790 0.000000 -10.375181 0.000000
86.183673 94.063678 -48.541129 -150.691538 -4.411480 4.857088 3.006583 5.840120 1.853274 2.574738 5.610184 1.157419 -1.647908 5.359318 0.458717 -3.147290 5.019260 -0.384293 30.341449 18.239021 -15.545967 12.722288 -13.910210 -9.485396 20.013469 7.047028 -3.098338 -33.307760 -30.166673 -26.002857 -95.852014 21.192726 37.732152 21.010126 -36.225447 -3.881245 -14.655218 4.479514 -14.464867 113.793915 -13.819146 12.475756 98.259239 18.078432 -41.437637 -10.501630 -9.587261 -0.906370 18.933623 -11.480350 9.175188 0.000000 14.004137 0.000000 2.416668 8.831339 -9.103761 0.000000 5.368306 0.000000 -1.025117 2.327630 -15.892847 0.000000 25.889972 0.000000 -6.700315 -16.947125 2.674720 0.000000 -10.382757 0.000000
86.190552 94.055475 -48.511942 -150.587289 -4.457616 4.853752 2.963781 5.815074 1.866812 2.557467 5.664036 1.181531 -1.615405 5.311770 0.434913 -3.101176 5.094386 -0.444678 30.283474 18.207673 -15.467930 12.696435 -13.938011 -9.447711 19.998489 7.061153 -3.017952 -33.657313 -30.098192 -25.948715 -95.875793 20.980825 37.968968 20.862249 -35.907479 -3.893841 -14.755393 4.473985 -14.416925 113.643212 -13.764160 12.481895 98.273576 18.085129 -41.274208 -10.295955 -9.654791 -1.162744 18.891285 -11.514912 9.164242 0.000000 14.056504 0.000000 2.349961 8.906710 -9.103105 0.000000 5.220324 0.000000 -0.948744 2.377623 -15.870370 0.000000 25.961454 0.000000 -6.864583 -16.933108 2.786410 0.000000 -10.400715 0.000000
86.206171 94.037939 -48.488437 -150.494256 -4.502645 4.844515 3.016582 5.808071 1.854473 2.636649 5.693362 1.209004 -1.658068 5.326551 0.475866 -3.157813 5.065902 -0.495638 30.228173 18.128875 -15.395487 12.673213 -13.900249 -9.374245 19.894467 7.006051 -2.954915 -33.620892 -30.195779 -25.919303 -95.842386 21.102560 37.831273 20.943102 -36.133056 -3.887552 -14.805538 4.502451 -14.352007 113.556390 -13.694884 12.521957 98.419273 18.094311 -41.293120 -10.431402 -9.753351 -1.101637 18.849176 -11.561018 9.172449 0.000000 14.136022 0.000000 2.277684 8.941055 -9.122973 0.000000 5.116598 0.000000 -0.971134 2.406002 -15.861779 0.000000 26.026414 0.000000 -6.923057 -16.982315 2.880075 0.000000 -10.376215 0.000000
86.228668 94.014093 -48.472174 -150.459009 -4.540839 4.840201 2.982515 5.833607 1.906967 2.550782 5.683766 1.150641 -1.599539 5.298223 0.321697 -3.026789 5.107947 -0.334421 30.191960 18.117847 -15.342067 12.658181 -13.877667 -9.362877 19.796239 7.012443 -2.895212 -33.589837 -30.244093 -25.973271 -95.894122 21.112538 37.823052 21.140666 -36.074535 -4.083016 -14.777944 4.539209 -14.356169 113.600640 -13.791392 12.587384 98.247828 18.286633 -41.457323 -10.614245 -9.830180 -0.841612 18.942512 -11.621306 9.183141 0.000000 14.230610 0.000000 2.133049 8.951692 -9.136428 0.000000 5.007588 0.000000 -1.233865 2.400195 -15.921332 0.000000 25.994583 0.000000 -6.675414 -17.096049 2.874256 0.000000 -10.257782 0.000000
86.247217 93.990546 -48.452774 -150.397051 -4.575673 4.834693 2.953359 5.809680 1.933014 2.529478 5.699299 1.145318 -1.557626 5.350581 0.291261 -2.984035 5.070389 -0.376901 30.135606 18.055672 -15.262906 12.633138 -13.893979 -9.311249 19.692698 6.965285 -2.774950 -33.582948 -30.243794 -25.983789 -95.933147 21.078486 37.861934 21.129510 -36.052059 -4.064631 -14.830037 4.607838 -14.348754 113.577197 -13.842639 12.564365 98.409152 18.141613 -41.379761 -10.581454 -9.791663 -0.801873 18.945696 -11.678480 9.191207 0.000000 14.322950 0.000000 2.051670 8.957425 -9.152826 0.000000 4.904361 0.000000 -1.437696 2.393801 -15.966654 0.000000 26.004510 0.000000 -6.495450 -17.214321 2.901615 0.000000 -10.181971 0.000000
86.258508 93.975012 -48.437064 -150.329325 -4.606645 4.826691 3.018209 5.817359 1.924879 2.617022 5.680649 1.182123 -1.603334 5.321975 0.361034 -3.055533 5.051050 -0.475658 30.092415 18.060978 -15.191838 12.615573 -13.895477 -9.263922 19.664207 6.943175 -2.663596 -33.700056 -30.149949 -26.017013 -95.975270 20.981289 37.972442 21.129740 -35.896972 -4.138488 -14.839576 4.676789 -14.315336 113.535523 -13.974858 12.614983 98.371478 18.208077 -41.298198 -10.680029 -9.949912 -0.684257 18.950977 -11.715948 9.195042 0.000000 14.376103 0.000000 1.974055 8.973160 -9.165556 0.000000 4.812244 0.000000 -1.521110 2.409760 -15.978182 0.000000 26.032933 0.000000 -6.454258 -17.294593 2.966204 0.000000 -10.148035 0.000000
86.264215 93.956885 -48.418729 -150.222257 -4.648282 4.819131 2.993767 5.796505 1.968669 2.590363 5.679835 1.186149 -1.556680 5.333121 0.309831 -2.995189 5.080296 -0.480984 30.043698 18.038167 -15.215065 12.594490 -13.932625 -9.103651 19.512424 6.939102 -2.578256 -33.699217 -30.241231 -25.997837 -95.960272 21.015789 37.932833 21.089283 -35.908574 -4.200264 -14.942832 4.741115 -14.269966 113.457843 -13.810299 12.586379 98.425035 18.149578 -41.371122 -10.573242 -9.843752 -0.689901 18.935157 -11.758612 9.190876 0.000000 14.449063 0.000000 1.877957 8.969980 -9.173459 0.000000 4.743692 0.000000 -1.677209 2.434329 -16.008179 0.000000 26.055022 0.000000 -6.378969 -17.378218 3.034972 0.000000 -10.060299 0.000000
86.271594 93.937646 -48.407300 -150.152578 -4.686967 4.807812 3.036541 5.813174 1.954384 2.657504 5.631153 1.228135 -1.562072 5.379630 0.352089 -3.020408 5.065880 -0.525016 29.963419 18.038194 -15.103032 12.555788 -14.024508 -9.209728 19.347910 6.842264 -2.527059 -33.530750 -30.317775 -26.004158 -95.969701 21.174187 37.755405 21.264169 -36.161311 -4.231208 -15.026453 4.803407 -14.186977 113.486107 -13.654162 12.584085 98.433371 18.098061 -41.520395 -10.577373 -9.738591 -0.705133 18.952849 -11.789434 9.199780 0.000000 14.508299 0.000000 1.783532 8.964646 -9.186932 0.000000 4.663835 0.000000 -1.751224 2.465983 -16.010708 0.000000 26.084041 0.000000 -6.356282 -17.451940 3.058513 0.000000 -10.022575 0.000000
86.293591 93.913293 -48.393082 -150.054052 -4.698607 4.756513 2.981398 5.816117 1.963692 2.660233 5.575413 1.287241 -1.519132 5.380405 0.345613 -2.966505 5.119585 -0.558625 29.937148 18.063286 -15.042057 12.540821 -14.170816 -9.274732 19.251749 6.797125 -2.441539 -33.594277 -30.310318 -26.014283 -96.008780 21.120822 37.815827 21.241548 -36.068874 -4.311300 -15.110374 4.806938 -14.161378 113.410821 -13.660805 12.566173 98.466975 18.080709 -41.457382 -10.619919 -9.674823 -0.807719 18.973172 -11.901063 9.238250 0.000000 14.607439 0.000000 1.654600 8.954083 -9.180473 0.000000 4.558328 0.000000 -1.764591 2.487384 -15.943274 0.000000 26.114772 0.000000 -6.440461 -17.522812 3.122060 0.000000 -9.994223 0.000000
86.298108 93.894263 -48.382416 -150.007722 -4.719806 4.751526 2.951431 5.772622 2.023857 2.624653 5.616061 1.263364 -1.479292 5.357580 0.266882 -2.896709 5.147024 -0.513103 29.901339 18.050859 -14.999283 12.524410 -14.190622 -9.295228 19.254570 6.789835 -2.389307 -33.741555 -30.268051 -26.011948 -96.096134 21.049332 37.899044 21.250379 -35.988758 -4.355421 -15.098886 4.810596 -14.149613 113.359217 -13.666803 12.578833 98.475107 18.070840 -41.470641 -10.651260 -9.770680 -0.745501 19.038386 -11.931210 9.229734 0.000000 14.630872 0.000000 1.621685 8.988663 -9.189895 0.000000 4.457878 0.000000 -1.830360 2.498639 -15.957310 0.000000 26.139572 0.000000 -6.394746 -17.615718 3.161224 0.000000 -9.970683 0.000000
86.307813 93.874451 -48.373166 -149.971204 -4.749554 4.763972 2.863430 5.719593 2.055652 2.540991 5.711334 1.205946 -1.380361 5.405684 0.165464 -2.750912 5.085923 -0.342227 29.831499 18.067434 -15.080182 12.490968 -14.236808 -9.257473 19.204011 6.807636 -2.431255 -33.755265 -30.362637 -25.953764 -96.119532 21.117752 37.823049 21.249999 -36.025153 -4.340320 -15.088055 4.690837 -14.099525 113.329000 -13.677259 12.681610 98.477472 18.057940 -41.486606 -10.790046 -9.828195 -0.642159 19.136475 -11.963723 9.206222 0.000000 14.668714 0.000000 1.571207 9.042746 -9.206107 0.000000 4.357557 0.000000 -1.512576 2.594383 -15.883186 0.000000 26.225946 0.000000 -6.792006 -17.696166 3.315922 0.000000 -9.948545 0.000000
86.315137 93.857605 -48.369672 -149.913402 -4.768351 4.756950 2.937998 5.760861 2.023143 2.622352 5.614998 1.228758 -1.401476 5.381757 0.315027 -2.807286 5.098561 -0.413464 29.804472 18.097830 -15.058810 12.480468 -14.220452 -9.232825 19.159550 6.844273 -2.423290 -33.855569 -30.356133 -25.931759 -96.158841 21.096190 37.848446 21.235797 -35.934406 -4.455879 -15.102376 4.748425 -14.100884 113.274442 -13.701082 12.703493 98.481508 18.078779 -41.461853 -10.753077 -9.913126 -0.613691 19.210677 -11.997943 9.195920 0.000000 14.691063 0.000000 1.514835 9.049512 -9.196196 0.000000 4.302179 0.000000 -1.515982 2.624417 -15.875815 0.000000 26.262841 0.000000 -6.841430 -17.789105 3.441836 0.000000 -9.828731 0.000000
86.317285 93.844800 -48.365738 -149.843241 -4.786615 4.746049 2.985455 5.760727 2.008372 2.705019 5.552409 1.291376 -1.442006 5.383202 0.400441 -2.875531 5.096831 -0.498345 29.740981 18.069771 -14.993536 12.453150 -14.142265 -9.308059 19.131221 6.798239 -2.376352 -33.826850 -30.369502 -26.012007 -96.188398 21.112131 37.831512 21.161551 -35.891487 -4.609443 -15.092503 4.802272 -14.099964 113.230511 -13.674524 12.719310 98.505621 18.066458 -41.477736 -10.803295 -9.910613 -0.583724 19.249764 -12.028388 9.188263 0.000000 14.711654 0.000000 1.477847 9.060535 -9.208275 0.000000 4.225775 0.000000 -1.580053 2.647491 -15.875209 0.000000 26.286557 0.000000 -6.855006 -17.858173 3.484448 0.000000 -9.739768 0.000000
86.320013 93.833990 -48.361722 -149.766355 -4.798403 4.730252 2.960419 5.707035 2.070056 2.695393 5.598800 1.286574 -1.413882 5.354731 0.352759 -2.827201 5.107626 -0.485611 29.650843 18.061506 -14.960380 12.411438 -14.178354 -9.342990 19.087057 6.780491 -2.320889 -33.845864 -30.383345 -26.045604 -96.278490 21.130396 37.812148 21.210858 -35.896242 -4.713438 -15.132034 4.843788 -14.065366 113.194342 -13.670327 12.707250 98.508012 18.092359 -41.447216 -10.848378 -10.013119 -0.576498 19.274251 -12.062633 9.179495 0.000000 14.720311 0.000000 1.445405 9.080920 -9.175578 0.000000 4.136554 0.000000 -1.492913 2.737805 -15.828921 0.000000 26.259512 0.000000 -7.040392 -17.956598 3.603566 0.000000 -9.648428 0.000000
86.320856 93.823712 -48.352802 -149.684423 -4.813308 4.722306 2.903316 5.662069 2.182057 2.620427 5.634103 1.258930 -1.327595 5.366556 0.187522 -2.703539 5.110006 -0.465964 29.608520 18.004703 -14.873491 12.392214 -14.202475 -9.362348 19.027759 6.845091 -2.289616 -34.035666 -30.404636 -25.774679 -96.262559 21.134556 37.808415 21.173190 -35.999647 -4.578439 -15.214978 4.896866 -13.977668 113.156093 -13.669029 12.683995 98.396287 18.200341 -41.473078 -10.832548 -10.153730 -0.561205 19.305286 -12.087616 9.153026 0.000000 14.716626 0.000000 1.419104 9.109099 -9.117106 0.000000 4.033534 0.000000 -1.474626 2.776970 -15.808083 0.000000 26.298105 0.000000 -7.137659 -18.050025 3.721107 0.000000 -9.711513 0.000000
86.323151 93.811945 -48.349756 -149.624523 -4.816433 4.709336 2.930592 5.663566 2.158552 2.684797 5.567682 1.299201 -1.312722 5.380834 0.309755 -2.728181 5.131412 -0.562751 29.540203 17.977616 -14.834164 12.360879 -14.205074 -9.412416 19.059226 6.899979 -2.211703 -34.222078 -30.441239 -25.816739 -96.341611 21.065203 37.889090 21.193727 -35.868678 -4.737033 -15.250082 4.908644 -13.960937 113.112018 -13.817689 12.685704 98.444572 18.159062 -41.363844 -10.865437 -10.106657 -0.515352 19.362611 -12.109817 9.133652 0.000000 14.697986 0.000000 1.397181 9.111919 -9.064533 0.000000 3.965422 0.000000 -1.521495 2.808158 -15.798176 0.000000 26.282339 0.000000 -7.122601 -18.165195 3.733786 0.000000 -9.836984 0.000000
86.323663 93.801660 -48.344135 -149.576556 -4.822636 4.705151 2.914191 5.606777 2.220269 2.689538 5.620573 1.301232 -1.254123 5.398958 0.233420 -2.650857 5.117478 -0.539395 29.426322 17.786958 -14.814004 12.311075 -14.029547 -9.378303 19.004956 6.910508 -2.117906 -34.308905 -30.529488 -25.877248 -96.411177 21.066453 37.889995 21.230849 -35.764284 -4.760212 -15.293614 4.896535 -13.924216 113.078842 -13.944078 12.731223 98.461924 18.188661 -41.330799 -11.016477 -10.058428 -0.423560 19.372156 -12.111350 9.115543 0.000000 14.669015 0.000000 1.417162 9.123240 -9.040834 0.000000 3.909327 0.000000 -1.155143 2.924717 -15.683064 0.000000 26.319815 0.000000 -7.599961 -18.227760 3.887109 0.000000 -9.897308 0.000000
86.325739 93.792419 -48.344302 -149.511080 -4.820586 4.698973 2.922090 5.605933 2.218141 2.715122 5.555155 1.315902 -1.221511 5.420331 0.273735 -2.622176 5.178084 -0.531695 29.386319 17.730192 -14.821084 12.291285 -14.041837 -9.411815 19.012824 7.028891 -2.151657 -34.564107 -30.610352 -25.694882 -96.430714 21.038543 37.921992 21.277720 -35.755908 -4.881285 -15.314610 4.874438 -13.924276 113.018316 -13.942038 12.741813 98.512961 18.173078 -41.352828 -11.034986 -9.955600 -0.443570 19.339043 -12.118871 9.103295 0.000000 14.637644 0.000000 1.448097 9.144542 -9.038320 0.000000 3.831155 0.000000 -1.081716 2.993869 -15.642367 0.000000 26.283905 0.000000 -7.749519 -18.292539 3.936460 0.000000 -9.927421 0.000000
86.326379 93.782996 -48.347067 -149.436055 -4.812504 4.697208 2.890394 5.582669 2.234611 2.700595 5.533965 1.312606 -1.151560 5.391057 0.268893 -2.539012 5.245752 -0.515237 29.305499 17.742335 -14.791654 12.251106 -14.208632 -9.485404 18.988254 7.174973 -2.143631 -34.800597 -30.757746 -25.556873 -96.532449 21.043968 37.918297 21.586795 -36.073664 -5.145310 -15.400324 4.914891 -13.901604 112.978751 -13.871771 12.692365 98.553982 18.148304 -41.396701 -11.060247 -9.908762 -0.442977 19.321879 -12.133721 9.081882 0.000000 14.608252 0.000000 1.440953 9.172619 -9.022732 0.000000 3.757227 0.000000 -1.151529 3.024383 -15.649376 0.000000 26.252466 0.000000 -7.752317 -18.378142 3.998596 0.000000 -9.834041 0.000000
86.338452 93.774628 -48.348721 -149.407804 -4.812978 4.690250 2.812254 5.553065 2.272022 2.626645 5.558688 1.287810 -1.049732 5.425169 0.184795 -2.406532 5.207122 -0.451000 29.277129 17.752227 -14.752301 12.236497 -14.311138 -9.553475 18.980884 7.168079 -2.068645 -34.846097 -30.779766 -25.637550 -96.615194 21.029196 37.937464 21.638107 -35.940577 -5.166535 -15.402485 4.964502 -13.891507 112.949937 -13.909420 12.671395 98.573433 18.143143 -41.394910 -11.100426 -9.880929 -0.433550 19.363546 -12.146948 9.079198 0.000000 14.585544 0.000000 1.412214 9.196775 -9.006013 0.000000 3.693309 0.000000 -1.255210 3.012647 -15.665761 0.000000 26.262518 0.000000 -7.671790 -18.458245 4.075962 0.000000 -9.724423 0.000000
86.349036 93.770233 -48.355411 -149.392496 -4.805441 4.684445 2.862216 5.584728 2.242429 2.701683 5.482898 1.323974 -1.042091 5.413025 0.286871 -2.430546 5.223046 -0.550864 29.236559 17.807294 -14.726362 12.215922 -14.487627 -9.575885 18.900552 7.158455 -2.003245 -34.713354 -30.832563 -25.673203 -96.640740 21.110249 37.846460 21.635493 -36.113490 -5.314298 -15.383139 4.992788 -13.902474 112.853534 -13.991047 12.687939 98.600158 18.188870 -41.343810 -11.075063 -10.008501 -0.421964 19.408277 -12.153729 9.079307 0.000000 14.547312 0.000000 1.380182 9.232517 -9.003065 0.000000 3.634095 0.000000 -1.221753 3.012623 -15.638974 0.000000 26.289609 0.000000 -7.713600 -18.516281 4.089998 0.000000 -9.806682 0.000000
86.354535 93.767438 -48.364059 -149.345381 -4.794288 4.679497 2.871722 5.568518 2.234742 2.750981 5.485461 1.347656 -1.014209 5.389864 0.307759 -2.397208 5.223960 -0.541541 29.157675 17.821883 -14.700514 12.178889 -14.576774 -9.633908 18.928192 7.262696 -1.985778 -34.988790 -30.832341 -25.587096 -96.668289 21.006736 37.964841 21.593865 -35.941842 -5.300939 -15.385660 4.995052 -13.897335 112.798905 -14.070449 12.731160 98.641100 18.201558 -41.334222 -11.107195 -10.093581 -0.340328 19.424825 -12.166161 9.073995 0.000000 14.512451 0.000000 1.330303 9.260489 -9.001918 0.000000 3.577980 0.000000 -1.252784 3.025035 -15.630377 0.000000 26.268373 0.000000 -7.726781 -18.551102 4.111422 0.000000 -9.851134 0.000000
86.360364 93.762292 -48.369821 -149.293384 -4.790610 4.678152 2.835026 5.543030 2.272280 2.722638 5.508360 1.335494 -0.953605 5.404476 0.238605 -2.310945 5.199305 -0.497047 29.062324 17.873453 -14.648295 12.132285 -14.856340 -9.737119 18.927262 7.305735 -1.920702 -35.089671 -30.865171 -25.605363 -96.670059 20.952560 38.025997 21.531230 -35.809564 -5.435806 -15.419219 4.997545 -13.910070 112.780748 -14.054129 12.780055 98.804950 18.171189 -41.385493 -11.535402 -9.945859 -0.277941 19.456171 -12.172803 9.063748 0.000000 14.472123 0.000000 1.256309 9.294867 -8.984990 0.000000 3.501602 0.000000 -1.159772 3.067901 -15.590214 0.000000 26.278350 0.000000 -7.888532 -18.592078 4.187150 0.000000 -9.829081 0.000000
86.368262 93.759369 -48.375394 -149.241530 -4.780900 4.662568 2.831759 5.566987 2.273024 2.739928 5.483468 1.352536 -0.913380 5.367443 0.291381 -2.279797 5.195327 -0.557374 28.999519 17.881684 -14.599245 12.103712 -14.940004 -9.789155 18.920875 7.347810 -1.862127 -35.203212 -30.807026 -25.576081 -96.850501 20.950604 38.033604 21.902890 -35.886889 -5.298541 -15.432612 5.011600 -13.882207 112.781091 -14.028085 12.825725 98.790391 18.174687 -41.481811 -11.516496 -9.990797 -0.244522 19.465254 -12.185388 9.072090 0.000000 14.428967 0.000000 1.197188 9.329896 -9.012889 0.000000 3.444482 0.000000 -1.492811 2.994224 -15.648146 0.000000 26.264502 0.000000 -7.561652 -18.639937 4.104146 0.000000 -9.866913 0.000000
86.379327 93.754913 -48.384402 -149.190267 -4.773790 4.649356 2.836995 5.597585 2.250949 2.762409 5.450257 1.371675 -0.881683 5.351993 0.364243 -2.258390 5.168040 -0.575556 28.961030 17.968925 -14.655687 12.083557 -15.092645 -9.746862 18.871097 7.387866 -1.864480 -35.225341 -30.832111 -25.545981 -96.897873 20.970146 38.013975 21.881076 -35.803169 -5.197011 -15.447280 5.027572 -13.906245 112.705915 -13.858455 12.840504 98.977194 18.036352 -41.563942 -11.484768 -9.834696 -0.297147 19.480345 -12.190086 9.077911 0.000000 14.373713 0.000000 1.139550 9.369958 -9.009830 0.000000 3.381206 0.000000 -1.726338 2.952742 -15.685345 0.000000 26.245274 0.000000 -7.361755 -18.654220 4.125906 0.000000 -9.851177 0.000000
86.385461 93.753192 -48.393533 -149.134470 -4.764825 4.642199 2.893465 5.628249 2.254455 2.834186 5.419748 1.406845 -0.913255 5.327770 0.395171 -2.297143 5.146500 -0.612425 28.892773 17.961389 -14.641288 12.050989 -15.225853 -9.747866 18.774295 7.331617 -1.827690 -35.042972 -30.872658 -25.608640 -96.914736 21.086234 37.882685 21.905233 -36.041778 -5.246289 -15.498693 5.063747 -13.886717 112.664022 -13.721585 12.816300 99.043882 17.992197 -41.622571 -11.491607 -9.888896 -0.319644 19.476534 -12.192237 9.076727 0.000000 14.318058 0.000000 1.088295 9.429414 -9.014282 0.000000 3.296506 0.000000 -1.810269 2.953413 -15.686255 0.000000 26.228110 0.000000 -7.330877 -18.673645 4.164771 0.000000 -9.870011 0.000000
86.397644 93.749329 -48.405997 -149.072233 -4.759925 4.642427 2.920603 5.644723 2.242358 2.887051 5.426416 1.428007 -0.917709 5.315789 0.416679 -2.298363 5.092193 -0.593201 28.841998 17.987220 -14.677422 12.025875 -15.322754 -9.698601 18.768664 7.348661 -1.795932 -35.116046 -30.790941 -25.655874 -96.964527 21.008134 37.972186 21.853411 -35.890506 -5.302577 -15.478220 5.088005 -13.952685 112.564808 -13.692320 12.830919 99.066948 18.052494 -41.664347 -11.560757 -9.961024 -0.323932 19.452621 -12.193418 9.077591 0.000000 14.274791 0.000000 1.041466 9.471820 -9.040059 0.000000 3.244480 0.000000 -1.811735 2.975748 -15.665216 0.000000 26.233445 0.000000 -7.390499 -18.721417 4.182374 0.000000 -9.896727 0.000000
86.409851 93.748035 -48.418323 -149.004253 -4.752755 4.636717 2.886533 5.630464 2.275821 2.863347 5.484793 1.411191 -0.868046 5.279538 0.354000 -2.217538 5.076916 -0.533105 28.790461 17.989776 -14.671197 12.001646 -15.389582 -9.720411 18.763351 7.363115 -1.756641 -35.215534 -30.760449 -25.685107 -97.003802 20.947190 38.043719 21.838045 -35.722877 -5.323637 -15.482767 5.072124 -13.992280 112.537889 -13.787975 12.858823 99.173334 17.988526 -41.643012 -11.649091 -9.809270 -0.373566 19.400850 -12.187975 9.081892 0.000000 14.212597 0.000000 1.029466 9.524069 -9.052883 0.000000 3.186118 0.000000 -1.868983 2.994586 -15.651094 0.000000 26.208661 0.000000 -7.411449 -18.754184 4.229373 0.000000 -9.967268 0.000000
86.428070 93.746216 -48.433023 -148.944247 -4.743757 4.628362 2.891128 5.673098 2.309578 2.839525 5.490179 1.372455 -0.806447 5.275867 0.266678 -2.118642 4.996796 -0.441498 28.714333 17.931476 -14.595673 11.969349 -15.354292 -9.738402 18.730852 7.340723 -1.650194 -35.246204 -30.755877 -25.809775 -97.047195 20.957692 38.033140 21.731748 -35.690363 -5.336118 -15.531822 5.096322 -13.935857 112.529116 -13.925003 12.888090 99.203304 18.026159 -41.602760 -11.846068 -9.701766 -0.293286 19.378851 -12.188349 9.089748 0.000000 14.147956 0.000000 0.993794 9.582805 -9.059611 0.000000 3.120705 0.000000 -1.918500 2.994532 -15.629065 0.000000 26.213349 0.000000 -7.412274 -18.790582 4.204021 0.000000 -10.002327 0.000000
86.438385 93.744025 -48.449951 -148.865450 -4.735873 4.620409 2.829788 5.694691 2.346500 2.776641 5.502161 1.349779 -0.705061 5.237908 0.227403 -2.011036 4.986752 -0.502810 28.670219 18.018882 -14.531048 11.948529 -15.641614 -9.764904 18.596976 7.289420 -1.527958 -35.105154 -30.795623 -25.859779 -97.056055 21.012710 37.969986 21.655065 -35.793682 -5.296550 -15.623769 5.138989 -13.911791 112.563820 -14.043587 12.884708 99.159836 18.041082 -41.578982 -11.785137 -9.777425 -0.299242 19.334943 -12.190443 9.092143 0.000000 14.096000 0.000000 0.967464 9.631546 -9.066118 0.000000 3.062100 0.000000 -2.034083 3.010241 -15.628819 0.000000 26.176287 0.000000 -7.391872 -18.817807 4.240834 0.000000 -9.961235 0.000000
86.450336 93.740265 -48.466931 -148.821651 -4.724367 4.614351 2.870843 5.732031 2.322609 2.836721 5.471619 1.368964 -0.698429 5.239396 0.291261 -2.021190 4.964493 -0.534614 28.614856 17.968095 -14.480720 11.924550 -15.647916 -9.817126 18.528986 7.298123 -1.506665 -35.096775 -30.826200 -25.840303 -97.100056 21.037581 37.943286 21.714666 -35.751718 -5.269727 -15.636760 5.180498 -13.935417 112.565359 -14.050418 12.848379 99.259519 17.987319 -41.653925 -11.920049 -9.682008 -0.236299 19.341296 -12.192713 9.094365 0.000000 14.044386 0.000000 0.927991 9.677115 -9.058386 0.000000 2.973622 0.000000 -2.122429 3.013129 -15.632608 0.000000 26.149280 0.000000 -7.323797 -18.849669 4.254160 0.000000 -9.965653 0.000000
86.460754 93.736920 -48.489816 -148.766712 -4.714508 4.608074 2.886939 5.752873 2.303183 2.879138 5.470737 1.384906 -0.719032 5.232914 0.309017 -2.043441 4.930653 -0.535204 28.627068 17.959109 -14.471022 11.930017 -15.677358 -9.827749 18.546812 7.273570 -1.461417 -35.054228 -30.851575 -25.892786 -97.151648 21.075649 37.901972 21.795255 -35.819151 -5.296058 -15.547606 5.141699 -13.989792 112.522910 -13.977804 12.885231 99.336296 17.912366 -41.751176 -11.791480 -9.591036 -0.383222 19.362015 -12.203684 9.096034 0.000000 14.007781 0.000000 0.859590 9.709610 -9.039816 0.000000 2.903448 0.000000 -2.295493 2.992799 -15.655336 0.000000 26.140745 0.000000 -7.203870 -18.882845 4.269613 0.000000 -9.952064 0.000000
86.469977 93.734918 -48.515884 -148.697280 -4.699532 4.600417 2.865984 5.779736 2.327885 2.867998 5.477866 1.385450 -0.660695 5.180781 0.275312 -1.978025 4.898963 -0.583336 28.555920 17.948207 -14.413369 11.898930 -15.743530 -9.793596 18.436801 7.260881 -1.380616 -34.986027 -30.836758 -25.884105 -97.215621 21.093112 37.883026 21.833807 -35.867880 -5.281626 -15.676530 5.171806 -14.017726 112.472353 -13.832835 12.862635 99.403977 17.877179 -41.799666 -11.676793 -9.625072 -0.544098 19.319808 -12.214656 9.101775 0.000000 13.973667 0.000000 0.834987 9.745663 -9.036106 0.000000 2.833529 0.000000 -2.567719 2.969567 -15.698412 0.000000 26.086888 0.000000 -6.993733 -18.932624 4.269435 0.000000 -10.011704 0.000000
86.485547 93.729053 -48.537558 -148.600637 -4.667668 4.582617 2.829700 5.770265 2.330263 2.876794 5.491729 1.362881 -0.630225 5.182403 0.245995 -1.914510 4.882309 -0.501433 28.480799 17.907296 -14.379170 11.865697 -15.749969 -9.843545 18.431549 7.289237 -1.347932 -35.118657 -30.889209 -25.888245 -97.270426 21.083030 37.896931 21.854371 -35.819639 -5.254065 -15.648027 5.233759 -14.022258 112.445955 -13.879398 12.784147 99.254930 18.101892 -41.900568 -11.897355 -9.868707 -0.394864 19.240326 -12.261109 9.109173 0.000000 13.954422 0.000000 0.821017 9.783455 -9.038229 0.000000 2.775653 0.000000 -2.536524 2.999976 -15.639404 0.000000 26.068600 0.000000 -7.153446 -18.971526 4.339819 0.000000 -10.073380 0.000000
86.488281 93.722394 -48.562497 -148.486669 -4.625162 4.565510 2.859103 5.829721 2.239229 2.968082 5.386399 1.448865 -0.664481 5.149520 0.343736 -1.949249 4.877839 -0.529462 28.437506 17.889508 -14.370964 11.846592 -15.709405 -9.811951 18.430363 7.307233 -1.323157 -35.221354 -30.909549 -25.918706 -97.356821 21.097881 37.882495 21.880609 -35.888640 -5.121738 -15.644320 5.256396 -14.076695 112.396770 -13.995867 12.817090 99.590059 17.888272 -41.812173 -12.048894 -9.489129 -0.461892 19.145035 -12.317109 9.105822 0.000000 13.948661 0.000000 0.809076 9.798946 -9.025831 0.000000 2.687880 0.000000 -2.545662 3.036288 -15.599133 0.000000 26.019516 0.000000 -7.294872 -18.995421 4.505361 0.000000 -10.080888 0.000000
86.491083 93.713257 -48.590054 -148.397210 -4.564647 4.560383 2.950582 5.772789 2.212294 3.062776 5.395815 1.456949 -0.725454 5.139549 0.461520 -2.053965 4.885684 -0.648797 28.422144 17.805607 -14.317310 11.840910 -15.706568 -9.788087 18.399658 7.263793 -1.230322 -35.189532 -30.984147 -25.933108 -97.442810 21.111049 37.870801 21.956002 -36.004472 -5.109119 -15.661037 5.288568 -14.067227 112.395898 -14.024361 12.782366 99.658750 17.863275 -41.846632 -12.066900 -9.370106 -0.395000 19.099753 -12.391774 9.085541 0.000000 13.960541 0.000000 0.784748 9.792985 -9.004870 0.000000 2.610273 0.000000 -2.565615 3.022398 -15.573841 0.000000 26.015566 0.000000 -7.374270 -19.055039 4.551367 0.000000 -10.107121 0.000000
86.502295 93.703674 -48.622452 -148.275763 -4.493651 4.532434 3.041092 5.743768 2.208721 3.111252 5.375592 1.459154 -0.798740 5.119574 0.476136 -2.159593 4.947969 -0.706630 28.411866 17.646502 -14.297889 11.835141 -15.740217 -9.704588 18.449522 7.152325 -1.112835 -35.193007 -31.072269 -25.963426 -97.529754 21.151283 37.826347 21.980249 -35.990314 -5.077839 -15.631836 5.302232 -14.014250 112.418918 -14.011144 12.749796 99.767530 17.829523 -41.939886 -12.097509 -9.272284 -0.353933 18.990609 -12.499569 9.091574 0.000000 13.995839 0.000000 0.776900 9.786375 -8.987100 0.000000 2.504867 0.000000 -2.705350 2.985426 -15.549438 0.000000 25.990185 0.000000 -7.345896 -19.122551 4.606046 0.000000 -10.104950 0.000000
86.517865 93.686261 -48.650415 -148.168743 -4.444173 4.498305 2.861902 5.650004 2.425751 2.879032 5.557423 1.239896 -0.615031 5.118718 0.128954 -1.871633 4.784528 -0.376128 28.345789 17.646742 -14.237205 11.807698 -15.715373 -9.687551 18.409559 7.261835 -1.053661 -35.278946 -31.155189 -25.965401 -97.668592 21.130688 37.855514 22.016106 -35.882738 -5.122933 -15.604246 5.380408 -14.104904 112.397181 -14.230730 12.747130 99.851695 17.849883 -41.886809 -12.085860 -9.249792 -0.429923 18.909558 -12.615541 9.111461 0.000000 14.080326 0.000000 0.750593 9.733311 -8.968880 0.000000 2.425571 0.000000 -2.782247 2.970010 -15.504307 0.000000 25.988999 0.000000 -7.375451 -19.191346 4.676953 0.000000 -10.079464 0.000000
86.521521 93.669458 -48.685379 -148.023042 -4.405020 4.449895 2.876608 5.738563 2.310815 2.996941 5.415208 1.420249 -0.617432 5.094684 0.209763 -1.890638 4.876954 -0.523711 28.328380 17.425820 -14.159780 11.803864 -15.441418 -9.644201 18.400679 7.279875 -0.931573 -35.604051 -31.264380 -25.913229 -97.777286 21.032559 37.973534 21.974412 -35.714355 -5.010134 -15.744275 5.449205 -14.008474 112.350180 -14.079504 12.561603 99.928811 17.843487 -41.903235 -11.991314 -9.311335 -0.594862 18.743701 -12.710617 9.142278 0.000000 14.159344 0.000000 0.776030 9.672696 -8.939901 0.000000 2.301752 0.000000 -2.862137 3.001953 -15.439415 0.000000 25.946642 0.000000 -7.402718 -19.256685 4.693518 0.000000 -10.184867 0.000000
86.521973 93.653955 -48.721738 -147.907003 -4.348179 4.379810 3.019263 5.823879 2.251530 3.127354 5.273665 1.516649 -0.718929 5.050846 0.448129 -2.057746 4.811356 -0.648251 28.353822 17.492767 -14.174872 11.815927 -15.382679 -9.571735 18.461301 7.400157 -0.919847 -35.790342 -31.299536 -25.901042 -97.986706 20.988445 38.032852 21.988110 -35.552268 -4.694926 -15.706693 5.542906 -14.143160 112.364407 -14.059228 12.570634 100.131655 17.755132 -42.033144 -12.055980 -9.051883 -0.480059 18.620089 -12.822005 9.192019 0.000000 14.240094 0.000000 0.792228 9.574764 -8.917437 0.000000 2.168021 0.000000 -2.580471 3.101319 -15.251782 0.000000 25.914043 0.000000 -7.827673 -19.290949 4.782774 0.000000 -10.251164 0.000000
86.530310 93.612701 -48.747125 -147.696220 -4.214417 4.249578 2.780669 5.652255 2.468949 2.995208 5.435376 1.454836 -0.577922 5.071223 0.179454 -1.837977 4.659193 -0.489539 28.263015 17.484218 -14.149431 11.774175 -15.501525 -9.529051 18.418152 7.390693 -0.789385 -35.808163 -31.395332 -25.985973 -98.258442 21.023072 38.002291 22.253361 -35.470734 -4.797093 -15.823138 5.592134 -14.186782 112.460914 -14.058189 12.516049 100.043539 17.940982 -42.229378 -12.162985 -9.159753 -0.301023 18.473128 -13.163065 9.258953 0.000000 14.528990 0.000000 0.721034 9.352468 -8.883597 0.000000 2.088055 0.000000 -2.330840 3.079326 -14.995811 0.000000 25.991541 0.000000 -8.345224 -19.343773 4.929141 0.000000 -10.264801 0.000000
86.529700 93.574487 -48.778314 -147.464385 -4.088395 4.164036 2.887940 5.699856 2.416068 3.038502 5.253470 1.496895 -0.645697 5.016008 0.421225 -1.946950 4.666815 -0.558495 28.250937 17.529444 -14.197249 11.766676 -15.538400 -9.410579 18.382002 7.443197 -0.786524 -35.901999 -31.575808 -25.961444 -98.472571 21.097732 37.923652 22.379832 -35.508192 -4.791928 -15.776009 5.634204 -14.249440 112.419932 -14.395443 12.499102 100.354887 17.813554 -41.993902 -12.456737 -8.732674 -0.214655 18.221866 -13.437150 9.289883 0.000000 14.762937 0.000000 0.734322 9.174675 -8.862453 0.000000 2.043215 0.000000 -2.109720 3.097579 -14.804036 0.000000 26.008320 0.000000 -8.813929 -19.410686 5.171642 0.000000 -10.306270 0.000000
86.537878 93.536920 -48.824548 -147.278065 -3.988716 4.007480 2.912536 5.637524 2.503565 3.067705 5.274026 1.531594 -0.664513 4.973293 0.435558 -1.941503 4.696549 -0.493533 28.132914 17.359908 -14.171309 11.714165 -15.422820 -9.438261 18.387998 7.404004 -0.735365 -36.091768 -31.700380 -26.031257 -98.734316 21.081776 37.951604 22.383845 -35.256183 -4.775781 -15.829884 5.651706 -14.338919 112.445426 -14.472021 12.417306 100.510176 17.794801 -42.033262 -12.429979 -8.662980 -0.281344 18.071845 -13.719145 9.408371 0.000000 15.030615 0.000000 0.690623 8.918100 -8.824964 0.000000 1.965059 0.000000 -2.297524 3.035999 -14.640469 0.000000 26.014649 0.000000 -8.784414 -19.483485 5.262987 0.000000 -10.337462 0.000000
86.518011 93.486658 -48.868640 -147.017001 -3.942857 3.887593 2.852646 5.713443 2.568165 3.027882 5.211984 1.599233 -0.634090 4.911278 0.457425 -1.953180 4.559183 -0.692232 28.154559 17.370114 -13.998997 11.729645 -15.476973 -9.358624 18.398356 7.479127 -0.511689 -36.181514 -31.848018 -25.993868 -99.048885 21.134168 37.901777 22.499092 -35.058243 -4.642092 -15.895891 5.724726 -14.248482 112.435039 -14.204884 12.471607 100.757733 17.687998 -42.192651 -12.395650 -8.447531 -0.433512 17.903544 -13.943501 9.466026 0.000000 15.318873 0.000000 0.641822 8.564970 -8.700445 0.000000 1.934131 0.000000 -2.383037 3.083135 -14.500065 0.000000 26.026150 0.000000 -8.955466 -19.551486 5.464452 0.000000 -10.439354 0.000000
86.488989 93.420819 -48.904041 -146.686568 -3.857894 3.789248 2.682221 5.633684 2.664938 2.950643 5.283646 1.592527 -0.630388 4.921098 0.355840 -1.880781 4.474798 -0.510558 28.060700 17.294830 -14.097439 11.682414 -15.482250 -9.269793 18.391420 7.438328 -0.485814 -36.185877 -32.124704 -26.118308 -99.407724 21.286316 37.734732 22.780446 -35.200779 -4.722522 -15.827422 5.718985 -14.429759 112.529475 -14.336101 12.430156 100.696049 17.931652 -42.425379 -12.714294 -8.393049 -0.125817 17.583027 -14.211571 9.485602 0.000000 15.646575 0.000000 0.685665 8.170932 -8.575008 0.000000 1.948025 0.000000 -2.349455 3.091041 -14.335611 0.000000 26.143519 0.000000 -9.327399 -19.687696 5.611333 0.000000 -10.573999 0.000000
86.458417 93.353015 -48.934454 -146.414483 -3.742328 3.637616 2.542123 5.613721 2.833378 2.888381 5.272797 1.593138 -0.566434 4.883704 0.272800 -1.784344 4.409467 -0.473020 27.996208 17.271218 -14.121506 11.650521 -15.560136 -9.144116 18.458035 7.499836 -0.379112 -36.510375 -32.325742 -26.136376 -99.817755 21.308167 37.726594 23.029622 -34.872996 -4.649877 -15.823913 5.775596 -14.490267 112.535756 -14.546877 12.381725 101.168752 17.703908 -42.230253 -12.982017 -7.825174 -0.391362 17.338889 -14.562615 9.553039 0.000000 16.050268 0.000000 0.674804 7.776588 -8.398233 0.000000 1.872137 0.000000 -1.992586 3.128963 -14.042784 0.000000 26.242709 0.000000 -9.980716 -19.754661 5.871501 0.000000 -10.796879 0.000000
86.419153 93.278699 -48.972824 -146.044521 -3.593352 3.504419 2.677703 5.667121 2.735858 3.018613 5.064540 1.773833 -0.709427 4.759403 0.639259 -1.997710 4.494788 -0.716221 27.895578 17.022563 -14.039953 11.609950 -15.271561 -9.154380 18.452354 7.496479 -0.310470 -36.729968 -32.642068 -26.180935 -100.223571 21.432564 37.590852 22.991628 -34.784023 -4.731369 -15.911774 5.823792 -14.508252 112.599024 -14.571256 12.383330 101.364572 17.673493 -42.291680 -12.880700 -7.468170 -0.321959 16.945009 -14.932530 9.595496 0.000000 16.445745 0.000000 0.730581 7.376965 -8.323281 0.000000 1.803771 0.000000 -2.387281 2.993978 -13.952648 0.000000 26.335528 0.000000 -9.910492 -19.909413 5.904161 0.000000 -10.956497 0.000000
86.370020 93.193140 -49.017780 -145.655206 -3.464249 3.398913 2.669512 5.583483 2.766890 2.997661 5.024084 1.811812 -0.780955 4.790867 0.646249 -2.044495 4.420684 -0.587371 27.847986 16.880838 -14.049976 11.589102 -15.103612 -9.081739 18.557890 7.552421 -0.273365 -37.131601 -32.915171 -26.193801 -100.657492 21.529789 37.487657 23.115259 -34.662733 -4.708322 -15.872408 5.840608 -14.620957 112.516543 -14.642076 12.360239 101.537069 17.721798 -42.254080 -12.816686 -7.335660 -0.374221 16.585775 -15.343412 9.611378 0.000000 16.967890 0.000000 0.711411 6.930811 -8.181971 0.000000 1.839313 0.000000 -2.472127 2.937804 -13.808909 0.000000 26.495872 0.000000 -10.226912 -20.060713 6.090663 0.000000 -11.072660 0.000000
86.317670 93.097668 -49.035834 -145.253035 -3.322089 3.352982 2.457877 5.446897 2.854134 2.857006 5.182380 1.742469 -0.710675 4.764342 0.541613 -1.880571 4.381088 -0.491077 27.774697 16.651898 -14.029386 11.555757 -15.018139 -9.031083 18.502784 7.566034 -0.183442 -37.454066 -33.277334 -26.106979 -101.144334 21.639470 37.372614 23.416565 -34.599362 -4.570646 -15.940969 5.860792 -14.608072 112.585356 -14.696365 12.261387 101.703381 17.704550 -42.298047 -12.861679 -7.097953 -0.390841 16.146224 -15.740733 9.549196 0.000000 17.464434 0.000000 0.782545 6.528623 -7.964958 0.000000 1.825536 0.000000 -2.275315 2.858008 -13.662223 0.000000 26.797975 0.000000 -10.892177 -20.183475 6.458531 0.000000 -11.107410 0.000000
86.260144 92.996497 -49.070938 -144.840990 -3.188713 3.316141 2.396431 5.446418 2.842006 2.787374 5.089196 1.728846 -0.747318 4.740265 0.552931 -1.927008 4.384187 -0.564205 27.783488 16.593893 -13.976933 11.556200 -15.265127 -8.884000 18.689589 7.618402 0.041514 -38.005382 -33.631012 -26.046013 -101.583720 21.697435 37.317186 23.520767 -34.409137 -4.368280 -15.906324 6.014771 -14.536798 112.622224 -14.570713 12.189915 101.729214 17.688313 -42.321686 -12.469174 -6.523293 -1.024787 15.735067 -16.186402 9.491781 0.000000 18.066362 0.000000 0.801439 6.126095 -7.813000 0.000000 1.776680 0.000000 -2.373031 2.703462 -13.586070 0.000000 27.149994 0.000000 -11.239808 -20.404073 6.499297 0.000000 -10.952483 0.000000
86.187872 92.882819 -49.098911 -144.384559 -3.009855 3.269263 2.360929 5.423080 2.754587 2.751217 4.937548 1.790652 -0.796670 4.663506 0.742590 -1.966522 4.487906 -0.642593 27.646746 16.494821 -13.884034 11.496617 -15.354697 -8.994678 18.614983 7.529813 0.126723 -38.231420 -33.969622 -26.173961 -102.081593 21.878505 37.108111 23.726793 -34.283376 -4.333038 -15.924401 6.134121 -14.636887 112.674391 -14.699211 12.095809 101.906784 17.696836 -42.335702 -12.807526 -6.177552 -1.017274 15.360281 -16.729917 9.399361 0.000000 18.754918 0.000000 0.783021 5.623854 -7.577210 0.000000 1.761194 0.000000 -2.867314 2.433644 -13.615448 0.000000 27.479631 0.000000 -11.191537 -20.624352 6.504044 0.000000 -10.933749 0.000000
86.104694 92.760773 -49.117542 -143.840145 -2.827174 3.255632 2.261274 5.361443 2.688542 2.718647 4.869353 1.850112 -0.829233 4.638717 0.806044 -1.958762 4.487366 -0.626714 27.458125 16.280449 -13.839465 11.412954 -15.252786 -8.978114 18.608209 7.558878 0.229482 -38.803158 -34.298461 -26.229567 -102.599755 21.977759 37.001797 23.854664 -34.224649 -4.264986 -16.015158 6.158405 -14.704701 112.632316 -14.834628 12.104527 102.019017 17.755572 -42.275112 -12.867770 -6.016698 -1.146874 14.827730 -17.296844 9.263862 0.000000 19.489735 0.000000 0.837912 5.149634 -7.288657 0.000000 1.715717 0.000000 -3.917888 1.955420 -13.812516 0.000000 27.980296 0.000000 -10.646280 -20.854574 6.377445 0.000000 -11.007805 0.000000
86.015723 92.629724 -49.119000 -143.249882 -2.638776 3.256435 2.011152 5.214199 2.848699 2.489628 4.987495 1.698729 -0.765794 4.674535 0.560550 -1.841567 4.377693 -0.553110 27.408386 15.784887 -13.752993 11.395171 -14.808696 -8.736523 18.813216 7.678694 0.452527 -39.629790 -34.747296 -26.128846 -103.005167 22.037778 36.938875 23.825132 -34.062689 -4.204319 -15.972408 6.101875 -14.519218 112.656135 -14.805103 12.239943 102.212928 17.651728 -42.408784 -13.234755 -5.748254 -1.029418 14.287935 -17.927660 9.111549 0.000000 20.294135 0.000000 0.839569 4.712800 -7.095622 0.000000 1.689627 0.000000 -4.123871 1.631465 -13.791447 0.000000 28.588094 0.000000 -11.058427 -21.050491 6.565117 0.000000 -11.107768 0.000000
85.905304 92.487469 -49.129263 -142.621058 -2.445874 3.244989 1.978226 5.278500 2.729475 2.530313 4.744279 1.882192 -0.830003 4.573994 0.759409 -1.928066 4.436582 -0.703292 27.177523 15.597735 -13.739879 11.292127 -14.660987 -8.644822 18.678498 7.699691 0.503924 -40.099988 -35.161472 -26.207943 -103.385223 22.283360 36.635059 24.095523 -34.274112 -3.985779 -16.129998 6.191138 -14.623062 112.627862 -14.828583 12.322306 102.165969 17.726470 -42.488833 -13.194094 -5.860119 -1.092573 13.841252 -18.643722 8.942218 0.000000 21.215106 0.000000 0.768480 4.251891 -6.894470 0.000000 1.656044 0.000000 -5.035397 1.190776 -13.966260 0.000000 29.113567 0.000000 -10.698720 -21.265083 6.646953 0.000000 -11.281323 0.000000
85.790576 92.330066 -49.128668 -141.983413 -2.215512 3.296615 1.867982 5.117062 2.813570 2.440511 4.800385 1.838308 -0.788944 4.586536 0.686408 -1.911454 4.190795 -0.761525 26.897640 15.467415 -13.654507 11.168628 -14.567563 -8.449881 18.623107 7.812936 0.685100 -40.780322 -35.422858 -26.338073 -103.725207 22.369545 36.536872 24.188991 -34.299990 -3.976858 -16.356883 6.328231 -14.662359 112.675135 -14.857215 12.508337 102.033015 17.531641 -42.561057 -13.275325 -6.145394 -0.803459 13.308094 -19.394280 8.726123 0.000000 22.174491 0.000000 0.772989 3.824143 -6.830349 0.000000 1.636591 0.000000 -5.931544 0.653144 -14.190837 0.000000 29.735173 0.000000 -10.412266 -21.516943 6.598993 0.000000 -11.214649 0.000000
85.668182 92.157684 -49.117123 -141.274268 -2.019577 3.392827 1.882744 5.174136 2.711483 2.423123 4.598980 1.898720 -0.872684 4.415037 0.869335 -1.985165 4.237031 -0.857867 26.563940 15.120844 -13.650637 11.026439 -14.008114 -8.250291 18.617056 8.041322 0.686957 -41.768618 -35.675783 -26.426140 -103.822837 22.372114 36.534567 23.944882 -34.436401 -3.732624 -16.550165 6.526842 -14.913099 112.688771 -15.226458 12.679242 101.638317 17.462521 -42.592452 -13.044809 -6.958031 -0.497619 12.822544 -20.180968 8.454744 0.000000 23.205839 0.000000 0.692386 3.473051 -6.830734 0.000000 1.575099 0.000000 -6.534039 0.185514 -14.414611 0.000000 30.465482 0.000000 -10.584163 -21.664163 7.006199 0.000000 -11.191733 0.000000
85.495233 91.983844 -49.102411 -140.485866 -1.796353 3.501910 1.860992 5.073502 2.804967 2.393725 4.496520 1.958996 -0.904333 4.291166 0.994265 -2.122258 4.206379 -1.280144 26.177667 15.073826 -13.634135 10.847475 -14.144032 -7.905128 18.525072 8.061226 0.922314 -42.251440 -35.827372 -26.972228 -103.757958 22.470882 36.408010 23.580561 -35.227133 -3.673007 -17.088147 6.757096 -15.103889 112.798623 -15.006072 12.923893 101.139486 17.161131 -42.894799 -12.742660 -7.655766 -0.387953 12.322951 -21.026642 8.129597 0.000000 24.285853 0.000000 0.596021 3.180657 -6.888449 0.000000 1.434883 0.000000 -7.223279 -0.303668 -14.653895 0.000000 31.189147 0.000000 -10.665340 -21.809549 7.262871 0.000000 -11.299913 0.000000
85.318994 91.797577 -49.087900 -139.735208 -1.597577 3.641679 1.701166 4.938165 2.981413 2.278113 4.530287 1.934704 -0.832885 4.174712 0.878203 -2.071657 4.090957 -1.544624 25.822454 15.014723 -13.656883 10.683093 -14.150572 -7.452295 18.557041 8.167521 1.157239 -42.867305 -35.960482 -27.545461 -103.236889 22.575811 36.261990 23.461212 -36.606440 -3.928790 -17.649713 7.042832 -15.301040 113.103150 -15.293752 13.258023 100.140946 16.755979 -43.250798 -12.143709 -8.438082 0.148497 12.055667 -21.926430 7.743888 0.000000 25.461330 0.000000 0.364062 2.957876 -6.872799 0.000000 1.379851 0.000000 -7.574350 -0.693535 -14.866599 0.000000 31.928347 0.000000 -11.011756 -22.006317 7.477633 0.000000 -11.556998 0.000000
85.114819 91.605872 -49.057562 -138.882267 -1.402744 3.825170 1.536040 4.814891 3.211212 2.173498 4.492142 1.927369 -0.804350 4.069367 0.702892 -2.112993 3.995414 -1.857024 25.464836 14.980197 -13.683051 10.518822 -14.135303 -7.005204 18.680224 8.331009 1.455595 -43.400824 -36.056729 -28.457745 -102.507858 22.572714 36.255001 23.823788 -37.819877 -4.548556 -18.178208 7.360834 -15.597085 113.247157 -15.416970 13.664557 99.068654 16.325993 -43.605140 -11.985005 -9.324807 0.703778 11.715771 -22.877458 7.303536 0.000000 26.703112 0.000000 0.096552 2.823157 -6.942745 0.000000 1.269136 0.000000 -7.853766 -1.094751 -15.090984 0.000000 32.786863 0.000000 -11.699607 -22.131003 7.794448 0.000000 -11.406035 0.000000
84.917480 91.401715 -49.028027 -138.139763 -1.157110 3.973640 1.476850 4.723252 3.479269 2.176226 4.369834 1.955795 -0.783734 4.015279 0.456456 -2.226924 3.865945 -2.093090 25.072818 15.039424 -13.826077 10.327858 -14.335722 -6.496443 19.084485 8.291719 1.826195 -44.118637 -35.759923 -29.991454 -101.489143 22.195908 36.709508 23.850601 -38.191302 -5.549928 -18.646019 7.591907 -15.928959 113.272566 -15.667105 14.306091 97.652941 15.943440 -43.848862 -11.665194 -10.017080 0.406072 11.648059 -24.015853 6.887702 0.000000 28.130714 0.000000 -0.406986 2.793235 -6.979001 0.000000 1.251980 0.000000 -8.485235 -1.761146 -15.396242 0.000000 33.753700 0.000000 -11.712876 -22.174215 8.068317 0.000000 -12.062468 0.000000
84.699634 91.186676 -48.996326 -137.327360 -0.975913 4.197776 1.387800 4.711433 3.699673 2.155457 4.263763 1.950990 -0.783799 3.903233 0.153063 -2.334989 3.739560 -2.263614 24.708839 14.914433 -13.951158 10.156621 -14.250011 -5.899825 19.394875 8.455054 2.024695 -44.674380 -35.519958 -31.309525 -100.175686 21.875441 37.072024 24.150668 -38.667633 -5.817078 -18.735814 7.774894 -16.138491 112.626369 -17.445462 15.527160 95.824667 16.375283 -43.101611 -12.267880 -11.575519 0.937085 11.627460 -25.201526 6.397066 0.000000 29.699882 0.000000 -1.107783 2.979049 -7.027751 0.000000 1.007063 0.000000 -8.867149 -2.218776 -15.717573 0.000000 34.683051 0.000000 -12.186633 -22.360387 8.460904 0.000000 -12.129015 0.000000
84.486615 90.967194 -48.967722 -136.606388 -0.716415 4.455756 1.201549 4.664700 3.976589 2.032660 3.855951 1.920488 -0.703306 3.839215 -0.256957 -2.367900 3.941090 -2.517690 24.324631 14.966930 -14.090277 9.966896 -14.460423 -5.416514 19.604872 8.618929 2.199731 -45.090721 -34.959015 -32.610155 -98.485871 21.119236 37.924017 23.978734 -38.305555 -5.814882 -18.709367 8.063898 -16.432855 112.806341 -15.668073 16.355500 92.631689 16.480479 -46.106313 -12.299985 -12.702179 1.775367 11.745162 -26.566848 5.915948 0.000000 31.431640 0.000000 -1.995040 3.340017 -7.296836 0.000000 0.974535 0.000000 -9.030044 -2.758743 -16.025225 0.000000 35.646871 0.000000 -12.797834 -22.524152 8.931377 0.000000 -12.113071 0.000000
84.246753 90.724426 -48.936002 -135.864032 -0.536970 4.736395 1.029793 4.533230 4.253315 1.915285 4.015432 1.846190 -0.612842 3.580268 -0.446572 -2.365815 3.833334 -2.989033 24.012799 14.792728 -14.292040 9.816925 -14.315114 -4.738686 20.168015 9.151565 2.373945 -45.704723 -34.528956 -33.797591 -96.364677 20.342915 38.724566 23.300560 -37.558920 -5.520475 -19.104084 8.323519 -16.611362 111.547116 -18.994088 17.541436 91.158996 15.855300 -43.114287 -11.477472 -14.227583 1.328822 11.945776 -28.013963 5.422621 0.000000 33.365402 0.000000 -3.062403 3.929718 -7.662654 0.000000 0.619849 0.000000 -9.233391 -3.223219 -16.413742 0.000000 36.631390 0.000000 -13.269670 -22.711997 9.399632 0.000000 -12.387645 0.000000
84.008643 90.466846 -48.897238 -135.139546 -0.420538 5.086599 0.717815 4.623514 4.449198 1.700545 4.082342 1.727027 -0.415556 3.380631 -0.853708 -2.197821 3.659159 -3.245049 23.669526 14.578823 -14.455538 9.646480 -14.273332 -4.107082 20.874684 9.646154 2.485570 -46.405393 -33.544930 -34.720331 -93.947229 19.415242 39.627469 22.463581 -37.092474 -4.510381 -19.557999 8.459205 -16.710270 110.726236 -19.803529 18.816147 88.536545 15.612036 -43.079849 -11.594390 -15.600663 1.978899 12.231676 -29.497447 4.886057 0.000000 35.427146 0.000000 -4.262080 4.682810 -8.145730 0.000000 0.408819 0.000000 -9.326446 -3.631262 -16.848366 0.000000 37.672544 0.000000 -13.846810 -22.961253 9.870569 0.000000 -12.712061 0.000000
83.807709 90.204169 -48.851245 -134.602579 -0.194188 5.525010 0.683283 4.673195 4.376009 1.699293 4.067731 1.646523 -0.391560 3.227261 -0.935173 -2.256385 3.471548 -3.550021 23.353318 14.496025 -14.713958 9.471355 -14.476744 -3.588770 21.327193 9.858428 2.545742 -46.045205 -32.371000 -36.252578 -91.389989 18.508117 40.433990 21.825994 -37.189085 -4.249924 -19.950120 8.647041 -16.651108 110.370569 -19.215874 20.018920 86.222155 13.900870 -44.440356 -11.099427 -15.567811 3.153683 12.910421 -31.126246 4.256262 0.000000 37.488468 0.000000 -5.708471 5.732717 -8.837999 0.000000 0.396886 0.000000 -9.116452 -4.259156 -17.352720 0.000000 38.941507 0.000000 -14.545482 -23.160474 10.540706 0.000000 -12.724019 0.000000
83.568738 89.951971 -48.809842 -133.954953 -0.114403 5.931213 0.833924 4.744678 4.234229 1.792664 4.027814 1.706248 -0.611656 3.273704 -0.804904 -2.615798 3.572632 -4.122027 23.131562 13.660307 -14.946971 9.349018 -14.036881 -3.223127 21.714716 9.688825 2.553944 -45.086464 -31.289253 -38.039059 -88.682860 17.860411 40.919298 21.576970 -37.898388 -4.348434 -20.693625 8.692127 -16.436017 109.993468 -18.294292 20.524597 83.439324 12.247879 -45.319668 -10.762055 -17.282132 3.901636 13.380242 -32.682855 3.721021 0.000000 39.563292 0.000000 -7.193529 6.998131 -9.655307 0.000000 0.380354 0.000000 -8.947914 -4.547900 -17.833528 0.000000 39.928887 0.000000 -15.370303 -23.291040 11.173892 0.000000 -12.802245 0.000000
83.315125 89.689893 -48.779913 -133.270330 -0.039682 6.366423 0.937947 4.766957 4.125816 1.841750 4.075397 1.651478 -0.815670 3.403485 -0.886081 -2.984521 3.553009 -4.332788 22.970346 13.144939 -15.396615 9.200245 -14.259237 -2.695725 22.326045 9.706414 2.441577 -44.321171 -30.102952 -39.645235 -85.676947 16.946043 41.598371 21.357250 -39.532125 -5.571037 -21.306559 8.748007 -16.274049 109.334878 -17.385850 21.030373 80.719050 10.497089 -45.781223 -9.737522 -21.009759 4.139419 13.693523 -34.256682 3.252890 0.000000 41.584103 0.000000 -8.682168 8.460588 -10.980073 0.000000 0.323046 0.000000 -9.236226 -4.939108 -18.470126 0.000000 40.902504 0.000000 -15.635195 -23.552951 11.661416 0.000000 -12.954296 0.000000
83.045697 89.417291 -48.742239 -132.568310 0.026175 6.787961 1.043079 4.770920 3.978976 1.832546 4.187780 1.585544 -1.208262 3.398088 -0.783784 -3.519873 3.539195 -4.440361 22.952711 13.029537 -16.138871 9.083403 -14.851748 -2.327248 23.209526 10.044265 1.968298 -43.639987 -28.633812 -40.839177 -82.486972 15.646060 42.542910 21.531130 -41.384099 -7.540937 -21.856061 8.925377 -16.568960 108.709000 -16.730035 21.205901 76.729816 9.585197 -46.150194 -9.071173 -26.216013 5.101080 13.960366 -35.886886 2.839636 0.000000 43.584314 0.000000 -10.378978 10.192980 -12.485162 0.000000 0.175367 0.000000 -9.683672 -5.345202 -19.140294 0.000000 41.858640 0.000000 -15.699814 -23.879420 12.198555 0.000000 -12.966279 0.000000
82.775311 89.151868 -48.708517 -131.943993 0.179406 7.173192 1.250658 4.759417 3.843081 1.863342 4.265760 1.517606 -1.633950 3.473850 -0.790310 -4.131108 3.804964 -4.602597 23.086809 12.319792 -16.723486 9.013619 -15.276434 -2.147398 24.069551 10.039677 1.428406 -42.978533 -26.854618 -41.703474 -79.257260 14.230356 43.484875 22.496377 -44.182638 -10.205963 -22.137989 8.581047 -16.450081 107.823555 -15.822194 21.644775 72.849829 8.502335 -46.436852 -8.190530 -31.464127 5.209206 14.169800 -37.575236 2.532898 0.000000 45.427580 0.000000 -12.117649 12.110196 -14.261229 0.000000 0.071358 0.000000 -8.883284 -5.466930 -19.440413 0.000000 42.849385 0.000000 -17.111736 -23.937107 13.230266 0.000000 -13.310308 0.000000
82.479834 88.881665 -48.675873 -131.298508 0.351799 7.553631 1.388022 4.759330 3.720526 1.832951 4.208337 1.363903 -1.904291 3.631593 -0.960165 -4.547340 4.046626 -4.488206 23.028741 11.827496 -17.197519 8.858400 -15.836472 -2.044119 24.715600 10.325493 0.757105 -42.589661 -24.940926 -42.120285 -75.725891 12.484063 44.561535 23.416091 -46.875285 -13.607474 -22.217991 8.479709 -16.298341 106.484721 -15.080167 22.231270 69.763065 6.922055 -46.658591 -7.066735 -36.450243 5.126547 14.038213 -39.265992 2.415650 0.000000 47.095851 0.000000 -13.835039 14.183385 -16.876672 0.000000 -0.490662 0.000000 -9.234906 -5.992984 -20.046979 0.000000 43.839562 0.000000 -17.335208 -24.019664 13.873704 0.000000 -13.520390 0.000000
82.165466 88.604199 -48.658878 -130.825403 0.564099 7.944577 1.658171 4.679288 3.448166 1.936764 4.243786 1.253449 -2.160293 3.795225 -0.992928 -4.939171 4.180589 -4.298095 22.894403 11.476150 -17.525020 8.695847 -16.401578 -2.231367 25.069144 10.740161 -0.198355 -42.112524 -22.775505 -42.226746 -72.199051 10.651860 45.570219 24.575414 -49.508937 -16.902479 -22.178435 8.225566 -16.231557 104.810536 -14.402099 23.154935 67.493850 5.264706 -46.713657 -5.814693 -42.029929 4.720372 13.978263 -40.811872 2.396808 0.000000 48.505004 0.000000 -15.560561 15.951649 -20.108715 0.000000 -0.739900 0.000000 -9.260960 -6.406315 -20.636689 0.000000 44.690474 0.000000 -17.608036 -24.214153 14.534442 0.000000 -13.410786 0.000000
81.807904 88.304712 -48.646609 -130.330534 0.808643 8.248272 1.914864 4.473617 3.234302 2.027465 4.100470 1.194317 -2.524595 4.030501 -0.939763 -5.434945 4.836832 -4.185674 22.882535 10.939618 -18.214940 8.524252 -17.036544 -2.171912 25.650251 11.195012 -1.218234 -41.552067 -21.370995 -42.119236 -68.991359 8.016132 45.742174 24.430670 -51.192929 -18.512352 -22.157870 7.952731 -16.286661 103.268677 -13.420981 23.498752 64.370750 3.879741 -46.969122 -6.503656 -45.649167 4.408931 13.905375 -42.227311 2.441114 0.000000 49.583484 0.000000 -17.315510 17.145536 -23.015943 0.000000 -1.250975 0.000000 -9.241769 -6.797207 -21.134359 0.000000 45.538625 0.000000 -17.951362 -24.397152 15.234898 0.000000 -13.640448 0.000000
81.448907 88.004303 -48.622531 -129.926572 1.071088 8.516047 2.161616 4.374676 3.089717 2.125653 4.195329 1.109973 -2.706275 4.195832 -0.913081 -5.721557 4.891112 -3.995747 22.700781 10.468234 -18.864158 8.301758 -17.337924 -1.910752 25.773505 11.346676 -2.123648 -40.167678 -19.725051 -42.529357 -65.939665 5.362014 45.518177 23.770383 -52.235477 -19.606888 -22.441340 7.848407 -16.362792 101.833261 -12.404729 24.068705 60.621444 2.674414 -47.384097 -8.895518 -46.479131 3.784005 14.192573 -43.587627 2.273509 0.000000 50.728113 0.000000 -18.812516 16.907048 -23.696672 0.000000 -1.716724 0.000000 -9.146955 -7.154410 -21.567116 0.000000 46.294550 0.000000 -18.401128 -24.569015 15.820529 0.000000 -13.837361 0.000000
81.027612 87.705121 -48.610522 -129.645977 1.349756 8.792561 2.443368 4.417314 2.927222 2.261932 4.201399 1.030204 -2.894185 4.240631 -0.934579 -6.012548 4.821327 -3.892310 22.674587 9.980635 -19.469012 8.151709 -17.470700 -1.450705 26.181514 11.795928 -2.976653 -38.885335 -18.098064 -42.563004 -63.555730 2.693154 44.770434 24.675503 -53.944922 -19.567150 -22.583740 7.550223 -16.445273 100.311623 -11.055184 25.355545 57.592780 1.273528 -48.316571 -9.076869 -49.927743 4.518446 14.617073 -44.717285 2.067458 0.000000 51.546999 0.000000 -19.878644 15.788298 -23.398095 0.000000 -2.199550 0.000000 -9.086784 -7.532630 -22.091970 0.000000 47.010392 0.000000 -18.666997 -24.695603 16.398830 0.000000 -14.075207 0.000000
80.578223 87.390845 -48.595163 -129.431270 1.704651 9.012126 2.727713 4.203605 2.853430 2.429196 4.266810 0.918599 -2.808674 4.422549 -1.104146 -6.036193 5.291642 -3.920923 22.441118 8.545532 -19.677664 7.978348 -16.818409 -1.121835 25.699534 11.212932 -3.300533 -36.677295 -16.691599 -43.495440 -60.890675 0.666370 43.842724 26.191841 -56.210310 -20.195733 -23.148515 7.301844 -16.089808 98.641062 -9.694765 26.223410 54.700727 -0.200027 -49.060574 -8.705075 -53.991585 5.283304 15.012515 -45.779289 1.937205 0.000000 51.992131 0.000000 -20.272651 14.675741 -23.193499 0.000000 -2.816543 0.000000 -9.029575 -7.915165 -22.590200 0.000000 47.633229 0.000000 -18.887312 -24.890858 17.091148 0.000000 -14.027117 0.000000
80.109857 87.071594 -48.590692 -129.266043 2.039364 9.078036 3.061172 4.227007 2.886587 2.651781 4.281069 0.798933 -2.795390 4.459872 -1.306641 -6.135821 5.505146 -3.875347 22.228388 7.614782 -19.820474 7.774582 -16.803613 -0.861481 25.477544 10.657241 -3.494277 -34.494213 -15.096892 -44.389012 -58.221089 -1.471057 42.804174 28.069982 -58.438643 -21.340089 -23.855743 7.486922 -15.808412 97.087297 -8.454517 26.823888 51.917547 -1.360085 -49.460072 -9.410252 -57.802573 6.145360 15.278659 -46.734510 2.050583 0.000000 52.014061 0.000000 -19.882642 13.839025 -23.179624 0.000000 -3.013431 0.000000 -8.798304 -8.078133 -22.867573 0.000000 48.086628 0.000000 -19.336529 -25.098866 17.851646 0.000000 -13.950075 0.000000
79.602173 86.775018 -48.614377 -129.077524 2.376204 9.040539 3.333489 4.126245 2.935703 2.821329 4.411758 0.724096 -2.749921 4.549530 -1.422882 -6.172641 5.570552 -3.847007 22.030654 6.455361 -19.904238 7.653716 -16.228278 -0.691576 25.191824 10.214106 -3.691352 -32.128180 -13.671977 -45.213450 -55.288465 -3.568215 41.678953 30.190562 -60.870445 -23.566165 -24.538041 7.569617 -15.450227 95.550919 -7.059489 27.592102 49.118077 -2.735467 -49.710292 -9.247014 -61.431112 7.052907 15.445056 -47.511496 2.296589 0.000000 51.447371 0.000000 -18.949983 13.473237 -23.350123 0.000000 -3.440189 0.000000 -8.661777 -8.078879 -23.015241 0.000000 48.290177 0.000000 -19.854970 -25.269579 18.557481 0.000000 -13.809992 0.000000
79.063470 86.494293 -48.662500 -128.869394 2.785112 8.908102 3.632467 4.111083 2.952903 3.024686 4.289944 0.713776 -2.774428 4.634185 -1.486906 -6.266977 5.646504 -3.728510 21.882616 5.774751 -20.144123 7.469556 -16.379536 -0.509681 24.910251 9.666440 -3.950155 -29.632543 -12.133517 -46.129453 -52.174481 -5.704870 40.586892 32.616804 -63.134514 -26.727113 -25.236789 7.668084 -15.092152 94.031173 -5.752008 28.423781 47.172076 -4.411223 -50.004493 -10.169468 -63.753058 8.255648 15.612707 -48.198265 2.597311 0.000000 50.442652 0.000000 -17.477639 12.903352 -23.023746 0.000000 -3.553037 0.000000 -8.653521 -8.036759 -23.052686 0.000000 48.267933 0.000000 -20.251680 -25.471941 19.087012 0.000000 -13.941256 0.000000
78.494275 86.233405 -48.731647 -128.635260 3.262412 8.618076 3.893642 3.925605 3.029523 3.172823 4.342725 0.717214 -2.810413 4.610263 -1.539591 -6.347733 5.595765 -3.479802 21.797696 5.177442 -20.254167 7.377711 -16.389748 -0.575905 24.625762 8.995762 -4.109176 -26.529907 -10.822452 -47.347731 -49.216870 -7.821117 39.154959 35.738519 -65.099845 -30.651297 -25.863348 7.879081 -14.795090 92.490991 -4.274378 29.256962 45.629854 -6.169697 -50.311725 -11.517812 -65.496968 9.442165 15.798498 -48.780317 2.952551 0.000000 48.944400 0.000000 -15.649849 12.092679 -21.930905 0.000000 -3.678691 0.000000 -8.615566 -7.892214 -22.864068 0.000000 48.061972 0.000000 -20.779700 -25.591132 19.674185 0.000000 -14.017191 0.000000
77.872681 86.000598 -48.852762 -128.235941 3.760664 8.213573 4.100572 3.777818 3.069676 3.279874 4.139176 0.736549 -2.826519 4.516304 -1.475601 -6.381560 5.664961 -3.313312 21.671790 4.721141 -20.241884 7.257551 -16.589799 -0.598611 24.312983 8.356266 -4.163327 -23.535724 -9.655493 -48.515578 -46.077753 -9.908755 37.896058 40.756308 -67.169149 -36.567464 -26.595265 8.015018 -14.270857 90.938422 -2.798872 30.117357 43.648628 -7.268885 -50.075854 -12.567405 -67.664705 11.380649 15.727149 -49.215772 3.457497 0.000000 46.913625 0.000000 -13.678140 11.097990 -20.633020 0.000000 -3.879758 0.000000 -8.818058 -7.552333 -22.529731 0.000000 47.565947 0.000000 -21.297438 -25.727399 20.362682 0.000000 -13.543760 0.000000
77.211420 85.807776 -49.022366 -127.764187 4.315191 7.600125 4.342117 3.493457 3.129216 3.410745 3.955576 0.866230 -2.847289 4.457949 -1.311657 -6.342529 5.563546 -3.029776 21.526946 4.419572 -20.320904 7.126724 -16.709934 -0.464575 23.850075 7.731338 -4.340833 -20.235672 -8.486958 -49.531078 -43.047828 -11.749868 36.265153 47.393874 -69.298132 -43.933518 -27.589135 8.384971 -13.858963 89.348906 -1.466962 31.014157 43.052101 -9.319701 -50.188017 -13.084225 -68.075617 12.644253 15.464055 -49.555474 4.197684 0.000000 44.351005 0.000000 -11.667184 10.101174 -19.232672 0.000000 -4.098635 0.000000 -8.707468 -6.833038 -21.810097 0.000000 46.679031 0.000000 -22.465201 -25.581848 21.269662 0.000000 -12.791605 0.000000
76.463367 85.638751 -49.231744 -127.074672 4.808117 6.905420 4.478075 3.194714 3.295159 3.490439 3.723714 0.955375 -2.702429 4.364724 -1.308114 -6.077851 5.340481 -2.681043 21.038147 4.168682 -19.957386 6.958040 -16.513160 -0.499314 23.168075 7.247752 -4.243289 -17.259377 -7.211129 -50.341918 -40.375595 -14.041639 34.778087 53.275295 -70.639543 -50.394513 -28.856586 8.834094 -13.240582 87.430907 -0.148926 32.207659 43.319095 -11.511312 -50.450601 -13.326851 -67.535746 13.959084 15.109073 -49.648651 4.871326 0.000000 41.311169 0.000000 -9.729750 9.069387 -17.203487 0.000000 -4.586409 0.000000 -8.960132 -5.895934 -21.044973 0.000000 45.550148 0.000000 -23.332326 -25.410410 22.080925 0.000000 -12.484992 0.000000
75.644348 85.518231 -49.475461 -126.169650 5.298227 6.213083 4.556709 2.821857 3.396068 3.525504 3.422346 1.087146 -2.832642 4.355320 -1.245102 -6.097254 5.111366 -2.466579 20.887835 3.739131 -19.741615 6.897491 -16.201956 -0.248447 22.568792 6.153989 -4.290058 -13.507510 -5.294144 -50.819110 -38.432097 -16.144941 33.091532 58.795572 -71.766788 -55.829450 -29.783179 9.352422 -12.517486 85.661448 1.375912 33.169309 49.030176 -13.484580 -51.929460 -105.025400 -78.655483 75.370452 14.273950 -49.490586 5.674178 0.000000 37.776780 0.000000 -7.572368 7.957889 -15.519794 0.000000 -4.640318 0.000000 -9.513078 -4.788924 -20.288298 0.000000 44.078542 0.000000 -23.839907 -25.147323 22.450972 0.000000 -12.596623 0.000000
74.736395 85.409717 -49.763892 -125.032677 5.792905 5.486319 4.606572 2.303067 3.479221 3.534472 3.005492 1.184877 -2.816843 4.189176 -1.124404 -6.017771 5.373643 -2.305942 20.487992 3.245601 -19.267806 6.774850 -15.795533 -0.121346 21.940599 5.485312 -4.305280 -10.572258 -3.892512 -50.786547 -36.562568 -17.982551 31.822887 62.982683 -72.613644 -59.928380 -31.016745 9.800919 -11.723317 83.536950 3.022769 33.913782 47.934717 -13.273161 -51.666558 -96.474539 -77.010249 68.608022 13.242114 -49.199621 6.463124 0.000000 33.994834 0.000000 -5.507612 6.871538 -14.044416 0.000000 -4.587887 0.000000 -10.233719 -3.367023 -19.445152 0.000000 42.210330 0.000000 -24.404061 -24.668678 22.872387 0.000000 -13.029914 0.000000
73.752692 85.312677 -50.083478 -123.692288 6.221551 4.868802 4.522123 1.746404 3.428359 3.418246 2.540085 1.217893 -2.714740 4.027040 -1.029737 -5.800209 5.606532 -2.106702 19.925422 2.855605 -18.631295 6.600141 -15.332488 0.107082 21.187900 4.803559 -4.160368 -7.422034 -2.534988 -50.677470 -35.030127 -18.999749 30.823891 65.815018 -72.907165 -63.042082 -32.514424 10.383396 -11.137599 81.436967 4.311144 34.796288 47.384274 -13.937903 -51.225729 -92.835083 -76.526996 68.255865 12.197431 -48.645433 7.019518 0.000000 29.968559 0.000000 -3.607625 5.945358 -12.835569 0.000000 -4.624850 0.000000 -10.965569 -1.658570 -18.711696 0.000000 40.148511 0.000000 -24.939438 -24.042056 23.181412 0.000000 -13.332013 0.000000
72.645087 85.239325 -50.443991 -122.050650 6.625572 4.244752 4.429148 1.319362 3.282457 3.327937 2.237370 1.175047 -2.392975 4.031086 -0.962145 -5.054777 4.552279 -1.485358 18.754873 2.330188 -17.561498 6.355494 -13.638723 0.400658 20.340473 4.627410 -3.947007 -4.696582 -1.150415 -50.273665 -33.796451 -18.958521 29.988012 67.069568 -72.999547 -65.079965 -37.049516 13.281440 -10.249575 80.176518 6.289683 32.572695 47.803360 -15.793194 -49.875620 -84.887159 -76.382236 62.552166 10.882789 -47.880602 7.521734 0.000000 25.779924 0.000000 -1.728831 5.195789 -12.078735 0.000000 -4.621217 0.000000 -11.755271 0.504450 -17.927761 0.000000 37.600431 0.000000 -25.332272 -23.104220 23.584662 0.000000 -14.076608 0.000000
71.484760 85.146954 -50.827148 -120.232070 6.911533 3.722766 4.254545 0.831883 3.078987 3.032934 1.704738 0.879456 -3.208655 3.236382 -1.168812 -5.713294 4.488495 -1.094586 19.252393 2.653753 -16.331465 6.751230 -12.995460 0.855612 21.719567 4.553853 -3.208980 -1.438851 -0.373288 -49.622590 -32.529929 -18.479215 29.054789 66.639192 -72.803753 -65.765949 -37.813294 16.269841 -10.349598 78.821453 7.460137 31.152229 47.730305 -17.453215 -49.356153 -81.047248 -75.729349 59.610475 9.511961 -46.940324 7.854263 0.000000 21.759738 0.000000 -0.030435 5.142242 -12.004391 0.000000 -4.752291 0.000000 -12.738038 2.864123 -17.291066 0.000000 35.009811 0.000000 -25.589218 -22.028598 23.619337 0.000000 -14.126757 0.000000
70.253711 85.075677 -51.194455 -118.388274 7.047598 3.258364 4.091801 -0.037026 2.706205 2.739891 1.507587 0.779344 -4.198068 3.426363 -0.793807 -6.496171 5.193084 0.338466 19.875193 1.784913 -17.720153 6.875296 -12.089569 1.993313 23.240832 3.720344 -4.452471 1.556309 -0.131721 -48.578769 -31.266660 -17.964801 28.028400 66.418093 -72.745042 -66.895729 -38.590533 15.807397 -11.524298 77.827057 7.958168 30.824664 46.874222 -18.293180 -48.484668 -76.438700 -74.789995 56.725691 8.314076 -45.782986 7.984512 0.000000 18.033762 0.000000 1.489375 5.820191 -12.623983 0.000000 -4.793296 0.000000 -12.922107 5.609155 -16.547372 0.000000 32.398862 0.000000 -26.172787 -20.466880 24.107124 0.000000 -14.715917 0.000000
68.949493 85.000488 -51.538507 -116.434392 7.028828 2.804023 4.127740 -0.482803 2.192872 2.553051 1.074659 0.879527 -5.303536 3.184413 -0.074571 -7.561175 5.758827 1.067985 20.430401 1.397740 -18.858850 7.013696 -11.298894 3.371494 24.849736 3.188755 -5.265431 4.374772 -0.331946 -47.102193 -29.940495 -17.484361 26.766680 66.678131 -72.965365 -68.537783 -39.284460 15.523979 -12.759685 76.992982 8.805070 30.575434 45.769289 -18.412046 -47.626596 -75.592067 -73.745391 55.454217 7.326406 -44.502177 7.822546 0.000000 14.849147 0.000000 2.724947 6.990833 -13.385905 0.000000 -4.635730 0.000000 -12.904457 8.636188 -15.736683 0.000000 29.688312 0.000000 -26.813217 -18.495385 24.202165 0.000000 -15.730371 0.000000
67.656708 84.912048 -51.813385 -114.774631 7.124682 2.504161 4.269985 -1.250373 1.775343 2.424770 0.515668 0.803783 -6.324130 3.228849 0.208912 -8.591813 6.574878 1.423513 20.896879 1.156276 -19.397795 7.123469 -10.910689 4.640555 26.658948 2.787991 -5.236975 5.932162 -1.013156 -45.800913 -28.629943 -17.606002 26.027266 69.625263 -73.554149 -72.195643 -39.367042 15.329218 -13.971488 76.157535 9.166343 30.609638 45.994882 -20.172970 -47.483090 -65.983389 -72.081238 47.440851 7.138077 -43.466379 7.115333 0.000000 12.563368 0.000000 3.358000 8.525676 -14.296140 0.000000 -4.632738 0.000000 -11.682936 11.316744 -14.800800 0.000000 27.681819 0.000000 -27.781691 -16.192142 24.574942 0.000000 -16.989728 0.000000
66.391022 84.837891 -52.006079 -112.736013 7.249938 2.494361 4.244411 -1.678565 1.124194 2.101835 0.353866 0.719036 -7.222465 3.111841 0.485618 -9.458368 6.102319 1.801320 21.263824 0.395984 -19.740109 7.448086 -9.019439 6.181466 28.417660 2.294829 -4.992868 7.228247 -1.369329 -43.799027 -27.531136 -18.106733 25.064273 74.316113 -74.430751 -77.056532 -39.688226 15.246897 -15.067593 75.327539 10.391820 30.687908 45.326170 -20.725107 -47.039535 -64.655917 -71.684373 47.135320 6.617690 -42.902383 6.115475 0.000000 11.031346 0.000000 2.012406 12.535127 -12.667398 0.000000 -7.061163 0.000000 -10.776172 13.749547 -14.060840 0.000000 25.884990 0.000000 -28.473834 -13.500508 24.437200 0.000000 -18.507433 0.000000
65.086499 84.708643 -52.135321 -110.996761 7.079998 2.275356 4.336655 -1.869132 0.993856 1.891741 0.222818 0.673869 -8.040650 2.917465 0.525579 -10.367878 5.828083 1.911464 21.601754 0.183293 -20.068655 7.628186 -8.260139 7.610183 29.982991 1.836993 -4.454547 7.791538 -1.919776 -41.801352 -26.567485 -19.133907 24.395405 81.526550 -75.526939 -84.043763 -39.730292 14.783659 -16.134080 74.770540 11.500067 30.717135 45.184226 -21.937313 -47.005106 -60.620245 -71.265658 43.943238 6.227920 -42.069574 5.261303 0.000000 9.885244 0.000000 -0.049960 15.508641 -10.972167 0.000000 -7.134358 0.000000 -8.901580 16.203350 -12.878776 0.000000 24.805704 0.000000 -29.246302 -10.603752 24.129996 0.000000 -19.934336 0.000000
63.877264 84.570404 -52.207623 -109.151991 7.010472 2.170954 4.325535 -1.966567 0.748492 1.667489 0.005252 0.745830 -8.702390 2.785427 0.740324 -11.109839 5.445711 2.099933 21.539618 0.217018 -20.747913 7.586061 -7.930474 8.745946 30.842909 1.591957 -4.249932 7.947281 -2.872146 -39.422624 -26.188852 -22.118866 23.961436 77.939892 -75.860401 -79.168851 -39.860642 13.909864 -17.363526 74.376049 12.319945 30.536420 44.550339 -22.785815 -47.113846 -61.677203 -72.031110 45.092755 5.189322 -41.627549 4.748735 0.000000 8.490704 0.000000 -2.100702 20.421883 -10.178538 0.000000 -7.443772 0.000000 -7.055417 18.114899 -11.607791 0.000000 24.382237 0.000000 -29.729223 -7.820279 23.842299 0.000000 -20.812553 0.000000
62.761353 84.445868 -52.215955 -107.425025 7.096217 1.969481 4.226930 -1.948075 0.724444 1.414969 -0.442398 0.806289 -9.230844 2.693745 0.526760 -11.772227 4.953779 1.902905 21.524403 0.219340 -20.305564 7.624079 -7.756187 9.044672 31.618403 1.482703 -3.577741 7.426154 -3.780876 -36.882122 -26.141266 -24.448279 24.084311 76.661466 -76.361814 -76.992107 -39.395459 13.617344 -17.682824 73.756407 12.901418 29.774022 43.980236 -23.825231 -47.413768 -61.363456 -73.335341 45.213427 4.336599 -41.798632 4.233182 0.000000 7.947054 0.000000 -3.389258 24.825567 -8.886586 0.000000 -6.873192 0.000000 -4.715879 19.197235 -9.859300 0.000000 24.945563 0.000000 -30.081502 -5.187312 22.240948 0.000000 -21.186286 0.000000
61.812964 84.279749 -52.154236 -105.780524 7.314033 1.736441 4.022769 -1.993532 0.768466 1.094947 -0.781971 0.872599 -9.311940 2.270163 0.652018 -12.020904 5.053360 1.631239 20.982531 0.274585 -19.911724 7.374908 -7.986169 8.630964 31.515675 1.839866 -3.322836 6.325657 -4.983007 -34.482004 -26.335786 -25.763124 24.623315 74.917386 -76.748081 -75.322734 -39.134558 12.978579 -17.987354 73.123329 12.778056 28.488046 43.736695 -25.200876 -48.340372 -57.901322 -74.052846 42.903089 2.751048 -42.765114 4.316171 0.000000 9.089978 0.000000 -3.418655 27.244816 -8.062302 0.000000 -6.529413 0.000000 -3.664650 18.785766 -8.780290 0.000000 27.331206 0.000000 -28.726583 -2.482837 20.436587 0.000000 -21.249551 0.000000
61.048676 84.044586 -52.034308 -104.217859 7.460676 1.572220 3.696973 -1.701085 0.793770 0.731750 -0.774198 0.866450 -8.963092 2.068803 0.608904 -11.721482 4.263059 1.461424 19.829301 0.061169 -18.293281 6.956563 -8.101495 7.395902 30.789612 2.190435 -2.478261 5.052671 -5.929391 -32.256925 -27.224299 -25.833116 25.395037 72.773986 -76.929426 -74.156076 -38.854126 12.694614 -17.504688 71.506635 12.453484 26.643213 44.089141 -26.055743 -49.112532 -52.668602 -74.599672 38.377495 0.890292 -44.327817 4.533955 0.000000 11.951839 0.000000 -3.479417 26.876783 -6.806725 0.000000 -5.886280 0.000000 -4.354818 17.714444 -8.701283 0.000000 30.360263 0.000000 -24.885095 -0.727715 17.855284 0.000000 -21.489705 0.000000
60.434381 83.826697 -51.872394 -102.981372 7.606789 1.346282 3.407597 -1.193091 0.961978 0.462531 -0.777453 0.815399 -8.301644 1.578972 0.457520 -11.060829 3.587208 1.330610 18.242659 0.360036 -16.487670 6.330205 -8.786938 6.191925 29.553489 3.006767 -1.475786 3.266980 -7.176709 -30.301296 -28.859239 -25.341228 26.810284 68.550497 -76.444612 -70.695476 -38.180927 12.585862 -16.692444 69.152099 11.912632 24.374557 44.769124 -26.367647 -49.954526 -46.846437 -74.809993 33.759294 -0.644026 -46.155696 4.710034 0.000000 15.547594 0.000000 -3.446346 25.308324 -4.922328 0.000000 -5.441181 0.000000 -4.303338 16.157253 -8.343901 0.000000 34.126256 0.000000 -20.802812 0.579923 15.161643 0.000000 -21.121329 0.000000
59.957941 83.593884 -51.717639 -102.010506 7.490856 0.917951 2.915704 -0.730160 0.968455 0.054099 -0.112946 1.006028 -7.255987 1.621161 0.923737 -9.915363 2.367467 0.920709 16.415868 0.308901 -14.779952 5.554296 -9.577534 5.278866 27.830621 3.363864 -0.481677 1.521046 -8.236873 -28.436065 -30.977051 -24.108635 28.217255 65.725339 -75.872025 -68.893004 -37.079314 12.469931 -15.650049 65.989094 10.994037 21.503304 45.699388 -26.075398 -50.291472 -40.181834 -74.518863 28.287059 -2.884658 -47.681463 5.772751 0.000000 18.901659 0.000000 -3.421127 24.560960 -4.795377 0.000000 -4.407096 0.000000 -4.110175 14.372875 -7.867342 0.000000 38.417595 0.000000 -16.319475 1.738878 12.916238 0.000000 -20.470895 0.000000
59.573938 83.302441 -51.542114 -101.260781 7.145672 0.720737 2.702030 0.194323 1.101882 -0.072088 0.267656 1.051772 -6.209445 1.164750 0.934750 -8.746714 1.714465 0.880860 14.375142 1.159556 -13.996929 4.505057 -11.267341 5.519455 25.253515 4.017371 0.290496 -0.257153 -9.454723 -26.348023 -33.333886 -22.744891 29.633881 63.497478 -75.483850 -67.774534 -35.729585 12.009228 -15.174702 62.681831 9.770876 18.664864 46.596477 -25.522636 -50.226171 -32.148708 -73.136577 21.419364 -5.488587 -48.933295 7.107012 0.000000 22.226230 0.000000 -2.505940 23.550531 -5.378812 0.000000 -3.516102 0.000000 -3.694455 12.612118 -7.803038 0.000000 42.907446 0.000000 -11.261556 2.043107 12.055686 0.000000 -19.778552 0.000000
59.266870 82.964435 -51.358527 -100.732879 6.636842 0.720526 2.558340 0.592879 1.064396 -0.093498 0.737349 0.961807 -5.491644 1.673707 0.808432 -7.961527 2.218214 0.698774 12.948979 0.937754 -13.248524 3.577696 -13.210582 5.876028 23.102787 3.725627 0.975377 -2.614915 -10.989142 -24.002127 -35.520618 -21.847967 31.224428 63.512615 -75.413053 -69.440980 -32.148801 10.607584 -14.466389 58.625732 7.972335 16.208890 47.405626 -24.561382 -49.785373 -24.789175 -71.408106 15.374547 -7.553939 -49.840008 8.094851 0.000000 25.079101 0.000000 -1.943765 22.944783 -6.646824 0.000000 -2.487405 0.000000 -2.683746 10.923140 -7.937397 0.000000 47.148082 0.000000 -6.189088 2.011125 12.876434 0.000000 -19.891244 0.000000
59.004395 82.603680 -51.149216 -100.324715 6.098742 0.960106 2.368031 1.429829 0.700736 -0.129686 1.002766 0.814831 -4.680271 1.764774 0.942616 -6.966359 1.885113 1.219026 11.483649 2.617715 -13.332809 2.573880 -15.913400 6.629347 20.851209 4.412391 1.205261 -5.476280 -12.514938 -21.326220 -37.907134 -21.039001 32.900245 63.277584 -75.153447 -69.787982 -27.833415 9.253213 -14.787121 53.263561 6.303281 13.695124 48.388098 -22.981463 -48.179943 -19.505535 -69.461266 10.253439 -8.179741 -50.566872 7.858256 0.000000 27.374614 0.000000 -1.559472 22.553836 -6.667272 0.000000 -2.117464 0.000000 -1.944188 9.077546 -8.447349 0.000000 51.141821 0.000000 -1.902681 1.407682 13.224045 0.000000 -20.075914 0.000000
58.797888 82.288367 -50.934314 -100.163709 5.632253 1.359469 2.357335 1.465560 0.438905 -0.009139 1.685868 0.502082 -4.144910 2.491815 0.586331 -6.409399 3.469137 0.689136 10.588967 1.338267 -12.107825 1.887006 -17.595501 6.949721 18.968890 2.828961 2.092639 -8.850496 -14.411870 -17.900651 -39.682386 -20.906862 34.140232 61.751318 -74.290038 -70.001397 -22.321741 7.042031 -13.588783 48.231701 3.854334 10.731805 49.281230 -22.388530 -46.176612 -12.206111 -66.399661 5.123441 -7.923329 -51.133554 6.988319 0.000000 29.053102 0.000000 -1.192401 22.432560 -6.129598 0.000000 -1.667170 0.000000 -1.383433 6.953307 -9.239009 0.000000 54.701658 0.000000 0.757130 0.831281 12.875458 0.000000 -20.612340 0.000000
58.595453 82.002417 -50.724393 -100.238037 5.110328 1.769305 2.373497 1.677415 0.118592 0.153028 2.148067 0.221935 -3.647246 3.247730 0.352639 -5.842117 4.663854 0.341073 9.902370 -0.081530 -10.973172 1.578711 -17.782502 6.934893 17.125663 1.445465 2.696856 -12.709724 -16.097066 -13.816394 -41.397313 -21.466545 35.108854 58.020172 -73.652017 -68.609259 -16.593246 4.887834 -13.055058 43.398948 1.386294 7.339966 49.750670 -22.323734 -43.468331 -5.499295 -63.273320 0.839240 -7.229756 -51.439722 5.924007 0.000000 30.376368 0.000000 -0.764139 22.466589 -5.424294 0.000000 -2.004186 0.000000 -0.732979 4.858733 -10.010342 0.000000 57.743269 0.000000 1.251317 0.449088 12.202456 0.000000 -22.048697 0.000000
58.403656 81.744067 -50.535562 -100.632653 4.705037 2.020735 2.392270 2.140077 -0.150879 0.353027 2.346097 0.086149 -3.021819 3.757095 0.252748 -5.009500 4.955072 0.278500 8.932044 -1.182211 -10.022120 1.452993 -16.350419 6.525648 15.136958 0.535651 3.082962 -17.101757 -17.532537 -9.485200 -42.763337 -22.175712 35.558768 54.270194 -72.563866 -67.386353 -9.740998 2.324383 -13.453772 37.431451 -0.782761 4.833247 50.421383 -21.853208 -40.025723 0.217947 -58.049740 -1.329068 -6.472676 -51.685082 5.172268 0.000000 31.571298 0.000000 -0.315393 22.245399 -4.734518 0.000000 -2.227603 0.000000 -0.000896 2.705273 -10.621781 0.000000 60.183068 0.000000 0.173134 -0.184023 10.770261 0.000000 -25.063455 0.000000
58.244550 81.536310 -50.337262 -101.288810 4.464920 2.274307 2.449862 2.651771 -0.334495 0.643357 2.727910 -0.035931 -2.394061 3.714841 0.136740 -4.125369 4.371545 0.283931 7.865411 -1.646015 -9.148388 1.447544 -14.060015 5.937858 12.773380 -0.123105 3.443977 -21.102711 -18.276755 -5.363270 -44.029165 -22.730873 35.460251 49.484938 -70.910201 -66.172355 -2.801805 0.054378 -14.502751 32.285307 -2.588402 2.740198 50.633614 -21.426923 -36.381284 2.924005 -54.230433 -1.640226 -5.262562 -51.879830 4.285452 0.000000 32.452003 0.000000 0.001551 22.050864 -3.876261 0.000000 -2.846251 0.000000 0.677767 0.376628 -11.357197 0.000000 62.291784 0.000000 -1.421449 -0.909966 8.758827 0.000000 -27.936526 0.000000
58.094647 81.357556 -50.137134 -102.134408 4.381130 2.609168 2.540910 3.392973 -0.627583 0.803237 3.098620 -0.249335 -1.610866 3.206929 0.033065 -3.217528 2.999788 0.466008 6.777397 -1.760538 -8.074142 1.581846 -11.026547 4.791947 10.208737 -0.564918 3.962087 -24.765605 -19.125883 -1.863161 -45.526298 -22.645541 34.482970 46.954245 -69.592732 -66.891825 1.544010 -0.879555 -15.318681 31.790027 -5.236882 -0.309740 49.056319 -21.815315 -33.024056 4.222550 -49.713481 0.396748 -3.979233 -52.048181 3.446722 0.000000 33.171306 0.000000 0.323412 21.619143 -3.225695 0.000000 -3.012941 0.000000 1.580033 -2.038298 -12.270564 0.000000 64.236811 0.000000 -2.941288 -1.090009 7.069146 0.000000 -31.012581 0.000000
57.955170 81.223193 -49.955228 -103.207985 4.463404 2.887710 2.921419 3.872544 -0.608040 1.185600 3.121037 -0.473139 -1.230078 2.952622 -0.668386 -2.566459 1.801886 0.825862 6.088268 -1.542590 -7.075236 1.774994 -8.219443 3.648757 7.029316 -1.497475 4.833648 -27.207791 -19.062143 0.686068 -46.613467 -22.035165 33.458079 42.444602 -67.492091 -65.487297 5.548674 -1.625608 -16.014810 34.106818 -9.413195 -2.972380 44.893593 -20.905831 -29.859804 5.217689 -46.035721 4.131467 -2.536103 -52.206313 2.719672 0.000000 33.677392 0.000000 0.589834 21.178853 -2.567268 0.000000 -3.331757 0.000000 2.531963 -4.677624 -13.132621 0.000000 66.507432 0.000000 -4.055702 -1.494316 4.803273 0.000000 -31.579593 0.000000
57.817816 81.156702 -49.806927 -104.253466 4.647580 3.306947 3.235432 4.106693 -0.665639 1.480586 3.222802 -0.823813 -0.859147 2.651048 -1.239524 -2.008863 0.955707 0.797955 5.530818 -1.599551 -6.031335 1.891705 -5.520711 2.665010 3.459747 -2.350988 6.097857 -28.481878 -17.336328 2.723537 -47.350273 -21.257088 33.113510 40.217883 -65.654893 -67.067906 9.461588 -2.614659 -16.655716 36.519230 -11.755442 -4.902358 41.439815 -19.042203 -27.536343 7.551363 -45.107848 4.820083 -0.868618 -52.266470 1.736095 0.000000 33.871576 0.000000 0.823248 20.791934 -1.939859 0.000000 -3.434217 0.000000 2.870928 -7.475803 -13.975520 0.000000 69.192921 0.000000 -5.068180 -3.448221 -2.222353 0.000000 -28.373861 0.000000
57.737750 81.123712 -49.719397 -104.930047 5.016283 3.725048 3.311090 4.362715 -0.926187 1.643997 3.415221 -1.143547 -0.449352 2.285709 -1.391525 -1.511174 -0.097819 0.741640 5.065766 -1.980447 -5.606121 1.912780 -2.801456 2.098343 1.086221 -1.996596 6.930542 -31.010623 -14.977780 5.363252 -46.624448 -20.357145 33.301282 38.632345 -64.616055 -68.688064 12.282860 -3.424673 -17.528247 39.249970 -10.774391 -6.568922 39.641215 -19.403181 -27.689447 9.007182 -45.150531 6.408929 0.660636 -52.451015 0.710297 0.000000 33.772736 0.000000 0.867824 20.663877 -1.432911 0.000000 -3.427907 0.000000 2.589984 -10.275532 -14.615471 0.000000 71.661603 0.000000 -5.485137 -5.940050 -11.332823 0.000000 -23.183152 0.000000
57.675140 81.124457 -49.700049 -105.240962 5.443500 4.099368 3.237952 4.630926 -1.296427 1.609783 3.634460 -1.517772 -0.356013 2.013780 -1.461818 -1.127184 -0.245972 1.407593 4.949239 -3.437676 -6.042035 1.945461 -0.832677 1.674241 0.715786 -1.390479 7.273687 -35.416918 -14.184658 8.733553 -44.047625 -19.663906 32.463096 35.229146 -64.252816 -67.561693 13.354937 -3.339739 -19.089744 44.130784 -10.965085 -9.590409 37.744879 -21.357206 -28.149927 9.664674 -43.211364 8.258154 1.635637 -52.715203 -0.092492 0.000000 33.547779 0.000000 0.958106 20.783371 -1.059707 0.000000 -3.405725 0.000000 1.611560 -12.845924 -14.979936 0.000000 73.759897 0.000000 -5.383637 -8.741183 -20.559649 0.000000 -17.024662 0.000000
57.567651 81.169067 -49.712781 -105.250227 5.963160 4.661051 2.915958 4.804459 -1.990309 1.521075 3.745595 -1.810131 -0.189286 1.733120 -1.259750 -0.950605 0.537728 1.310480 4.933136 -5.162491 -5.985587 1.928674 -0.510564 1.082299 0.337565 -1.456814 8.633322 -39.067965 -14.716974 11.574655 -41.876138 -19.286535 30.811886 31.523733 -62.772396 -63.771132 13.822524 -3.110483 -20.666370 48.907945 -12.933713 -12.844982 36.436183 -22.045205 -27.638702 10.635229 -42.394833 8.295511 2.810749 -53.006459 -1.299952 0.000000 33.211611 0.000000 0.859690 20.964226 -1.035511 0.000000 -3.273618 0.000000 0.070380 -14.961039 -15.533942 0.000000 75.084145 0.000000 -3.833211 -12.073095 -30.838991 0.000000 -9.910797 0.000000
57.449536 81.276227 -49.728098 -105.157529 6.634016 5.017311 2.535975 4.957243 -2.405544 1.268916 3.822987 -2.017042 0.043844 1.645576 -1.291550 -0.653068 0.731845 1.108692 4.720927 -6.081835 -5.493465 1.829225 -1.702386 -0.014504 0.308215 -1.696945 10.126509 -42.744998 -15.360209 13.943917 -40.278386 -19.716675 28.944721 29.902445 -60.700035 -60.837553 14.288514 -3.121354 -21.887618 53.434480 -15.680573 -15.515764 35.595787 -21.651878 -26.710570 10.099654 -41.466863 9.423610 3.855304 -53.449529 -2.283100 0.000000 32.888317 0.000000 0.552599 21.220806 -1.272536 0.000000 -3.113879 0.000000 0.861667 -16.928767 -16.359947 0.000000 75.803322 0.000000 -4.083899 -11.169367 -27.226402 0.000000 -12.358693 0.000000
57.295197 81.402075 -49.800610 -104.812651 7.345171 5.120484 2.748342 5.011613 -2.828966 1.820733 3.916592 -1.932010 -0.220752 1.666663 -0.957290 -1.165498 0.695374 1.098481 4.498938 -6.024446 -5.198958 1.743067 -4.241897 -1.232508 0.098878 -2.160642 11.107257 -46.134400 -15.340590 15.909107 -38.676931 -20.715714 27.264350 28.590503 -58.700196 -57.548255 14.772871 -3.564074 -22.960597 57.160798 -17.057729 -17.685024 35.097160 -21.552022 -25.702724 8.699085 -40.237808 10.388625 4.474143 -53.989117 -2.886633 0.000000 32.668258 0.000000 0.110592 21.322507 -1.562987 0.000000 -2.934387 0.000000 1.432004 -18.547204 -16.837138 0.000000 76.127649 0.000000 -4.389869 -10.059903 -23.062389 0.000000 -14.975235 0.000000
57.063635 81.532947 -49.876193 -104.227786 7.962936 5.275254 2.890791 5.035343 -2.899533 1.914146 3.858143 -2.023503 -0.525905 1.597427 -1.189836 -1.187420 0.777096 1.477145 4.268373 -5.667334 -5.162765 1.639397 -6.750303 -1.899926 -0.708741 -2.742169 11.897115 -48.464267 -14.902623 17.321811 -37.274545 -21.750364 25.777135 25.396343 -56.391010 -52.350866 15.426033 -4.069550 -23.762833 59.829768 -17.075452 -19.402157 34.335525 -21.879711 -24.554453 7.916801 -38.869166 10.890787 4.956692 -54.416906 -3.598447 0.000000 32.485432 0.000000 -0.363339 21.322195 -1.818168 0.000000 -2.757835 0.000000 1.676840 -19.651243 -17.288493 0.000000 76.209174 0.000000 -4.517918 -9.330775 -19.348684 0.000000 -16.424157 0.000000
56.773523 81.669049 -49.961270 -103.511857 8.630355 5.284179 2.723107 4.927432 -2.869170 1.594422 3.444917 -2.055812 -0.346015 1.756773 -1.287559 -0.927041 0.705508 1.620661 4.039608 -5.327091 -5.087962 1.558585 -8.237912 -2.320704 -1.822642 -3.134290 12.533269 -50.159351 -14.385502 18.393851 -35.576866 -22.031796 24.534880 21.805184 -54.435284 -48.237345 15.759503 -4.514832 -24.113501 61.726068 -15.978320 -20.625100 33.586110 -21.565455 -23.681358 6.697810 -37.518581 11.561093 5.212947 -54.917655 -4.133405 0.000000 32.381348 0.000000 -0.855436 21.182016 -1.903639 0.000000 -2.618824 0.000000 1.729328 -20.473492 -17.513032 0.000000 75.976006 0.000000 -4.522919 -8.680961 -15.719363 0.000000 -18.010341 0.000000
56.434265 81.801715 -50.043250 -102.675784 9.224820 5.278788 2.335123 4.631696 -3.014025 1.348484 3.295162 -1.972329 -0.031571 1.877163 -1.073378 -0.780895 0.436211 1.573942 3.921235 -5.983340 -5.075678 1.537511 -7.447792 -2.405319 -2.750668 -3.382306 12.953306 -51.411717 -13.665367 19.015058 -34.553323 -21.910688 24.095274 20.151048 -53.279786 -46.313931 16.046247 -4.999404 -24.239748 62.749214 -14.307336 -21.305019 32.857072 -20.641387 -22.818555 6.260009 -36.220342 11.887833 5.402668 -55.343210 -4.688557 0.000000 32.296340 0.000000 -1.410645 21.029305 -1.864601 0.000000 -2.538302 0.000000 1.547013 -20.929204 -17.696337 0.000000 75.549917 0.000000 -4.231360 -8.287682 -12.324549 0.000000 -19.192307 0.000000
56.071173 81.924927 -50.148538 -101.833437 9.647420 5.150265 2.139929 4.293854 -3.033989 1.198520 3.250727 -1.911975 0.130259 2.198094 -0.864237 -0.800950 0.350175 1.492340 3.757989 -7.322935 -5.159503 1.452848 -5.936808 -2.019712 -3.684280 -3.967270 13.559341 -52.115102 -13.290620 19.133975 -34.299752 -21.442510 23.912242 19.880667 -52.861047 -45.579785 16.381347 -5.677807 -24.352659 63.121434 -12.953468 -21.656374 32.554272 -19.577295 -22.014740 5.808956 -35.467350 12.413243 5.442123 -55.654285 -5.036107 0.000000 32.351769 0.000000 -1.993914 20.752588 -1.708223 0.000000 -2.442491 0.000000 1.088406 -20.993712 -17.661600 0.000000 74.942786 0.000000 -3.772006 -8.134799 -9.871507 0.000000 -20.073546 0.000000
55.687506 82.046301 -50.251923 -100.957551 9.899583 4.917354 2.087903 4.159326 -2.873011 1.018323 3.337091 -1.868710 0.082479 2.134040 -0.917592 -0.713599 0.499873 1.560719 3.475871 -8.053085 -4.890624 1.357647 -5.314475 -1.939184 -4.340525 -4.268049 14.158248 -53.171452 -13.611727 19.439730 -33.933128 -21.072767 23.698638 18.872471 -52.433343 -45.218907 16.445355 -6.338282 -24.265745 63.133444 -11.873623 -21.856211 32.725802 -18.286665 -21.265613 5.481603 -34.983037 12.912111 5.126082 -55.856203 -5.090190 0.000000 32.497227 0.000000 -2.484767 20.472546 -1.447872 0.000000 -2.486465 0.000000 0.549536 -20.657334 -17.516069 0.000000 74.085121 0.000000 -3.101877 -7.829168 -7.461397 0.000000 -21.531970 0.000000
55.305035 82.166516 -50.368854 -100.161529 10.163948 4.507255 2.106725 4.168610 -2.677153 0.880072 3.088130 -1.736267 0.106788 2.190021 -0.756811 -0.846703 0.501611 1.371154 3.274350 -8.187671 -4.517607 1.280491 -5.284177 -1.778953 -4.796849 -4.526346 14.635042 -54.168634 -14.203769 19.640174 -33.878518 -20.468837 23.155985 19.310750 -52.354964 -45.149348 16.343474 -6.740575 -24.038773 63.041966 -11.066076 -21.849334 32.995756 -16.634758 -20.770953 5.075271 -34.421366 13.302368 4.774491 -56.137613 -4.920844 0.000000 32.780171 0.000000 -3.018298 20.127562 -1.154001 0.000000 -2.551826 0.000000 0.046146 -20.125171 -17.135415 0.000000 73.107390 0.000000 -2.332951 -7.664121 -5.202657 0.000000 -22.391093 0.000000
54.922272 82.275568 -50.492209 -99.453131 10.317999 4.015794 2.145277 4.201048 -2.439730 0.772391 2.900082 -1.569392 0.147627 2.223074 -0.636582 -0.839688 0.580702 1.338928 3.097787 -7.864126 -4.272804 1.177346 -6.063991 -1.540823 -5.246330 -4.973950 15.034330 -55.333159 -14.989507 19.636487 -33.453720 -19.925345 22.420437 19.120143 -51.720284 -44.311815 16.191878 -6.934672 -24.002340 62.554200 -10.758810 -21.744176 33.304127 -14.621032 -20.354493 4.749980 -34.183880 13.717226 4.560784 -56.340762 -4.722836 0.000000 33.170809 0.000000 -3.634558 19.708958 -0.779867 0.000000 -2.605771 0.000000 -0.505320 -19.408465 -16.636250 0.000000 72.123502 0.000000 -1.374449 -7.651394 -3.829402 0.000000 -22.908057 0.000000
54.551245 82.361200 -50.635507 -98.799058 10.397188 3.523755 2.234587 4.172199 -2.193917 0.728889 2.887355 -1.446928 0.112748 2.265473 -0.669745 -0.834785 0.554349 1.265099 2.919017 -7.632975 -3.839492 1.062844 -6.532080 -1.027280 -5.581148 -5.117971 15.570399 -56.429351 -15.719992 19.926608 -33.011282 -19.668036 21.628030 19.150841 -50.704084 -43.099049 16.123433 -7.007277 -23.746901 61.738351 -10.771409 -21.681207 33.547389 -12.936482 -19.757009 4.834749 -33.877955 13.988365 4.310160 -56.504536 -4.437080 0.000000 33.636539 0.000000 -4.271224 19.284368 -0.487014 0.000000 -2.699104 0.000000 -1.066579 -18.536630 -16.060287 0.000000 71.158013 0.000000 -0.524388 -7.902611 -3.270199 0.000000 -23.116826 0.000000
54.190210 82.428583 -50.795148 -98.240720 10.316528 3.072416 2.256842 4.207176 -2.090224 0.734823 3.098224 -1.356550 0.295404 2.228077 -0.525847 -0.844474 0.404273 1.110866 2.664077 -7.545574 -3.475581 0.894215 -6.551703 -0.304277 -6.053518 -5.317476 16.328253 -57.186138 -16.275616 19.884234 -32.296766 -19.336988 20.745267 18.901732 -49.905463 -41.890108 16.010934 -7.121941 -23.394470 60.973605 -11.122085 -21.511915 33.695350 -11.685047 -19.059715 4.919307 -33.250480 14.318325 4.166040 -56.536766 -4.190169 0.000000 34.179601 0.000000 -4.875497 18.870867 -0.200187 0.000000 -2.826101 0.000000 -1.461689 -17.412713 -15.575409 0.000000 70.071592 0.000000 0.296722 -8.083494 -2.308367 0.000000 -23.681817 0.000000
53.841168 82.507227 -50.957883 -97.806944 10.178469 2.573130 2.381295 4.381115 -1.898861 0.826809 3.084367 -1.199044 0.519696 2.199060 -0.416013 -0.826405 0.532995 0.664540 2.162870 -7.790387 -2.959313 0.638234 -6.163591 0.432464 -6.741296 -5.539624 17.152386 -57.721178 -16.599221 19.961953 -31.521047 -19.101702 19.845480 18.642618 -49.487342 -40.862217 15.673266 -7.199377 -22.909461 60.311744 -11.730595 -21.432879 33.634703 -10.850349 -18.476686 4.726731 -32.653597 14.563452 4.079716 -56.511226 -3.884708 0.000000 34.739135 0.000000 -5.396382 18.489096 0.148157 0.000000 -2.994603 0.000000 -1.826242 -16.207113 -15.013907 0.000000 68.966034 0.000000 1.026270 -8.486238 -1.670212 0.000000 -23.814225 0.000000
53.499835 82.584772 -51.106836 -97.446801 10.040108 2.124976 2.541668 4.499195 -1.788119 1.143391 3.200966 -0.968716 0.644832 2.005980 -0.258040 -0.940946 0.449845 0.246702 1.663040 -7.361202 -2.798075 0.325886 -6.181885 1.403367 -7.388284 -5.474417 17.802104 -58.002519 -16.652287 19.928285 -30.923200 -18.871683 19.047033 18.327568 -49.283126 -39.664136 15.550966 -7.122165 -22.456130 59.537643 -12.196042 -21.063940 33.393676 -10.236181 -18.040974 4.472559 -32.097953 14.601304 3.739234 -56.477318 -3.407866 0.000000 35.287356 0.000000 -5.731128 18.074204 0.392541 0.000000 -3.098837 0.000000 -2.144329 -15.036259 -14.495484 0.000000 67.849074 0.000000 1.667406 -8.887522 -1.159186 0.000000 -23.933138 0.000000
53.168524 82.661499 -51.248169 -97.166402 9.926055 1.790141 2.736085 4.553279 -1.600804 1.231656 3.228875 -0.929804 0.803962 2.063060 -0.316524 -0.709588 0.437631 0.105486 1.135308 -7.378714 -2.529908 0.081137 -5.743104 1.864028 -8.058797 -5.557640 18.358283 -58.383627 -16.531934 19.946007 -30.298793 -19.021585 18.452696 18.368755 -48.876387 -39.400180 15.260891 -7.328233 -22.156099 58.937306 -12.586132 -20.618521 32.909262 -9.947011 -17.706235 4.241437 -31.748615 14.638209 3.372134 -56.422267 -2.970128 0.000000 35.728910 0.000000 -5.889231 17.777961 0.569099 0.000000 -3.343527 0.000000 -2.450188 -13.974861 -14.073142 0.000000 66.814054 0.000000 2.222310 -9.451458 -1.151783 0.000000 -23.983757 0.000000
52.853735 82.733588 -51.375836 -96.951290 9.821350 1.537348 2.856083 4.502968 -1.441867 1.252933 3.356319 -0.936794 0.957151 2.171179 -0.431477 -0.403978 0.384863 0.092984 0.708609 -7.418201 -2.242237 -0.074449 -5.327644 1.928545 -8.630334 -5.559105 18.724318 -58.523318 -16.368124 20.020126 -30.010258 -18.850108 17.958120 18.395811 -48.480742 -39.197397 15.111142 -7.498081 -22.007318 58.424446 -12.873859 -20.170370 32.149573 -9.787653 -17.415928 4.182620 -31.460253 14.320261 2.971633 -56.335091 -2.555361 0.000000 36.128544 0.000000 -5.911486 17.404183 0.756672 0.000000 -3.490216 0.000000 -2.732585 -12.964489 -13.772275 0.000000 65.805970 0.000000 2.699318 -10.004226 -0.920410 0.000000 -23.880290 0.000000
52.549890 82.794232 -51.485083 -96.817038 9.784774 1.330818 2.920924 4.438955 -1.340227 1.258524 3.363421 -0.953428 1.050655 2.129266 -0.578280 -0.095051 0.437809 0.158151 0.476384 -7.219372 -1.883072 -0.103459 -5.086528 1.629676 -9.060877 -5.352227 18.982784 -58.576501 -16.240086 20.147792 -30.031870 -18.732368 17.640562 18.302610 -47.783942 -38.795677 14.849957 -7.387828 -21.916320 58.104211 -13.198183 -19.770103 31.646842 -10.044509 -17.638085 3.148843 -30.727952 15.423986 2.540061 -56.293326 -2.126097 0.000000 36.513573 0.000000 -5.842280 16.955060 0.910232 0.000000 -3.572512 0.000000 -3.014693 -12.130162 -13.503794 0.000000 64.902194 0.000000 2.919489 -10.486686 -0.722282 0.000000 -23.959690 0.000000
52.262854 82.856354 -51.574176 -96.706670 9.832534 1.181196 3.010360 4.365642 -1.295341 1.351081 3.338465 -0.958056 1.221334 2.173729 -0.605778 0.106503 0.461951 0.104201 0.195203 -7.392520 -1.588012 -0.164838 -4.640659 1.343390 -9.443748 -5.327649 19.215476 -58.641009 -16.022321 20.164180 -30.347110 -18.184688 17.528765 18.278353 -47.077082 -38.642933 14.855494 -7.525182 -21.857198 57.459177 -13.484445 -19.251044 31.406557 -10.066680 -17.763758 3.068436 -30.882418 15.869691 2.082378 -56.301145 -1.717384 0.000000 36.820730 0.000000 -5.713088 16.537721 0.967976 0.000000 -3.707037 0.000000 -3.298235 -11.491834 -13.294183 0.000000 64.070559 0.000000 3.020984 -10.797094 -0.451100 0.000000 -24.109804 0.000000
52.010712 82.922491 -51.646198 -96.639342 9.975967 1.112261 3.024071 4.289003 -1.386327 1.528448 3.341603 -0.929819 1.282529 2.053419 -0.571207 0.225593 0.470724 0.169743 0.091835 -7.361860 -1.460930 -0.154590 -4.466191 0.941491 -9.539997 -5.318101 19.179400 -58.754434 -15.788937 20.199467 -30.786063 -17.362686 17.396686 18.032785 -46.539861 -38.255469 15.034870 -7.507874 -21.882604 56.937096 -13.705081 -18.930267 31.341914 -10.239733 -17.824995 2.925484 -30.708180 16.195687 1.572531 -56.353316 -1.319757 0.000000 37.009034 0.000000 -5.512630 16.167784 0.857596 0.000000 -3.808366 0.000000 -3.683350 -11.111766 -13.147345 0.000000 63.386613 0.000000 2.998854 -11.008550 -0.572041 0.000000 -24.026888 0.000000
51.777533 82.985956 -51.716187 -96.558305 10.171573 1.019835 3.093926 4.260984 -1.420764 1.717400 3.269831 -0.901605 1.294679 1.970215 -0.548682 0.266500 0.468678 0.127540 0.055094 -7.601626 -1.417095 -0.151116 -4.076325 0.826737 -9.522213 -5.217185 19.184995 -58.966422 -15.582301 20.421928 -31.253050 -16.567723 17.341123 17.614156 -45.888368 -37.737146 15.275417 -7.512398 -21.847111 56.110706 -13.819878 -18.587025 31.756189 -10.113548 -18.051504 2.828255 -30.725524 16.672019 1.029163 -56.450716 -0.877706 0.000000 37.161131 0.000000 -5.360845 15.797359 0.718852 0.000000 -4.023294 0.000000 -4.132368 -10.858759 -12.950108 0.000000 62.735215 0.000000 2.913977 -11.121530 -0.815098 0.000000 -24.161846 0.000000
51.566626 83.047986 -51.787878 -96.489699 10.404341 0.925108 3.186230 4.159444 -1.466638 1.927088 3.243445 -0.874716 1.251550 1.849888 -0.492565 0.196928 0.615244 0.064393 -0.009672 -7.535268 -1.333171 -0.166810 -4.453381 0.701049 -9.535395 -5.244505 19.280654 -59.047538 -15.419977 20.551734 -31.699407 -15.883808 17.402743 17.334822 -45.164815 -37.314873 15.445177 -7.593613 -21.920580 55.624455 -14.086203 -18.289433 32.217944 -10.112899 -18.286962 2.454985 -30.322731 17.186937 0.453583 -56.582079 -0.398139 0.000000 37.299576 0.000000 -5.231580 15.416864 0.575100 0.000000 -4.104934 0.000000 -4.586356 -10.714559 -12.707190 0.000000 62.182624 0.000000 2.625615 -11.129058 -1.049364 0.000000 -24.236816 0.000000
51.386584 83.112360 -51.851801 -96.434401 10.662318 0.916218 3.265827 4.017159 -1.512880 2.045087 3.199337 -0.935094 1.187953 1.782771 -0.503610 0.190277 0.843085 0.066919 0.024513 -7.517503 -1.442276 -0.176616 -4.862328 0.792331 -9.611881 -5.340335 19.383539 -59.105536 -15.318208 20.773523 -32.128156 -15.515513 17.412316 17.622450 -44.513322 -36.866188 15.804716 -7.692799 -21.895078 54.906185 -14.060070 -18.129473 32.757172 -9.774205 -18.565876 2.277893 -30.151607 17.561339 0.103618 -56.714781 -0.142090 0.000000 37.347996 0.000000 -5.133240 15.140902 0.494965 0.000000 -4.146657 0.000000 -4.947954 -10.675218 -12.567881 0.000000 61.693894 0.000000 2.369844 -11.045419 -1.246249 0.000000 -24.576632 0.000000
51.217029 83.167828 -51.922058 -96.322283 10.866558 0.926027 3.283683 3.896256 -1.556923 2.077057 3.235244 -1.008649 1.134816 1.694849 -0.571427 0.205690 1.021898 0.047461 0.041752 -7.431987 -1.462340 -0.190561 -5.335514 0.898245 -9.712479 -5.399815 19.565352 -59.093783 -15.160785 21.007486 -32.371206 -15.325608 17.446872 17.383679 -43.867832 -36.342936 15.885151 -7.637265 -21.854379 54.612392 -14.193757 -18.141961 33.095091 -9.520033 -18.839943 2.299337 -29.853640 17.911814 -0.244342 -56.813809 0.075898 0.000000 37.403203 0.000000 -5.066528 14.909544 0.399694 0.000000 -4.181804 0.000000 -5.376070 -10.597428 -12.420758 0.000000 61.283768 0.000000 2.029901 -11.035640 -1.460072 0.000000 -24.677122 0.000000
51.082642 83.222125 -52.007123 -96.249272 11.149076 0.864134 3.308489 3.843610 -1.602588 2.132570 3.021726 -1.032429 1.126490 1.701177 -0.534853 0.171937 1.315587 0.001211 0.006338 -7.624951 -1.488606 -0.214321 -5.597798 0.885188 -9.845798 -5.537041 19.726329 -59.092718 -15.154039 21.263537 -32.510328 -15.182097 17.464159 17.153801 -43.279628 -35.699676 16.072476 -7.682768 -21.944060 54.122983 -14.153171 -18.163403 33.464443 -9.189272 -19.007023 2.069902 -29.937111 18.134746 -0.428168 -57.017798 0.271790 0.000000 37.442810 0.000000 -5.104557 14.771678 0.400629 0.000000 -4.238073 0.000000 -5.602402 -10.636232 -12.172373 0.000000 60.905011 0.000000 1.675954 -10.895314 -1.463287 0.000000 -25.064467 0.000000
50.958093 83.280908 -52.073077 -96.170826 11.345306 0.910752 3.209035 3.773545 -1.724872 2.129062 3.031949 -1.081390 1.114428 1.718733 -0.528806 0.185879 1.337547 0.010762 0.041934 -7.859329 -1.640418 -0.225477 -5.510689 1.000741 -9.863180 -5.544446 19.814750 -59.197812 -15.255727 21.576974 -32.470525 -15.128978 17.415378 16.773291 -42.695867 -35.189001 16.301639 -7.605768 -21.994316 53.847948 -13.973616 -18.280387 33.592305 -9.047365 -19.201167 1.777957 -29.777421 18.500384 -0.311856 -57.110973 0.135482 0.000000 37.418969 0.000000 -5.149576 14.702867 0.546288 0.000000 -4.222245 0.000000 -5.767786 -10.582153 -12.072354 0.000000 60.524442 0.000000 1.353576 -10.801123 -1.412234 0.000000 -25.439287 0.000000
50.846951 83.337878 -52.142719 -96.109812 11.571289 0.952324 3.136064 3.647029 -1.808288 2.100063 3.014039 -1.148600 1.063313 1.876782 -0.579461 0.261246 1.352181 0.095329 0.109159 -7.896846 -1.757997 -0.211326 -5.817387 0.983249 -9.889324 -5.559376 19.880187 -59.245197 -15.370170 21.963710 -32.500711 -15.122517 17.415364 16.774896 -42.095021 -34.863853 16.467241 -7.589906 -22.167142 53.691692 -13.866560 -18.393831 33.562554 -8.955341 -19.272512 1.715608 -29.538024 18.575243 -0.101433 -57.248840 -0.046378 0.000000 37.400116 0.000000 -5.229055 14.673660 0.683750 0.000000 -4.261045 0.000000 -5.808328 -10.551699 -11.963966 0.000000 60.170279 0.000000 1.083282 -10.778157 -1.315590 0.000000 -25.661389 0.000000
50.727246 83.391443 -52.198163 -96.019131 11.762444 1.059719 3.013614 3.646121 -1.893236 1.987300 2.948484 -1.235139 1.029135 1.912711 -0.648351 0.346885 1.404001 0.155547 0.222549 -7.811308 -1.987983 -0.202802 -6.305727 1.071732 -9.925089 -5.643172 19.933081 -59.169079 -15.462918 22.210226 -32.577791 -15.028699 17.427645 16.432515 -41.534360 -34.298708 16.538150 -7.539548 -22.335869 53.759321 -13.667804 -18.576423 33.329904 -8.924704 -19.326012 1.628494 -29.233312 18.768120 0.324265 -57.341322 -0.452471 0.000000 37.371692 0.000000 -5.376649 14.650165 0.838883 0.000000 -4.303276 0.000000 -5.748587 -10.476203 -11.978617 0.000000 59.829579 0.000000 0.940710 -10.689101 -1.025038 0.000000 -25.965354 0.000000
50.626569 83.441541 -52.254761 -95.925081 11.903658 1.121524 2.907082 3.645602 -1.937343 1.863664 2.966676 -1.308224 1.009284 2.007135 -0.712293 0.397086 1.327795 0.173501 0.373548 -8.243464 -2.048975 -0.120308 -5.755189 0.950896 -9.974432 -5.652041 20.063635 -59.127092 -15.709464 22.478978 -32.526021 -14.766557 17.385120 16.100974 -40.838380 -33.953103 16.697551 -7.559380 -22.460104 53.789217 -13.481552 -18.695843 33.086933 -8.928281 -19.334297 1.779171 -28.771210 18.789253 0.842978 -57.402252 -0.880651 0.000000 37.352030 0.000000 -5.605537 14.651277 0.993953 0.000000 -4.365506 0.000000 -5.549650 -10.314988 -11.941092 0.000000 59.469493 0.000000 0.805814 -10.632368 -0.577752 0.000000 -26.302331 0.000000
50.521762 83.477753 -52.302325 -95.838243 12.059582 1.221580 2.801072 3.651370 -1.986349 1.754815 2.957523 -1.376298 0.938787 2.062785 -0.816189 0.475366 1.252897 0.243851 0.530919 -8.165958 -2.106367 -0.035286 -5.963571 0.741174 -10.034184 -5.723248 20.147647 -59.016562 -15.884878 22.658649 -32.531585 -14.570740 17.368304 15.826184 -40.004469 -33.547034 16.752765 -7.487521 -22.618435 53.955762 -13.376741 -18.881624 32.855194 -8.892848 -19.307773 1.797215 -28.389518 18.825797 1.509757 -57.478554 -1.453746 0.000000 37.358138 0.000000 -5.826272 14.619788 1.216176 0.000000 -4.413776 0.000000 -5.233350 -10.146560 -11.939779 0.000000 59.127025 0.000000 0.645473 -10.599522 -0.074238 0.000000 -26.617401 0.000000
50.414990 83.511182 -52.351117 -95.716138 12.199365 1.279571 2.715707 3.720406 -1.982536 1.606790 2.915520 -1.436685 0.886130 2.020478 -0.897549 0.487711 1.239492 0.228272 0.648631 -8.143069 -2.170402 0.015612 -6.004324 0.693063 -10.085283 -5.746805 20.161843 -58.890562 -15.921258 22.985787 -32.494887 -14.432934 17.262548 15.445409 -39.156473 -32.912255 16.757889 -7.403702 -22.729026 54.213072 -13.343272 -19.024423 32.705314 -8.990677 -19.425622 1.804678 -27.915168 18.967015 2.260270 -57.546122 -2.083540 0.000000 37.381185 0.000000 -6.076416 14.565550 1.576414 0.000000 -4.465589 0.000000 -4.880625 -9.936270 -11.860695 0.000000 58.790234 0.000000 0.436531 -10.571408 0.420044 0.000000 -26.853718 0.000000
50.307452 83.541205 -52.384296 -95.611079 12.344660 1.388774 2.573525 3.653860 -2.041471 1.525958 3.005313 -1.475357 0.945654 2.067545 -0.931882 0.537510 1.183484 0.158182 0.657159 -8.324081 -2.209005 0.030065 -5.801288 0.600168 -10.288784 -5.839607 20.309923 -58.739839 -16.064395 23.187322 -32.443028 -14.240950 17.186397 15.090378 -38.374106 -32.411531 16.853287 -7.497260 -22.863086 54.150329 -13.350643 -19.013909 32.854797 -8.901057 -19.516288 1.619107 -27.538322 19.311259 3.102502 -57.623804 -2.824697 0.000000 37.439107 0.000000 -6.246217 14.500207 1.847694 0.000000 -4.505475 0.000000 -4.474332 -9.726189 -11.854418 0.000000 58.467479 0.000000 0.207893 -10.595951 1.019443 0.000000 -27.028496 0.000000
50.190866 83.555066 -52.423840 -95.459411 12.487466 1.498581 2.418039 3.672145 -2.124809 1.392923 2.953664 -1.542997 0.982493 2.084425 -0.926050 0.554997 1.141690 0.129942 0.683789 -8.332690 -2.217109 0.053315 -5.704062 0.517108 -10.397242 -5.919146 20.399031 -58.603943 -16.112578 23.396657 -32.337520 -14.077845 17.037605 14.645173 -37.701360 -31.860939 16.884268 -7.469635 -22.920835 54.239872 -13.348773 -19.127548 32.956247 -8.862859 -19.599149 1.590925 -27.137135 19.369497 4.100731 -57.717663 -3.714221 0.000000 37.539416 0.000000 -6.306387 14.443608 2.149757 0.000000 -4.620089 0.000000 -4.100524 -9.473101 -11.793045 0.000000 58.126571 0.000000 -0.097221 -10.662309 1.418834 0.000000 -27.300159 0.000000
50.073438 83.565759 -52.459558 -95.355541 12.659830 1.510629 2.324050 3.676327 -2.123847 1.305550 2.899997 -1.546684 0.997939 1.988335 -0.950333 0.569593 1.225594 0.071640 0.742692 -8.177487 -2.333923 0.047158 -5.955209 0.663892 -10.495133 -5.986033 20.511931 -58.484512 -16.098397 23.615302 -32.234507 -13.983174 16.960640 14.378630 -37.015188 -31.461884 16.879004 -7.555865 -22.954593 54.354198 -13.308873 -19.188272 32.992834 -8.723889 -19.681834 1.623775 -26.879530 19.523157 5.175886 -57.864062 -4.581340 0.000000 37.716695 0.000000 -6.063001 14.258749 2.327278 0.000000 -4.625284 0.000000 -3.701902 -9.226789 -11.627567 0.000000 57.741358 0.000000 -0.413181 -10.773753 1.788811 0.000000 -27.570535 0.000000
49.946713 83.562555 -52.482214 -95.242397 12.824143 1.565657 2.208242 3.601897 -2.132878 1.179786 2.933951 -1.598503 0.981406 1.871335 -1.035678 0.577609 1.109695 0.002580 0.717348 -7.781173 -2.141721 0.066550 -6.193030 0.541291 -10.546766 -5.784843 20.666988 -58.296930 -16.109740 23.853522 -32.252873 -13.798918 16.874208 14.292664 -36.382271 -30.935645 16.913716 -7.517974 -22.786823 54.578137 -13.300653 -19.226986 32.979662 -8.565788 -19.763743 1.578206 -26.701111 19.734085 6.475042 -57.998804 -5.679994 0.000000 37.938457 0.000000 -5.623049 14.120357 2.499721 0.000000 -4.692332 0.000000 -3.371392 -9.004105 -11.530362 0.000000 57.382125 0.000000 -0.692729 -10.779075 2.056072 0.000000 -27.987755 0.000000
49.807977 83.554156 -52.497668 -95.131620 12.970034 1.589468 2.059919 3.588677 -2.233614 1.166156 2.875379 -1.573351 1.062001 1.877259 -0.874276 0.490245 1.131503 -0.063477 0.724000 -7.737210 -2.293059 0.038783 -6.299056 0.672763 -10.556725 -5.856846 20.677249 -58.195356 -16.049382 24.083906 -32.163841 -13.594040 16.807629 13.946380 -35.772403 -30.518065 16.897802 -7.583981 -22.823406 54.735061 -13.214096 -19.397900 32.988400 -8.581479 -19.771736 1.693554 -26.344329 19.648491 8.033480 -58.093533 -6.991058 0.000000 38.205798 0.000000 -4.944364 13.907539 2.943094 0.000000 -4.827351 0.000000 -3.140557 -8.755026 -11.405111 0.000000 56.998320 0.000000 -0.975783 -10.830002 2.246125 0.000000 -28.246111 0.000000
49.647455 83.520038 -52.511243 -95.001986 13.142749 1.561446 1.962202 3.536181 -2.243986 1.093043 2.785263 -1.561408 1.037999 1.805062 -0.833994 0.427606 1.162220 -0.124913 0.775106 -7.628800 -2.233001 0.064824 -6.320253 0.689796 -10.533749 -5.876256 20.829742 -58.040864 -16.000497 24.215766 -32.186518 -13.358633 16.761967 13.988949 -35.111130 -30.154523 16.936621 -7.615339 -22.718513 54.837625 -13.028426 -19.505558 32.927118 -8.441219 -19.880211 1.768429 -26.303347 19.689605 9.680736 -58.199417 -8.368743 0.000000 38.557556 0.000000 -4.162726 13.456359 3.504807 0.000000 -4.853677 0.000000 -2.935913 -8.474763 -11.220467 0.000000 56.579633 0.000000 -1.281581 -10.945771 2.440179 0.000000 -28.457965 0.000000
49.469089 83.484210 -52.517358 -94.895272 13.284420 1.540469 1.866325 3.448871 -2.272940 1.078602 2.769378 -1.527300 1.020759 1.850621 -0.776687 0.432206 1.088422 -0.064668 0.721481 -7.486740 -2.307511 0.035101 -6.497627 0.671409 -10.554690 -5.967534 20.789483 -57.975179 -15.831039 24.372367 -32.162425 -13.178822 16.790524 14.059681 -34.208273 -29.793830 16.858559 -7.636644 -22.746598 54.912468 -12.860087 -19.646608 32.876665 -8.209235 -19.955059 1.839914 -26.116009 19.688112 11.460862 -58.230038 -9.856884 0.000000 38.998367 0.000000 -3.284566 12.812198 4.174358 0.000000 -4.778336 0.000000 -2.779490 -8.177904 -11.045852 0.000000 56.171454 0.000000 -1.664076 -11.055913 2.579542 0.000000 -28.823772 0.000000
49.266586 83.419635 -52.519733 -94.804182 13.401611 1.455378 1.847248 3.415465 -2.216186 1.030552 2.692008 -1.494333 0.920229 1.660305 -0.779819 0.475343 1.072887 0.079735 0.738617 -7.008151 -2.421211 0.032033 -6.757272 0.678945 -10.606141 -5.824564 20.744435 -57.921909 -15.829072 24.554147 -31.984944 -12.882544 16.688979 13.728581 -33.233889 -29.332743 16.915157 -7.550780 -22.746443 54.873415 -12.653782 -19.673926 32.823097 -7.856446 -20.058646 1.802667 -25.865698 19.865398 13.323725 -58.175984 -11.345745 0.000000 39.502100 0.000000 -2.420196 11.804399 4.951447 0.000000 -4.538532 0.000000 -2.653435 -7.820191 -10.817372 0.000000 55.754813 0.000000 -1.996734 -11.258526 2.656672 0.000000 -28.943967 0.000000
49.040482 83.347174 -52.514716 -94.715576 13.520020 1.353908 1.767778 3.287609 -2.209957 1.026661 2.652861 -1.423641 0.953780 1.692973 -0.639034 0.391936 1.089594 0.019119 0.747159 -7.293567 -2.470401 0.036763 -6.204952 0.725561 -10.669135 -5.915784 20.756823 -57.803971 -15.680440 24.748124 -31.899763 -12.672692 16.642519 13.372451 -32.036132 -28.774404 16.929671 -7.582252 -22.785613 54.818739 -12.598239 -19.772946 32.861262 -7.662917 -20.073340 1.876831 -25.288802 19.760176 15.188626 -58.125666 -12.839724 0.000000 40.102083 0.000000 -1.278853 10.721537 5.657102 0.000000 -4.444691 0.000000 -2.543062 -7.448771 -10.565907 0.000000 55.310791 0.000000 -2.440308 -11.388038 2.764941 0.000000 -29.195815 0.000000
48.805515 83.257489 -52.491296 -94.647087 13.654660 1.241187 1.757137 3.217684 -2.144402 0.984941 2.566505 -1.380623 0.787605 1.728654 -0.624681 0.408326 1.045074 0.237137 0.852210 -7.246685 -2.701573 0.052096 -6.231184 0.821576 -10.533430 -6.027048 20.648228 -57.757425 -15.568094 24.868519 -31.852937 -12.443163 16.708352 13.000067 -30.878979 -28.213934 16.989109 -7.666752 -22.994800 54.864929 -12.551197 -19.801091 32.849135 -7.385622 -20.080622 1.863031 -24.843989 19.836742 16.983652 -58.143441 -14.269233 0.000000 40.859301 0.000000 -0.030727 9.619217 6.221349 0.000000 -4.477559 0.000000 -2.410765 -7.044702 -10.350732 0.000000 54.822903 0.000000 -2.838395 -11.639050 3.059608 0.000000 -29.237313 0.000000
48.539148 83.144476 -52.474591 -94.582905 13.690432 1.092914 1.674436 3.098939 -2.094818 0.967095 2.773010 -1.291647 0.734477 1.545435 -0.574960 0.414677 0.978830 0.326068 0.944085 -7.173881 -2.782944 0.088089 -6.196406 0.816686 -10.377066 -5.964632 20.646921 -57.810607 -15.635089 25.117279 -31.782097 -12.170054 16.603204 12.651345 -29.989846 -27.746307 16.997190 -7.591148 -23.103822 54.841404 -12.597354 -19.923055 32.909933 -7.231195 -20.022848 1.919651 -24.525404 19.826016 18.759707 -58.032710 -15.650864 0.000000 41.704150 0.000000 1.391613 8.344547 7.013471 0.000000 -4.489035 0.000000 -2.258661 -6.499477 -10.073776 0.000000 54.305643 0.000000 -3.245255 -11.918989 3.220853 0.000000 -29.468402 0.000000
48.237512 83.027600 -52.450531 -94.529922 13.743439 0.912519 1.704601 3.085575 -1.954988 0.858100 2.634933 -1.273248 0.708317 1.668204 -0.559138 0.452574 0.798262 0.420818 0.953154 -7.092214 -2.795075 0.092430 -6.145866 0.830140 -10.294446 -5.951954 20.683315 -57.877224 -15.642362 25.316666 -31.722669 -11.972231 16.506491 12.349321 -29.117044 -27.459500 16.835722 -7.667097 -23.129260 54.923435 -12.512048 -19.929915 32.969329 -7.068362 -20.025323 1.889433 -24.433875 19.851786 20.528422 -57.935197 -16.989599 0.000000 42.686360 0.000000 2.983049 6.893809 7.830715 0.000000 -4.512948 0.000000 -2.121629 -5.948539 -9.759385 0.000000 53.734183 0.000000 -3.710120 -12.067597 3.307456 0.000000 -30.025629 0.000000
47.907355 82.895892 -52.422296 -94.498567 13.826231 0.741346 1.672249 3.061140 -1.888354 0.792578 2.438571 -1.224694 0.809009 1.573803 -0.478306 0.418624 0.919892 0.303042 0.947126 -7.101259 -2.652650 0.092899 -6.023773 0.933411 -10.462720 -5.968798 20.926362 -57.628591 -15.690445 25.441911 -31.883352 -11.648117 16.357184 12.369961 -28.539317 -27.078724 16.695297 -7.692411 -23.036600 54.885506 -12.527581 -20.023285 33.061159 -6.982195 -19.984428 1.955688 -24.101329 19.685063 22.180982 -57.843645 -18.223252 0.000000 43.740868 0.000000 4.827189 5.270540 8.519010 0.000000 -4.584192 0.000000 -1.956342 -5.342839 -9.468163 0.000000 53.062404 0.000000 -4.228220 -12.335671 3.571137 0.000000 -30.299681 0.000000
47.535266 82.754419 -52.394891 -94.441228 13.898064 0.541818 1.590813 2.897063 -1.839713 0.757748 2.394172 -1.147212 0.843694 1.573897 -0.423519 0.405787 0.829323 0.273350 0.975058 -6.994377 -2.561150 0.097343 -6.001573 1.086675 -10.497077 -5.913709 21.083090 -57.491135 -15.622693 25.596357 -31.892841 -11.350376 16.306949 12.198536 -27.800767 -26.821588 16.466347 -7.652922 -22.950244 55.041497 -12.578718 -20.083103 33.088063 -6.950300 -20.033026 2.057878 -23.833685 19.721894 23.686100 -57.757554 -19.310807 0.000000 44.907610 0.000000 6.908984 3.448022 8.983640 0.000000 -4.637009 0.000000 -1.856820 -4.699692 -9.150487 0.000000 52.394093 0.000000 -4.694258 -12.612686 3.861408 0.000000 -30.408388 0.000000
47.131790 82.608649 -52.374237 -94.381051 13.907399 0.327766 1.569977 2.856429 -1.752523 0.701678 2.341547 -1.124210 0.706748 1.559248 -0.492432 0.553372 0.686439 0.538494 0.993372 -6.964241 -2.596567 0.090275 -5.937613 1.218166 -10.318398 -5.870661 21.071951 -57.680506 -15.550852 25.882529 -31.755614 -11.126384 16.252866 11.903185 -26.681259 -26.333743 16.393639 -7.739432 -23.015153 54.993571 -12.560936 -20.026238 33.293571 -6.979903 -19.975656 1.962339 -23.238298 19.643411 24.892396 -57.610063 -20.118346 0.000000 46.083833 0.000000 9.093460 1.444007 9.464719 0.000000 -4.721496 0.000000 -1.742909 -3.897045 -8.781310 0.000000 51.583889 0.000000 -5.329306 -12.923688 4.142539 0.000000 -30.597829 0.000000
46.680359 82.451154 -52.356549 -94.259396 13.880924 0.077671 1.460385 2.796991 -1.688072 0.606514 2.226077 -1.066585 0.704910 1.551053 -0.468157 0.629589 0.610989 0.652940 0.993188 -6.621491 -2.489340 0.087949 -6.297165 1.269787 -10.174392 -5.779383 21.166048 -57.827247 -15.487344 26.184344 -31.595452 -10.906849 16.176223 11.456926 -25.203286 -25.685644 16.242025 -7.721931 -22.992192 55.009082 -12.621878 -20.048892 33.406252 -6.896790 -19.982817 1.995308 -22.747852 19.710335 25.969788 -57.448960 -20.756212 0.000000 47.291914 0.000000 11.061999 -0.571681 10.011986 0.000000 -5.012815 0.000000 -1.714943 -2.914886 -8.360728 0.000000 50.605383 0.000000 -5.993561 -13.340481 4.504150 0.000000 -30.629192 0.000000
46.197647 82.301575 -52.348096 -94.098021 13.821038 -0.174696 1.333251 2.639381 -1.607855 0.491482 2.492997 -1.035488 0.731454 1.370880 -0.452447 0.666942 0.400516 0.697335 0.970712 -6.844886 -2.418844 0.071512 -5.777425 1.491460 -10.098355 -5.789803 21.333120 -57.867545 -15.368242 26.332043 -31.457798 -10.412525 16.123958 10.754936 -23.718217 -24.908936 15.819081 -7.667433 -22.855094 55.342749 -12.694240 -20.132054 33.401367 -6.815608 -20.061045 2.125798 -21.958251 19.709574 26.777630 -57.266048 -21.120250 0.000000 48.413429 0.000000 12.855956 -2.586938 10.391530 0.000000 -5.343083 0.000000 -1.764033 -1.841967 -7.914712 0.000000 49.526024 0.000000 -6.675415 -13.742703 4.720449 0.000000 -30.595583 0.000000
45.667981 82.150623 -52.346472 -93.875720 13.759162 -0.449343 1.233800 2.626822 -1.538960 0.319868 2.303565 -1.023578 0.742724 1.412847 -0.421851 0.748661 0.274644 0.863670 0.899989 -7.177384 -2.340130 0.049746 -5.070635 1.616605 -10.031638 -5.964545 21.461632 -58.101279 -15.198236 26.422534 -31.179941 -10.169688 15.959706 9.952934 -21.828551 -24.031475 15.579407 -7.588935 -22.747590 55.425678 -12.799924 -20.274007 33.452356 -6.531656 -19.993539 2.140372 -20.888148 19.622244 27.376334 -57.142595 -21.283821 0.000000 49.483218 0.000000 14.529825 -4.472572 10.577119 0.000000 -5.702005 0.000000 -1.895098 -0.628915 -7.436589 0.000000 48.238326 0.000000 -7.370238 -14.094226 5.004051 0.000000 -30.489774 0.000000
45.107117 82.025946 -52.354333 -93.568436 13.777579 -0.706587 1.086319 2.527717 -1.517391 0.177780 2.203515 -1.003244 0.649992 1.427692 -0.403650 0.798380 -0.038902 1.134178 0.920249 -7.294001 -2.270964 0.077645 -4.648835 1.590325 -9.692605 -5.912580 21.458992 -58.399356 -15.034643 26.554369 -31.057960 -9.690255 16.076779 9.479587 -20.304497 -23.517119 15.094957 -7.461384 -22.619632 55.984642 -12.831942 -20.475650 33.219234 -6.250624 -19.889096 2.296202 -19.682521 19.441835 27.890918 -57.121568 -21.420357 0.000000 50.481162 0.000000 16.095830 -5.995048 10.348648 0.000000 -6.073471 0.000000 -2.186522 0.631123 -6.924997 0.000000 46.723948 0.000000 -8.126528 -14.496407 5.206000 0.000000 -30.148711 0.000000
44.492596 81.909888 -52.373621 -93.139686 13.815445 -0.964138 0.863163 2.446284 -1.535897 0.024974 2.005253 -0.948979 0.738346 1.311644 -0.239871 0.738282 -0.187983 1.179246 0.836103 -7.261613 -2.102357 0.063839 -4.385934 1.570075 -9.588681 -5.928869 21.650515 -58.538017 -14.911131 26.528951 -30.988391 -9.204908 16.109294 8.990482 -19.034339 -23.165280 14.693494 -7.319581 -22.382576 56.273191 -12.789963 -20.723724 33.069363 -5.965692 -19.716061 2.471657 -18.895690 19.316718 28.117412 -57.183420 -21.372249 0.000000 51.489119 0.000000 17.289366 -7.189260 9.802152 0.000000 -6.456561 0.000000 -2.570069 2.034791 -6.397560 0.000000 44.933855 0.000000 -8.802183 -14.828668 5.383386 0.000000 -29.903610 0.000000
43.826779 81.821411 -52.386359 -92.604574 13.854138 -1.182247 0.615480 2.171702 -1.566522 -0.131819 2.004370 -0.923489 0.692256 1.259233 -0.193842 0.857991 -0.350568 1.505860 0.690988 -7.467596 -1.978380 0.037180 -3.870127 1.404384 -9.375506 -5.984041 21.641680 -58.939049 -14.713216 26.611779 -30.870974 -8.855768 16.203929 8.506567 -17.957096 -22.772366 14.524328 -7.498785 -22.327604 56.229640 -12.580719 -20.677808 33.069685 -5.646982 -19.527265 2.415317 -18.364107 19.314916 28.309169 -57.170918 -21.368884 0.000000 52.409981 0.000000 17.954831 -8.210390 9.313013 0.000000 -6.861489 0.000000 -3.108528 3.563919 -5.893606 0.000000 42.945445 0.000000 -9.622646 -14.964761 5.801330 0.000000 -29.493556 0.000000
43.110223 81.768500 -52.410883 -91.940656 13.946895 -1.327167 0.312320 1.854957 -1.694347 -0.267350 1.944479 -0.919721 0.727194 1.184112 -0.042044 0.817512 -0.473050 1.648632 0.519360 -7.768490 -1.713351 0.007232 -3.251971 1.230910 -9.186524 -6.074738 21.752844 -59.249618 -14.487267 26.622428 -30.900627 -8.286604 16.215306 8.229911 -17.319553 -22.498551 14.259796 -7.606855 -22.107839 56.214922 -12.273565 -20.747913 33.017785 -5.433851 -19.341854 2.484296 -17.956291 19.292109 28.496666 -57.125576 -21.449464 0.000000 53.228441 0.000000 17.968983 -8.912144 8.809882 0.000000 -7.163725 0.000000 -3.711514 5.157077 -5.391250 0.000000 40.710829 0.000000 -10.595425 -14.810345 6.148021 0.000000 -29.236439 0.000000
42.351874 81.749408 -52.413190 -91.179602 14.084148 -1.371633 0.023930 1.541742 -1.842580 -0.379542 1.783756 -0.934912 0.736423 1.022551 0.066149 0.772498 -0.470715 1.723104 0.279194 -8.071426 -1.375354 -0.048233 -2.612294 1.026130 -9.099782 -6.192609 21.912937 -59.502867 -14.225889 26.480768 -31.098513 -7.700727 16.424613 7.953138 -16.938287 -22.303788 14.097282 -7.798378 -21.936104 55.949081 -11.956037 -20.622966 33.070221 -5.163866 -19.207755 2.450365 -17.464841 19.278047 28.626913 -57.015274 -21.617505 0.000000 53.902202 0.000000 17.502418 -9.432329 8.359375 0.000000 -7.389775 0.000000 -4.328602 6.694250 -4.954097 0.000000 38.432329 0.000000 -11.653057 -14.238216 6.490152 0.000000 -29.162070 0.000000
41.553717 81.763007 -52.405737 -90.391547 14.276725 -1.329946 -0.217764 1.270690 -2.049313 -0.423445 1.495162 -0.988842 0.645213 0.794602 0.127424 0.745676 -0.456360 1.896826 -0.047786 -8.532724 -0.986656 -0.126307 -1.661632 0.670857 -8.904561 -6.308653 21.990719 -59.964210 -13.854773 26.355914 -31.268443 -7.154741 16.583259 7.813127 -16.372878 -21.918458 13.929295 -7.947791 -21.660610 55.737722 -11.514289 -20.593463 33.064561 -5.015296 -19.126554 2.357905 -16.869884 19.365163 28.856781 -56.793617 -21.952250 0.000000 54.421864 0.000000 16.774713 -9.937419 8.320144 0.000000 -7.260955 0.000000 -4.637596 8.107015 -4.475169 0.000000 36.245190 0.000000 -12.835893 -13.271485 6.719697 0.000000 -29.241772 0.000000
40.738235 81.815558 -52.358685 -89.661470 14.503294 -1.078697 -0.343803 0.963348 -2.286107 -0.398191 1.124415 -1.140673 0.520699 0.664676 0.045212 0.727574 -0.445101 1.934176 -0.448791 -8.971159 -0.560730 -0.259896 -0.784820 0.509095 -8.792924 -6.421516 22.206705 -60.471828 -13.552040 26.245460 -31.506053 -6.672659 16.652193 7.544866 -15.418232 -21.335355 13.769025 -8.232873 -21.299477 55.535746 -11.150756 -20.483742 32.944597 -4.793129 -19.032152 2.290461 -16.179522 19.498254 29.083975 -56.450549 -22.426251 0.000000 54.786357 0.000000 16.219981 -10.334350 8.112001 0.000000 -7.169809 0.000000 -4.691137 9.292036 -4.131001 0.000000 34.315280 0.000000 -14.247985 -12.074130 6.787427 0.000000 -29.462675 0.000000
39.923376 81.922998 -52.277063 -88.989034 14.743469 -0.734204 -0.354133 0.472121 -2.572917 -0.281528 1.000598 -1.342148 0.457712 0.518398 -0.048905 0.706451 -0.445519 1.950613 -1.037103 -9.740397 -0.113110 -0.480419 0.545765 0.357371 -8.871523 -6.513230 22.485971 -61.010907 -13.284986 26.114245 -31.691997 -6.259812 16.853317 7.197849 -14.353321 -20.830230 13.628916 -8.532043 -20.920684 55.145497 -10.861308 -20.384228 32.782765 -4.355484 -18.926226 2.431410 -15.425439 19.566386 29.149532 -56.043543 -22.846047 0.000000 55.025313 0.000000 15.748459 -10.671810 7.770913 0.000000 -6.984154 0.000000 -4.460397 10.227449 -3.805150 0.000000 32.673649 0.000000 -15.882497 -10.452137 6.944083 0.000000 -29.614952 0.000000
39.116052 82.092303 -52.168231 -88.421816 14.969390 -0.322838 -0.277530 0.181032 -2.851441 -0.069800 0.747153 -1.522543 0.460992 0.440043 -0.094303 0.537960 -0.579780 1.701102 -1.642456 -10.212846 0.293950 -0.723669 1.284695 0.276744 -9.080885 -6.633748 22.806639 -61.356948 -13.132671 25.957070 -32.079512 -5.705326 16.904201 6.962295 -13.129303 -20.303089 13.379676 -8.896583 -20.601155 54.960719 -10.619941 -20.127768 32.648009 -4.129748 -19.023231 2.409522 -14.261728 19.656837 29.176564 -55.454646 -23.229225 0.000000 55.014584 0.000000 15.273935 -10.965692 7.464149 0.000000 -6.658568 0.000000 -3.992638 10.837590 -3.484402 0.000000 31.385348 0.000000 -17.863440 -8.231907 6.880861 0.000000 -30.541524 0.000000
38.306964 82.340070 -52.046759 -87.908780 15.173685 0.088965 -0.054546 -0.014548 -2.975296 0.044518 0.376486 -1.756463 0.339925 0.402162 -0.373306 0.479277 -0.553112 1.461557 -2.185988 -11.384680 0.667915 -0.959714 2.959105 0.324564 -9.353424 -6.776011 23.123229 -61.636611 -13.045879 25.941063 -32.478891 -4.923919 16.850910 6.831442 -11.711713 -19.842503 13.173542 -9.350021 -20.199476 54.820836 -10.425569 -19.913333 32.476387 -3.720557 -19.274893 2.399390 -13.141784 20.000557 28.986727 -54.801856 -23.425146 0.000000 54.849331 0.000000 14.863054 -11.159067 7.064296 0.000000 -6.337829 0.000000 -3.487905 11.109425 -3.183691 0.000000 30.532730 0.000000 -20.020999 -5.419430 6.977384 0.000000 -31.895290 0.000000
37.511392 82.678284 -51.873218 -87.558118 15.432192 0.458669 0.261751 -0.213201 -3.011529 0.239244 0.056069 -1.934125 0.151045 0.205693 -0.711493 0.484411 -0.643795 1.334030 -2.683746 -11.653725 0.810120 -1.177337 3.405107 0.349298 -9.488526 -6.989230 23.156875 -62.304864 -12.820694 25.737538 -32.470422 -4.130104 16.787559 6.310470 -9.894258 -19.120346 12.982207 -9.567427 -19.918593 54.689567 -10.140206 -19.668638 32.319221 -3.369021 -19.611864 2.452717 -12.038508 20.224988 28.841886 -54.030076 -23.598866 0.000000 54.364120 0.000000 14.514037 -11.320948 6.917147 0.000000 -6.031641 0.000000 -3.080510 10.842699 -3.061238 0.000000 30.214196 0.000000 -21.985049 -1.845575 7.036016 0.000000 -33.610814 0.000000
36.724738 83.085657 -51.701917 -87.237527 15.515291 0.736565 0.562064 -0.532495 -2.903809 0.293817 0.169019 -2.111979 -0.023251 0.111408 -1.104823 0.524538 -0.850143 1.218611 -3.073599 -11.981076 0.926894 -1.344037 3.796234 0.300493 -9.576215 -6.994583 23.133763 -62.816507 -12.753650 25.860973 -32.397213 -3.142339 16.517639 5.733539 -7.565694 -18.035257 12.928532 -9.685485 -19.752722 54.566941 -9.978242 -19.536543 32.281722 -3.312284 -19.937816 2.290848 -10.663844 20.262474 28.545065 -53.063230 -23.514184 0.000000 53.745427 0.000000 14.145513 -11.436392 6.799293 0.000000 -5.728823 0.000000 -3.381301 10.459354 -3.241203 0.000000 30.198576 0.000000 -23.054342 2.043688 7.267153 0.000000 -35.082468 0.000000
35.963397 83.558246 -51.520856 -86.910189 15.461849 0.912519 0.819781 -0.587174 -2.717644 0.332803 0.190599 -2.203394 -0.184360 -0.099410 -1.479887 0.567494 -0.766044 1.104995 -3.474468 -12.285676 1.107497 -1.497794 3.888663 0.042509 -9.633911 -7.125165 23.106211 -63.329882 -12.727274 26.012413 -32.251377 -2.329264 16.093802 5.233276 -5.517715 -17.046244 13.027027 -9.751126 -19.816145 54.157824 -9.871520 -19.385092 32.414385 -3.360196 -20.481768 2.108491 -9.896584 20.357257 28.030420 -51.983282 -23.149476 0.000000 52.992327 0.000000 13.743427 -11.423527 6.656164 0.000000 -5.473867 0.000000 -4.172407 9.893118 -3.560502 0.000000 30.648189 0.000000 -23.540085 6.270430 7.562186 0.000000 -35.422718 0.000000
35.222403 84.095026 -51.320270 -86.633155 15.220569 1.050455 0.855416 -0.482514 -2.636313 0.445963 0.199240 -2.180602 -0.092491 -0.123945 -1.570417 0.498124 -0.871553 0.818109 -3.895862 -12.398752 1.244871 -1.656318 3.842719 -0.250739 -9.672382 -7.176166 23.083116 -63.846217 -12.764576 26.046502 -31.997123 -1.523965 15.724341 4.773492 -3.579644 -16.455046 13.155655 -9.659517 -19.927356 53.743763 -9.622133 -19.190981 32.563459 -3.700913 -21.293191 1.900011 -9.465541 20.671640 27.434986 -50.635486 -22.625922 0.000000 52.026668 0.000000 13.312197 -11.330636 6.666383 0.000000 -5.321132 0.000000 -4.768727 9.158342 -3.839547 0.000000 31.524590 0.000000 -23.938295 10.937132 7.678297 0.000000 -35.085701 0.000000
34.505511 84.673145 -51.131302 -86.334817 14.844754 1.246475 0.816946 -0.237146 -2.749497 0.652779 0.219920 -2.162085 -0.060817 -0.149750 -1.545402 0.425462 -1.109935 0.751867 -4.225034 -12.332645 1.237618 -1.776378 3.863932 -0.566773 -9.669844 -6.931038 22.954644 -64.188866 -12.760376 26.067499 -31.901184 -0.890427 15.574572 4.578364 -1.886178 -16.010030 13.473785 -9.299788 -20.345132 52.938861 -9.674117 -18.833317 33.290962 -4.331088 -22.078557 1.571308 -8.873138 20.948658 26.816201 -49.059313 -22.075180 0.000000 50.879473 0.000000 12.845911 -11.168534 6.673292 0.000000 -5.136673 0.000000 -5.273472 8.202908 -4.175746 0.000000 32.845292 0.000000 -23.828074 16.117988 7.710167 0.000000 -33.944489 0.000000
33.822464 85.295856 -50.930704 -86.047815 14.408779 1.480676 0.892567 -0.069379 -2.898672 0.871536 0.454826 -2.214755 -0.098927 -0.149254 -1.551733 0.351358 -1.285964 0.796376 -4.558655 -12.267394 1.223920 -1.912124 3.811430 -0.686138 -9.738382 -6.698265 22.925913 -64.660105 -12.940374 26.126194 -31.693954 -0.511359 15.207317 4.207380 -0.133611 -14.862122 13.567906 -8.826725 -20.662527 52.263479 -9.728181 -18.595879 33.749627 -4.888406 -23.131993 1.727925 -8.841410 21.277086 26.201675 -47.332483 -21.549563 0.000000 49.515945 0.000000 12.400292 -10.863209 6.668094 0.000000 -5.173804 0.000000 -5.775280 6.975119 -4.614823 0.000000 34.593211 0.000000 -22.621898 21.851840 7.787403 0.000000 -31.857959 0.000000
33.164984 85.953320 -50.752774 -85.695414 13.919169 1.585451 0.761834 0.225098 -3.157959 1.088301 0.492419 -2.146917 0.021235 -0.164052 -1.280634 0.160568 -1.264573 0.728180 -4.785302 -11.985657 1.272864 -2.000580 3.534113 -0.771553 -9.710130 -6.354681 22.951264 -65.049428 -13.057415 26.132796 -31.446208 -0.332879 15.141976 3.707009 1.831692 -13.871080 13.768755 -8.247147 -20.984327 51.473329 -10.010163 -18.266863 34.535079 -5.507572 -24.266772 1.553557 -8.780001 21.270866 25.347997 -45.603094 -20.807930 0.000000 48.023945 0.000000 11.971504 -10.524538 6.684243 0.000000 -5.094080 0.000000 -6.421339 5.400064 -4.940844 0.000000 36.920245 0.000000 -19.189544 27.985438 7.705106 0.000000 -28.360526 0.000000
32.540552 86.658636 -50.597119 -85.258700 13.396904 1.569046 0.737805 0.498576 -3.312966 1.195213 0.642889 -2.088544 0.073169 -0.146226 -1.045968 -0.009298 -1.250128 0.712243 -5.039626 -11.795509 1.232241 -2.132016 3.419968 -0.484442 -9.702376 -5.980076 22.980559 -65.663451 -13.372532 26.224449 -31.139855 -0.096678 14.900256 3.060864 4.191301 -12.601932 13.831438 -7.745010 -21.145723 50.651057 -10.205637 -17.803262 35.326061 -5.800853 -25.523494 1.437141 -9.079438 21.088700 24.312972 -43.893775 -19.898892 0.000000 46.399918 0.000000 11.552467 -10.031299 6.646312 0.000000 -5.079823 0.000000 -7.190297 3.522056 -5.041891 0.000000 39.584834 0.000000 -12.744728 34.371806 7.466912 0.000000 -23.726350 0.000000
31.953021 87.409973 -50.466797 -84.765774 12.881538 1.457325 0.688207 0.722454 -3.467938 1.258177 0.825047 -2.016088 0.096751 -0.058767 -0.772486 -0.160148 -1.124099 0.790114 -5.244295 -11.729435 1.257948 -2.239734 3.405573 -0.222132 -9.697486 -5.702530 23.017553 -66.284746 -13.571415 26.068757 -30.847263 -0.236748 15.171242 2.383689 7.388452 -11.409269 13.786336 -7.300512 -21.161798 49.877429 -10.457320 -17.352114 36.448255 -6.189912 -26.694559 0.998062 -8.755931 20.557156 23.176721 -42.168216 -18.896476 0.000000 44.569661 0.000000 11.137132 -9.469959 6.643059 0.000000 -5.037602 0.000000 -7.742841 1.340634 -4.909878 0.000000 42.675747 0.000000 -2.551587 40.248520 10.560985 0.000000 -13.494746 0.000000
31.406329 88.184882 -50.386270 -84.214972 12.393197 1.070822 0.383268 0.916438 -3.672754 1.227496 0.768007 -1.789874 0.397413 0.231143 -0.131905 -0.346410 -0.694861 0.776314 -5.369799 -11.985929 1.282221 -2.316800 3.679825 0.047886 -9.681886 -5.637287 23.079120 -66.783968 -13.742069 25.726751 -30.666199 -0.416544 15.546320 1.948468 10.165770 -10.024101 13.672174 -7.048355 -21.136403 49.060373 -10.729837 -16.770287 37.972984 -6.449540 -27.946543 0.618057 -8.003852 19.930731 21.876232 -40.607094 -17.607994 0.000000 42.717106 0.000000 10.688010 -8.881151 6.597426 0.000000 -4.999708 0.000000 -8.615415 -1.135584 -4.135739 0.000000 46.008678 0.000000 10.699772 42.960031 11.755071 0.000000 -0.167930 0.000000
30.895044 89.011176 -50.323358 -83.641137 11.916529 0.709058 0.397945 0.914476 -3.699138 1.110883 1.114468 -1.722558 0.301094 0.328286 0.102711 -0.473064 -0.248466 1.045456 -5.501017 -11.786781 1.417301 -2.390006 3.425363 0.335088 -9.499318 -5.724496 23.385246 -67.255045 -13.941209 24.784651 -30.916613 -0.835932 16.144153 1.773802 12.139193 -8.765119 13.161199 -6.805098 -20.789922 48.682248 -10.951497 -15.912326 39.529228 -6.310194 -29.396111 0.445703 -6.527888 18.999386 20.645153 -38.940484 -16.387413 0.000000 40.614893 0.000000 10.215261 -8.130253 6.490535 0.000000 -4.963445 0.000000 -9.323315 -3.862984 -3.292001 0.000000 49.754216 0.000000 24.383978 45.068001 15.306378 0.000000 0.097137 0.000000
30.410556 89.866791 -50.277023 -83.091974 11.445650 0.391523 0.358594 0.965966 -3.831786 1.029530 1.283230 -1.719682 0.195443 0.457832 0.273813 -0.584878 0.124839 1.316003 -5.597862 -11.358270 1.728322 -2.450993 3.378363 0.681002 -9.253183 -5.401300 23.434397 -67.624225 -13.586726 24.046495 -31.525113 -1.661419 16.887661 1.496164 13.320495 -7.807376 12.415026 -6.550174 -20.024272 48.320892 -11.135267 -14.630836 41.864223 -5.886705 -30.883278 -0.023610 -4.075587 17.904064 19.551010 -37.179948 -15.262114 0.000000 38.335379 0.000000 9.711454 -7.233663 6.266751 0.000000 -4.889659 0.000000 -9.639838 -6.804800 -2.322101 0.000000 53.762804 0.000000 34.337172 47.198597 19.970836 0.000000 -3.192611 0.000000
29.948575 90.733044 -50.246130 -82.586875 10.932631 0.045244 0.096431 1.063714 -4.147642 1.028990 1.288489 -1.588137 0.335511 0.799488 0.760049 -0.732686 0.668581 1.460699 -5.756435 -11.349632 1.902441 -2.544898 3.733388 1.026068 -8.921053 -5.222742 23.326586 -67.862572 -13.344204 23.059246 -33.064553 -2.574982 17.892124 1.003330 14.335301 -7.066198 11.326050 -6.433442 -19.358520 48.171725 -11.520218 -12.848823 45.019014 -5.394101 -32.608643 -0.527163 -0.778053 16.711511 18.560142 -35.407511 -14.129027 0.000000 36.073693 0.000000 9.199941 -6.211482 5.745335 0.000000 -4.840164 0.000000 -9.277643 -10.064269 -1.268549 0.000000 58.359006 0.000000 35.812266 47.376952 21.917725 0.000000 -0.866605 0.000000
29.492694 91.625092 -50.225912 -82.126447 10.403425 -0.409977 0.101246 1.101290 -4.163028 0.898561 1.505277 -1.515703 0.267271 0.995610 0.951369 -0.888306 1.157585 1.561225 -5.804826 -11.145906 2.205340 -2.587467 4.201911 1.352827 -8.351053 -4.919871 23.203782 -68.019852 -13.157399 21.749272 -35.435374 -3.016997 19.047788 0.688110 15.711723 -5.847121 9.838576 -6.183877 -18.300582 48.266560 -11.772601 -10.602212 48.831730 -4.173706 -34.852845 -1.166333 1.653994 16.367097 17.593651 -33.651835 -12.886559 0.000000 33.802387 0.000000 8.678075 -5.095912 4.948409 0.000000 -4.782359 0.000000 -8.913605 -13.345472 -0.091938 0.000000 62.824640 0.000000 31.893404 48.343627 22.380443 0.000000 -1.520288 0.000000
29.040018 92.514838 -50.192770 -81.782531 9.756236 -0.837470 -0.000520 1.297526 -4.239543 0.801979 1.550524 -1.421192 0.284900 1.328864 1.185909 -0.930931 1.721238 1.689020 -5.921825 -10.989232 2.542105 -2.645166 4.611401 1.436318 -7.653954 -4.571227 22.860341 -67.916555 -12.975978 20.080093 -38.869620 -2.820250 20.756641 0.763172 17.354696 -4.538578 7.972803 -6.282486 -17.316275 48.680625 -11.992958 -7.462750 53.244658 -2.286050 -36.903606 -2.169831 3.828905 15.288063 16.774345 -31.788737 -11.688621 0.000000 31.599456 0.000000 8.241495 -3.949145 3.801529 0.000000 -4.589083 0.000000 -8.742753 -16.762199 0.841441 0.000000 67.507606 0.000000 25.837649 49.487744 22.224527 0.000000 -2.501466 0.000000
28.608701 93.423206 -50.136450 -81.636289 9.134696 -1.407489 -0.013642 1.461395 -4.084106 0.631604 1.643206 -1.266888 0.344099 1.587887 1.364790 -0.945233 2.238673 1.553956 -5.947617 -10.573071 3.041902 -2.653892 4.816671 1.372798 -6.702141 -4.108080 22.419405 -67.799654 -12.731607 17.994648 -42.947792 -1.757785 22.857943 1.411951 18.895163 -3.618778 5.830539 -5.591970 -15.713379 49.162070 -12.219222 -4.825199 57.689913 0.817777 -38.322828 -3.423691 4.234948 13.723866 16.117370 -29.856301 -10.411546 0.000000 29.157364 0.000000 7.789925 -2.757322 2.680544 0.000000 -4.449799 0.000000 -8.659761 -20.539338 1.804202 0.000000 72.143707 0.000000 21.167418 50.108341 21.822882 0.000000 -2.722444 0.000000
28.186212 94.336694 -50.047470 -81.617048 8.380814 -2.081795 0.051207 1.635853 -3.623257 0.386298 1.921147 -1.038626 0.402151 2.081027 1.356145 -0.734879 2.900308 1.464612 -6.026516 -11.162065 3.260651 -2.706356 5.700230 1.353974 -5.585872 -3.960876 21.620995 -67.675841 -12.413111 15.730795 -47.457567 0.243077 25.020740 2.919456 19.912393 -2.266539 3.177777 -4.936927 -14.182811 49.982448 -12.192709 -2.146353 62.059376 4.225336 -39.504585 -4.189186 3.694811 12.718629 15.292741 -27.927134 -8.998601 0.000000 26.844595 0.000000 7.684542 -1.425459 1.551168 0.000000 -4.484465 0.000000 -8.781974 -24.386025 2.653315 0.000000 76.485929 0.000000 18.906093 50.403094 21.215889 0.000000 -2.841649 0.000000
27.753937 95.223511 -49.934143 -81.729073 7.555541 -2.794741 0.085415 2.034354 -3.019903 0.168094 2.032375 -0.751059 0.465390 2.492941 1.223024 -0.438869 3.659818 1.248477 -6.119722 -11.209094 3.818386 -2.720853 5.601375 0.783966 -4.193303 -3.636786 20.762211 -67.584493 -12.065987 13.322094 -51.735646 3.452313 27.218030 4.583013 19.751651 -1.565432 0.336633 -4.010974 -12.468653 50.949924 -11.732003 0.701572 66.475256 7.984337 -40.598712 -4.994551 3.460299 12.632036 14.698578 -25.919133 -7.622148 0.000000 24.585625 0.000000 7.527189 -0.132845 0.480627 0.000000 -4.432619 0.000000 -9.145571 -28.337536 3.416150 0.000000 80.517967 0.000000 19.989014 50.550660 21.158578 0.000000 -2.763276 0.000000
27.297531 96.086823 -49.785907 -81.899719 6.538554 -3.520699 0.186999 2.411465 -2.176494 -0.076580 2.441713 -0.483756 0.526869 3.095784 0.864550 -0.015987 4.380520 1.039566 -6.374357 -11.499379 4.394907 -2.791896 5.293569 0.200132 -2.769872 -3.351468 19.925137 -67.473318 -11.730021 10.872878 -55.616034 7.069445 29.142012 5.812839 18.922418 -1.030902 -2.770649 -2.954503 -10.708867 52.060685 -10.739927 3.466823 71.103353 11.246565 -41.287078 -5.610923 4.535281 12.785147 14.307574 -23.670908 -6.269692 0.000000 22.314737 0.000000 7.326941 1.167365 -0.573864 0.000000 -4.416251 0.000000 -9.874107 -32.062134 4.162505 0.000000 84.138374 0.000000 23.176277 50.718922 21.405291 0.000000 -2.579618 0.000000
26.831290 96.905591 -49.613550 -82.123095 5.444315 -4.269243 0.184839 2.920771 -1.236443 -0.331713 2.873759 -0.184797 0.675281 3.659466 0.513748 0.428036 5.096381 0.774785 -6.509930 -11.897904 4.882260 -2.799970 5.067726 -0.433228 -1.043770 -3.099784 18.911649 -67.777130 -11.319163 8.256810 -58.440027 11.043024 31.056358 6.405179 17.384417 -0.928499 -5.939344 -1.569149 -9.053837 53.373606 -9.578414 6.235650 75.030346 15.177294 -41.522894 -6.592173 5.482115 13.074969 14.045029 -21.359254 -4.958273 0.000000 20.092913 0.000000 7.192565 2.381115 -1.407570 0.000000 -4.372270 0.000000 -10.498648 -35.811902 4.865400 0.000000 87.326384 0.000000 27.744566 51.261309 23.166957 0.000000 -3.010688 0.000000
26.340988 97.668573 -49.430197 -82.336996 4.196812 -4.915842 0.156332 3.371477 -0.471038 -0.413121 3.632322 0.159686 0.872284 4.253857 0.534338 0.689597 5.982345 0.287342 -6.732779 -12.487392 5.136809 -2.831939 4.493428 -0.791898 0.744106 -2.700979 17.620828 -68.141356 -10.761883 6.183524 -60.995205 14.115613 32.499437 7.079468 16.298532 -1.028541 -9.260585 0.038590 -7.453527 55.121909 -7.912472 8.653533 78.406683 18.683794 -41.685940 -7.400017 6.861465 13.545334 14.019035 -18.885873 -3.793737 0.000000 17.957383 0.000000 6.751317 3.567850 -1.656646 0.000000 -4.253047 0.000000 -11.105223 -39.523172 5.436813 180.000000 89.724264 180.000000 31.195944 51.838457 24.620936 0.000000 -3.378837 0.000000
25.851495 98.359778 -49.231732 -82.600694 3.045553 -5.502361 0.238142 3.916672 0.298363 -0.363010 4.245567 0.426199 0.818257 4.810068 0.382121 0.882492 6.923183 0.379638 -6.779975 -13.344039 5.019494 -2.788273 4.048912 -1.082165 2.918601 -2.103199 15.705488 -68.953346 -10.039628 4.602236 -62.686016 16.894488 33.543150 7.436890 14.778239 -1.013053 -12.574133 2.058555 -5.990751 56.929038 -6.608301 10.172598 84.282598 19.258082 -39.457794 -8.760822 10.762847 13.292278 14.304724 -16.661100 -2.752032 0.000000 16.119883 0.000000 5.905846 4.817328 -1.825099 0.000000 -4.333208 0.000000 -11.672898 -43.447030 5.990942 180.000000 87.025959 180.000000 33.356603 52.534018 26.632940 0.000000 -3.929770 0.000000
25.352647 98.976843 -49.058105 -82.722500 1.896622 -5.996533 -0.020109 4.421691 0.978580 -0.483396 4.883015 0.716519 0.958471 5.694263 0.373951 1.127184 7.836489 0.184117 -6.692723 -14.211202 4.587013 -2.717813 3.024624 -0.760268 4.984711 -1.678098 13.576746 -69.552017 -9.335034 3.368932 -64.099479 19.100233 33.906544 7.312371 13.617565 -1.162667 -15.831261 4.162343 -4.544838 59.229352 -4.814452 11.399915 87.885108 20.878381 -37.971955 -9.875316 12.045953 13.443077 14.648209 -14.402040 -1.825727 0.000000 14.224474 0.000000 5.276145 6.098336 -2.186028 0.000000 -4.594979 0.000000 -12.435986 -47.455774 6.574757 180.000000 84.466802 180.000000 33.536099 52.932525 27.541239 0.000000 -2.848046 0.000000
24.822327 99.479016 -48.884155 -82.903599 0.658800 -6.383901 -0.040152 5.080924 1.452228 -0.139850 5.593498 1.091566 0.740155 6.364013 0.801227 0.814658 8.821567 -0.362355 -6.257235 -15.239506 3.819607 -2.578883 2.020467 -0.013719 7.189116 -1.310879 11.222288 -69.987628 -8.338640 2.499025 -65.137280 20.854425 33.858534 7.201752 12.167084 -1.198711 -18.891791 6.477847 -3.259438 61.906645 -2.819007 12.288067 90.750045 22.151916 -36.691298 -10.841711 12.624625 13.672731 14.777159 -12.170204 -0.962369 0.000000 12.646646 0.000000 5.202671 7.060630 -2.675658 0.000000 -4.689088 0.000000 -13.050854 -51.412342 7.066050 180.000000 82.228785 180.000000 32.859817 53.522891 28.481926 0.000000 -3.508751 0.000000
24.280196 99.861096 -48.736520 -82.871957 -0.496007 -6.542211 -0.296018 5.771754 1.835032 -0.032340 6.269220 1.315778 0.661039 7.116827 0.910341 0.690384 9.555565 -0.735357 -5.789670 -16.105011 3.188340 -2.438631 0.690751 0.584758 9.103330 -0.917149 9.025046 -70.018170 -7.019261 2.152026 -66.280336 21.863068 33.201183 7.604379 11.265071 -0.577789 -21.880234 8.590226 -2.181711 64.676473 -0.748720 13.526523 93.116194 23.249213 -35.500775 -11.703589 12.790632 13.380448 15.111215 -10.085136 -0.459008 0.000000 11.293849 0.000000 5.054946 7.985534 -2.779023 0.000000 -4.909972 0.000000 -13.756668 -55.525770 7.437811 180.000000 80.194316 180.000000 32.273950 53.813958 28.896641 0.000000 -3.602979 0.000000
23.750531 100.097083 -48.607880 -82.719200 -1.493497 -6.483620 -0.635900 6.265028 1.971026 0.094726 7.154096 1.511673 0.480305 7.679245 1.140853 0.437057 10.004369 -1.066865 -5.080005 -16.610650 2.227885 -2.262226 -0.865376 1.245320 10.728622 -0.485611 6.976721 -69.514245 -5.817055 1.616213 -67.216612 22.953843 32.532462 7.990846 10.182017 -0.185115 -24.496581 10.384616 -1.606435 67.427319 1.361687 14.984809 95.208276 24.095507 -34.510691 -12.623221 13.035959 13.513555 15.523041 -8.223462 -0.278773 0.000000 10.207162 0.000000 4.947878 8.611564 -2.584101 0.000000 -5.065753 0.000000 -14.300272 -59.964089 7.588255 180.000000 78.368911 180.000000 32.412754 53.969498 29.241197 0.000000 -1.110068 0.000000
23.106566 100.257111 -48.513837 -81.905459 -2.563714 -6.682689 -1.198635 6.849516 2.305753 -0.036631 7.672011 1.849073 0.143261 8.405052 1.219579 0.120286 10.193239 -1.005131 -4.185669 -16.381644 0.986129 -2.016116 -2.848449 1.570979 12.202816 0.179005 4.970806 -68.995853 -4.876873 0.730714 -67.904456 23.920302 31.930345 8.723704 9.681194 0.425360 -26.622273 12.375781 -1.569177 69.925710 3.207469 16.260897 96.993250 24.731640 -33.985947 -13.271453 12.865978 14.306850 15.448069 -6.507061 0.154890 0.000000 9.591989 0.000000 4.966003 8.788671 -2.304589 0.000000 -5.257222 0.000000 -15.854760 -63.868056 8.237860 180.000000 76.846605 180.000000 33.107218 53.510195 29.541985 0.000000 -1.196363 0.000000
22.586151 100.185059 -48.472894 -81.547421 -3.213629 -6.170285 -1.442469 7.156636 2.110250 0.056465 7.899211 1.736818 0.015431 8.766679 1.233546 0.026172 10.638249 -0.986191 -3.923170 -15.699112 0.660270 -1.894947 -4.954674 1.333812 12.884797 0.742216 4.325006 -68.355509 -4.590369 -0.350669 -68.279470 24.832237 31.438893 9.066530 9.106888 1.119285 -28.898370 14.698441 -1.386746 72.102074 4.137381 17.230849 98.799596 25.123680 -33.190735 -14.410837 13.501094 14.551988 16.238178 -5.308621 -0.338198 0.000000 9.419393 0.000000 5.218022 8.538840 -1.747428 0.000000 -5.165469 0.000000 -15.897010 -68.855430 7.715834 180.000000 75.452580 180.000000 34.507136 53.453099 30.762280 0.000000 -1.206629 0.000000
21.987268 100.013135 -48.463739 -80.763373 -3.830445 -5.721314 -1.859506 7.355485 1.926010 -0.053244 8.092176 1.655655 0.204768 9.270884 1.250759 0.257617 11.163017 -1.020422 -4.202492 -15.622238 0.651199 -1.965439 -6.184490 1.009666 12.824960 0.637757 4.315173 -67.787302 -4.774818 -1.949112 -68.575893 25.909493 30.979440 9.271859 8.286304 1.777399 -31.501982 16.408187 -0.907220 73.912687 4.687285 18.240674 100.396407 25.841241 -32.243697 -15.723286 13.807572 14.580198 17.127520 -4.314967 -0.850450 0.000000 9.683076 0.000000 5.559561 7.786434 -0.958455 0.000000 -4.981155 0.000000 -16.085026 -73.647776 7.002917 180.000000 74.206988 180.000000 35.436880 53.125645 31.814324 0.000000 -1.692101 0.000000
21.306456 99.798547 -48.464832 -79.462713 -4.654571 -5.751478 -2.456100 7.646229 2.263667 -0.381946 8.326733 1.683848 0.029881 9.541491 0.994878 0.089166 11.325800 -0.912072 -3.909858 -15.301985 -0.015988 -1.957577 -6.345903 1.264198 13.260995 0.752547 4.222460 -67.126925 -5.016441 -3.814742 -69.247143 26.476705 30.356933 9.210328 8.187574 2.223134 -33.508175 17.944019 -1.132146 75.918524 5.133585 19.493406 101.555403 26.285720 -31.623455 -16.762757 13.859715 14.582361 18.191887 -3.336991 -0.916880 0.000000 10.294510 0.000000 5.947522 6.253394 -0.055273 0.000000 -4.275712 0.000000 -17.724127 -77.644075 7.303854 180.000000 73.311608 180.000000 35.465313 52.835415 32.280304 0.000000 -1.969581 0.000000
20.631299 99.545544 -48.539340 -78.065015 -5.102849 -5.787769 -2.975846 7.717552 2.398431 -0.754412 8.319697 1.500581 -0.074664 9.748565 0.737709 0.217348 11.829179 -0.067781 -3.872008 -15.405532 -0.496655 -1.980995 -6.183784 1.193151 13.926922 1.193028 3.668980 -67.552288 -4.726629 -4.845503 -69.286146 26.445124 30.510496 9.208156 8.478553 2.534635 -37.044986 19.796562 -1.593706 78.922486 5.658105 19.560124 101.674398 25.993302 -31.970219 -16.933349 13.851084 14.720934 19.696118 -3.035804 -1.059130 0.000000 11.405809 0.000000 6.219369 4.738619 0.760671 0.000000 -3.914706 0.000000 -20.678309 -81.789209 8.861169 180.000000 72.693012 180.000000 34.911111 52.521848 32.448429 0.000000 -2.327426 0.000000
19.948102 99.276740 -48.623389 -76.291105 -5.411849 -5.900963 -3.663898 7.522753 2.493789 -1.377069 8.205374 1.070397 -1.149935 10.178600 -0.224342 -0.636310 13.023090 0.327459 -2.566461 -15.783487 0.416620 -1.245659 -6.496556 0.851408 16.702236 0.609405 3.796117 -68.034212 -4.176268 -5.664796 -69.254793 26.304114 30.986611 9.311251 8.780794 2.629992 -36.811042 20.825214 -1.086593 80.877061 5.580004 20.056135 102.020199 25.868117 -32.107464 -17.711478 13.680200 14.728886 21.153049 -3.099834 -1.240372 0.000000 12.816067 0.000000 6.720640 3.338397 1.734377 0.000000 -3.948468 0.000000 -27.660614 -85.730600 14.035568 180.000000 72.268652 180.000000 34.034470 52.097024 32.134212 0.000000 -2.571398 0.000000
19.210295 98.987982 -48.724283 -74.428188 -5.957759 -6.129326 -4.279351 7.365351 2.413965 -1.891282 8.196191 0.881472 -2.078787 10.720016 -0.539799 -1.648252 14.245518 0.116100 -1.446747 -16.212502 1.119305 -0.642149 -6.745233 0.696232 18.893093 -0.311259 4.048755 -68.172966 -3.792849 -6.577067 -69.242629 26.419633 31.458204 9.375034 8.699984 2.369014 -36.802759 21.265510 -1.123287 83.056317 4.902210 21.026634 102.166602 25.629607 -32.398749 -18.302509 13.582227 14.727572 22.899117 -2.965346 -1.220204 0.000000 14.202972 0.000000 7.242316 1.977265 2.948606 0.000000 -4.392751 0.000000 -64.372546 -88.871044 48.925552 180.000000 71.930970 180.000000 32.709577 51.319103 31.076469 0.000000 -2.462234 0.000000
18.471803 98.713306 -48.857278 -72.529452 -6.702225 -6.581827 -4.749938 7.451268 2.413115 -2.306894 8.495896 0.787194 -2.946778 11.510774 -0.764087 -2.798780 15.297544 -0.242303 -0.510916 -17.439898 2.025713 -0.080431 -6.600828 0.501776 21.213108 -1.770568 4.226376 -68.572109 -3.406421 -7.291246 -69.396291 26.515650 31.882313 9.696597 8.452038 2.289679 -36.704814 20.940959 -0.705167 85.072253 4.182741 21.968347 102.307105 25.458175 -32.605812 -18.756360 13.273668 14.738524 24.901195 -2.741809 -0.891341 0.000000 15.459837 0.000000 7.883633 0.639375 4.520210 0.000000 -4.944939 0.000000 -175.550774 -87.794841 158.367058 180.000000 71.898722 180.000000 31.185099 50.723473 30.039776 0.000000 -2.689106 0.000000
17.751324 98.376575 -48.921579 -70.817847 -7.408899 -6.538217 -5.064936 7.495281 1.837815 -2.663098 8.651384 0.770863 -4.097644 11.548164 -0.209356 -3.916613 15.780599 0.405541 1.195589 -16.977840 0.087374 0.299366 -6.751532 1.159234 22.971282 -1.335366 2.794279 -68.339396 -3.136829 -7.812196 -69.720043 26.800263 31.900571 9.776422 7.794257 2.242233 -37.266195 20.179921 -3.033123 87.224651 3.127308 22.998211 102.275984 25.219216 -32.909164 -19.642544 13.421058 14.574921 27.225621 -2.160534 -1.049208 0.000000 16.237205 0.000000 8.634782 -0.513161 6.136890 0.000000 -5.625631 0.000000 164.442798 -85.023594 176.762028 180.000000 71.938623 180.000000 29.525797 50.284286 28.726154 0.000000 -3.104426 0.000000
17.030087 98.136938 -49.031519 -69.375642 -8.146385 -6.972578 -5.151847 7.819079 1.725391 -2.892407 8.760757 0.882473 -5.086627 11.603636 0.060658 -4.730730 15.882112 0.541365 2.150989 -16.631571 -0.559066 0.586786 -6.521528 1.463350 24.629830 -1.151223 1.966925 -68.662906 -2.931778 -8.295573 -70.034390 26.938219 31.709648 10.009062 7.536188 2.228626 -37.337475 19.778498 -4.121771 88.559208 2.357694 23.846148 102.264459 25.159833 -32.981092 -20.060846 13.403819 14.462459 29.731897 -1.813663 -0.608243 0.000000 16.942812 0.000000 9.503840 -1.677793 7.425123 0.000000 -6.210728 0.000000 161.418293 -82.820597 178.653991 180.000000 72.362009 180.000000 27.794500 49.677766 27.838308 0.000000 -3.501385 0.000000
16.321025 97.976532 -49.146582 -68.114797 -8.884243 -7.565138 -5.348367 7.911709 1.315393 -3.062377 9.237339 1.253162 -5.688177 12.038379 0.869411 -5.263931 15.630345 0.051330 2.675621 -16.546276 -0.724718 0.767791 -6.098352 1.660131 25.864792 -1.292854 1.409019 -69.164180 -2.615261 -8.825085 -70.041552 27.095254 31.902996 10.163391 7.330805 2.290951 -37.118343 19.048903 -4.594288 89.392534 1.612655 24.794653 102.303070 25.143332 -32.998469 -20.360019 13.398153 14.410343 32.149757 -1.493293 0.050647 0.000000 17.294671 0.000000 10.652730 -2.667241 8.341438 0.000000 -6.706945 0.000000 160.290437 -81.074208 178.913232 180.000000 73.084607 180.000000 26.657125 49.393377 27.650858 0.000000 -3.982291 0.000000
15.671104 97.840753 -49.247043 -67.132823 -9.476067 -8.116484 -5.296976 8.044075 1.437184 -3.060154 9.580795 1.455426 -6.140135 12.223454 0.996840 -5.548939 15.354753 0.143182 2.805943 -16.599847 -0.973470 0.740202 -5.263777 2.042663 26.586732 -1.255727 0.774200 -69.722172 -2.690951 -9.242726 -70.189748 27.245749 31.732837 10.381359 7.439372 2.455839 -37.113955 18.303782 -4.996390 89.901388 1.021319 25.623011 102.346494 25.177944 -32.953784 -20.618165 13.614942 14.219765 34.590581 -1.374528 0.621289 0.000000 17.549792 0.000000 12.037634 -3.520474 9.138152 0.000000 -7.336492 0.000000 159.522405 -79.542476 179.130920 180.000000 73.932379 180.000000 25.905922 48.679275 27.433396 0.000000 -4.195875 0.000000
15.008430 97.721631 -49.319104 -66.525996 -10.035352 -8.458105 -5.100837 8.246209 1.531530 -2.956049 9.639375 1.550051 -6.560489 12.197054 1.067943 -5.818679 15.186545 0.152683 2.902801 -16.416190 -1.229893 0.691020 -4.550401 2.514990 27.185335 -1.198787 0.246176 -70.153038 -2.683646 -9.837728 -70.066632 27.609979 31.819521 10.522539 7.201758 2.784190 -37.153206 17.839109 -5.708092 90.536489 0.459538 26.249122 102.113243 25.117788 -33.040518 -20.367475 13.332642 14.062503 37.176663 -1.165093 1.094181 0.000000 17.646212 0.000000 13.407049 -4.371488 9.750596 0.000000 -7.680769 0.000000 159.465274 -78.113013 179.044585 180.000000 74.661187 180.000000 25.065069 47.691413 25.993361 0.000000 -3.860217 0.000000
14.359172 97.622443 -49.379434 -66.049133 -10.517177 -8.724009 -4.915064 8.439961 1.540617 -2.868756 9.648485 1.599890 -6.745537 12.120255 1.126046 -5.853446 14.863391 0.300694 2.765685 -16.166658 -1.379623 0.583814 -3.815137 2.865925 27.709817 -0.812736 -0.132839 -70.925630 -2.741132 -10.378724 -69.737978 27.846559 32.135574 10.491970 7.129057 3.020211 -37.055835 17.405170 -6.299885 90.737102 0.200553 26.703379 101.915865 25.031700 -33.158244 -20.285003 13.724041 13.723822 39.484060 -1.037636 1.534602 0.000000 17.750439 0.000000 14.903644 -5.116194 9.850144 0.000000 -7.965517 0.000000 158.769154 -76.897139 179.720067 180.000000 75.523545 180.000000 25.092553 47.295837 26.039572 0.000000 -3.844719 0.000000
13.741978 97.543146 -49.425284 -65.718416 -10.901656 -9.010113 -4.645979 8.516573 1.700342 -2.653234 9.707992 1.690105 -6.800953 12.001832 1.118835 -5.899806 14.454733 0.260222 2.428278 -15.811557 -1.245552 0.436668 -3.283510 3.102832 28.038692 -0.543082 -0.295223 -71.725812 -2.975273 -10.989051 -69.297584 28.163677 32.417953 10.413990 6.961838 3.222450 -36.889714 17.257439 -6.581733 90.777605 0.087186 26.885079 101.670224 24.947623 -33.272622 -20.041457 13.622589 13.472502 41.705806 -1.063993 1.998413 0.000000 17.824361 0.000000 16.256371 -5.661744 9.697304 0.000000 -8.599947 0.000000 158.930142 -75.973545 179.670175 180.000000 76.470060 180.000000 25.133763 47.192655 26.162162 0.000000 -4.146632 0.000000
13.116225 97.478448 -49.473135 -65.313626 -11.159572 -9.277325 -4.445764 8.672715 1.845081 -2.508494 9.608883 1.748776 -6.789117 11.736950 1.153282 -5.874311 14.060487 0.308872 2.131128 -15.482942 -1.273985 0.300859 -2.813660 3.290307 28.488102 -0.161360 -0.572913 -72.698868 -3.068552 -11.649718 -68.890933 28.281305 32.815675 10.446035 6.868406 3.318130 -36.668481 17.051792 -6.885459 90.714894 0.184789 27.109193 101.535126 24.817308 -33.438607 -19.893067 13.742771 13.405959 43.628343 -1.224804 2.440240 0.000000 17.971395 0.000000 17.288450 -6.136004 9.604481 0.000000 -9.161411 0.000000 158.739207 -75.187673 179.898342 180.000000 77.213856 180.000000 25.278738 46.980066 26.459037 0.000000 -4.233289 0.000000
12.507172 97.438165 -49.543274 -64.865041 -11.388432 -9.577040 -4.215554 8.703673 1.979263 -2.286994 9.638807 1.839227 -6.634176 11.582418 1.182855 -5.753473 13.661649 0.243247 1.577336 -15.267521 -0.915503 0.105126 -2.380339 3.323006 28.706501 0.109020 -0.623797 -73.819886 -3.235835 -12.152334 -68.427611 28.168973 33.172985 10.367382 6.749180 3.463907 -36.524925 16.933533 -6.835982 90.488531 0.376098 27.228869 101.429028 24.706341 -33.579191 -19.465687 13.454346 13.700224 45.135650 -1.488739 2.966787 0.000000 18.290502 0.000000 17.945336 -6.670920 9.312820 0.000000 -9.408582 0.000000 158.889006 -74.696244 179.771352 180.000000 77.911838 180.000000 25.092189 46.887099 26.664435 0.000000 -5.055000 0.000000
11.900559 97.372003 -49.582092 -64.244629 -11.534647 -9.618129 -4.037246 8.547951 1.948597 -2.137910 9.634491 1.794910 -6.396126 11.340251 1.136674 -5.638843 13.492300 0.070256 0.838745 -14.930766 -0.311512 -0.156879 -2.136043 3.349195 28.526773 0.130271 -0.320431 -74.621470 -3.431053 -12.732398 -67.887648 28.319667 33.574116 10.361136 6.234376 3.607182 -36.371990 16.995938 -6.676355 90.271548 0.480909 27.302122 101.374969 24.521548 -33.809916 -19.153374 13.335759 14.139391 45.971701 -1.545609 3.260755 0.000000 18.632285 0.000000 18.430053 -7.190510 9.083917 0.000000 -9.480425 0.000000 158.100029 -74.238571 -179.629980 180.000000 78.292671 180.000000 24.835889 46.545797 26.354314 0.000000 -5.155603 0.000000
11.280294 97.335724 -49.646924 -63.611211 -11.668024 -9.685199 -3.833622 8.640474 1.922865 -2.000674 9.631570 1.722792 -6.232125 11.054212 1.087395 -5.520827 12.851338 0.229917 0.236337 -14.584753 0.026280 -0.369548 -1.669786 3.335422 28.835980 0.526740 -0.253216 -75.683108 -3.515811 -13.394272 -67.417432 28.459921 33.970539 10.156702 5.640431 3.630526 -36.281387 17.024471 -6.597312 89.932320 0.923812 27.363108 101.452664 24.508145 -33.822175 -18.739339 12.926815 14.316845 46.245450 -1.575614 3.645837 0.000000 18.967243 0.000000 18.762038 -7.669755 8.758457 0.000000 -9.335330 0.000000 157.271885 -73.977757 -178.969159 180.000000 78.609730 180.000000 24.926219 46.464801 26.466392 0.000000 -5.200079 0.000000
10.657574 97.342004 -49.741626 -63.043685 -11.868761 -9.957864 -3.592003 8.714219 1.942212 -1.796343 9.625344 1.768021 -5.945096 10.779478 1.144063 -5.251746 12.573243 0.274665 -0.475002 -14.386564 0.450409 -0.623518 -1.270781 3.250960 29.026144 1.024246 -0.152392 -76.937600 -3.784196 -13.635083 -67.170730 28.035756 33.913968 9.955808 5.156003 4.406994 -36.168960 16.984771 -6.394918 89.391836 1.329356 27.349441 101.878832 24.442789 -33.890125 -18.956262 12.770673 14.764216 46.160866 -1.729245 4.309485 0.000000 19.437833 0.000000 18.835031 -8.200320 8.469953 0.000000 -9.032854 0.000000 157.121656 -74.175736 -178.848176 180.000000 78.885418 180.000000 25.090460 46.297813 26.710417 0.000000 -5.192841 0.000000
10.014255 97.306622 -49.890613 -62.094261 -12.020996 -10.038462 -3.371854 8.770892 1.883019 -1.665866 9.308909 1.596982 -5.685127 10.627410 0.995304 -5.037550 12.646473 0.169488 -1.355743 -14.208281 1.376221 -0.916315 -0.899106 3.097738 28.447629 0.888686 0.567569 -77.355602 -4.237638 -14.142388 -67.110523 28.042153 33.919399 10.205023 4.236401 4.622512 -36.162693 17.124355 -5.899297 89.070556 1.509907 27.226819 102.133726 24.423468 -33.908320 -19.181843 12.235038 15.056363 45.398389 -1.720524 4.805130 0.000000 20.019402 0.000000 18.740139 -8.756587 8.303506 0.000000 -8.594220 0.000000 155.742371 -74.359451 -177.808384 180.000000 78.867220 180.000000 25.162081 45.910630 26.805495 0.000000 -5.353791 0.000000
9.461395 97.298669 -50.022116 -61.184734 -12.045729 -10.204751 -3.244226 8.707153 1.791308 -1.595074 9.333093 1.550895 -5.368402 10.373005 1.003812 -4.761805 12.478151 0.144129 -2.156106 -13.945871 2.035121 -1.196001 -0.677736 2.932754 28.093416 0.897899 1.084116 -77.947138 -4.723431 -14.699812 -66.953598 28.051179 33.934685 10.146197 3.285897 4.709976 -36.215413 17.144679 -5.579845 88.732777 1.689718 27.065447 102.238785 24.382981 -33.955636 -18.738402 11.212188 15.441912 44.467613 -1.923310 5.223358 0.000000 20.713672 0.000000 18.651288 -9.076648 8.263455 0.000000 -8.512618 0.000000 154.769105 -74.744997 -177.175422 180.000000 78.945480 180.000000 25.201056 45.432735 26.756618 0.000000 -5.555465 0.000000
8.907047 97.311285 -50.158588 -60.246541 -12.030723 -10.319519 -3.067754 8.697283 1.735047 -1.501134 9.324340 1.459717 -5.307123 10.305129 0.919753 -4.768683 11.961990 0.214957 -2.565832 -13.962873 2.404588 -1.347603 0.124278 2.916867 28.408000 1.249940 1.322207 -78.649856 -4.771447 -15.009433 -67.088642 27.888711 34.016983 10.871704 1.919723 4.968381 -36.082691 17.106966 -5.395165 88.599582 1.851070 26.976753 102.295984 24.313634 -34.040588 -18.436870 11.086092 15.414116 43.327719 -2.039360 5.621087 0.000000 21.352864 0.000000 18.617765 -9.348170 7.652140 0.000000 -8.366884 0.000000 153.693532 -75.284071 -176.441835 180.000000 78.840313 180.000000 24.698806 44.468813 26.116151 0.000000 -5.671792 0.000000
8.365973 97.326392 -50.276996 -59.207452 -11.949981 -10.395497 -2.980617 8.691516 1.592076 -1.483124 9.206530 1.408144 -5.261961 10.174661 0.909572 -4.784173 11.631667 0.277695 -2.911909 -13.821691 2.590910 -1.483332 0.490514 2.900603 28.619080 1.444792 1.400645 -79.111067 -4.985878 -15.497589 -67.131175 27.907359 33.998490 11.015732 0.144020 5.160085 -35.923956 17.037656 -5.317432 88.489613 1.963478 26.832135 102.324510 24.252305 -34.117302 -17.824296 10.404473 15.825770 42.031761 -2.080816 5.951491 0.000000 21.886647 0.000000 18.532685 -9.592481 6.836516 0.000000 -8.261492 0.000000 152.006738 -75.899619 -175.259725 180.000000 78.774043 180.000000 24.411250 43.625621 25.986773 0.000000 -5.750928 0.000000
7.869026 97.317462 -50.400394 -58.366372 -11.739347 -10.281997 -2.810905 8.530201 1.385892 -1.439943 8.983872 1.216700 -4.911169 9.959919 0.870078 -4.470675 11.840894 0.183899 -3.667888 -13.672710 3.347839 -1.737119 0.406887 2.584394 27.991144 1.063347 1.991866 -79.389742 -5.385585 -16.204001 -67.208666 27.908076 33.988540 11.613620 -1.355253 5.859290 -36.073309 17.150697 -4.841710 88.225033 1.724873 26.365021 102.156542 24.223295 -34.159334 -16.899866 8.653541 16.151135 40.951510 -2.052200 6.051332 0.000000 22.245101 0.000000 18.428444 -9.833315 5.945592 0.000000 -8.201268 0.000000 150.668235 -76.337331 -174.204705 180.000000 78.841929 180.000000 24.091866 43.104305 24.736630 0.000000 -6.216548 0.000000
7.359920 97.313446 -50.484140 -57.535850 -11.460824 -10.124870 -2.641457 8.297036 1.254444 -1.391917 8.778605 1.090445 -4.702497 9.831082 0.724046 -4.323765 11.556503 0.161848 -4.176709 -13.155231 3.809214 -1.893166 0.199650 2.273293 27.707473 1.061439 2.321733 -79.588425 -5.607853 -16.917369 -67.360201 27.897179 33.973848 11.816675 -3.365495 6.358567 -36.138087 17.304362 -4.606877 88.102703 1.471328 26.073353 101.866351 24.234697 -34.151023 -15.411864 6.927353 16.331264 40.049531 -1.922898 6.087449 0.000000 22.353545 0.000000 18.161934 -10.071047 5.164071 0.000000 -8.143093 0.000000 148.391727 -76.845318 -172.262620 180.000000 78.913789 180.000000 23.828427 42.472570 24.650691 0.000000 -6.416298 0.000000
6.825137 97.328601 -50.522498 -56.884877 -11.189676 -9.930039 -2.385192 7.871437 1.170580 -1.244425 8.716059 1.057701 -4.761870 9.795984 0.650535 -4.503268 11.263764 0.077772 -4.257107 -12.955791 3.684903 -1.928157 0.322556 2.224147 27.999905 1.212642 2.226389 -79.677691 -5.817580 -17.582683 -67.558610 27.896053 33.942783 12.041469 -5.179314 6.626123 -36.072574 17.400959 -4.688104 88.408055 1.254332 25.711309 101.559617 24.043588 -34.396145 -14.361127 5.479024 16.434046 39.457556 -1.638436 6.151052 0.000000 22.175478 0.000000 17.781700 -10.316746 4.360628 0.000000 -8.016589 0.000000 146.730187 -77.530540 -170.825369 180.000000 78.879133 180.000000 22.899436 41.357774 23.722377 0.000000 -6.436881 0.000000
6.273789 97.348364 -50.578091 -56.155384 -10.877079 -9.877732 -2.210662 7.648373 1.127000 -1.235985 8.452151 0.992158 -4.626877 9.538352 0.610688 -4.466580 11.062470 0.022532 -4.432539 -12.720368 3.728943 -1.984324 0.653990 2.033502 27.961666 1.370465 2.237781 -79.655471 -5.886600 -18.364511 -67.889540 27.847936 33.931860 12.532332 -7.071682 6.762673 -35.880447 17.488956 -4.504127 88.324895 1.183815 25.443038 101.863580 23.864343 -34.613687 -14.197466 4.675599 16.581697 38.893768 -1.483939 6.302123 0.000000 21.968176 0.000000 17.314161 -10.572324 3.782387 0.000000 -7.903358 0.000000 144.728677 -78.410644 -169.091730 180.000000 79.006126 180.000000 22.218372 40.382298 23.401956 0.000000 -6.679860 0.000000
5.797225 97.341364 -50.625763 -55.532956 -10.536212 -9.638565 -2.032614 7.426817 1.004668 -1.148127 8.154688 0.928396 -4.510657 9.282002 0.657397 -4.479661 11.064451 -0.215350 -4.565360 -12.498198 3.644702 -2.036019 0.645054 1.959343 27.774914 1.340287 2.220641 -79.409043 -6.267570 -19.112591 -68.131315 27.851323 33.894275 12.567529 -9.077459 6.343374 -35.807575 17.663329 -4.408364 88.554409 0.865563 24.876554 101.972492 23.596420 -34.947800 -14.054444 3.395568 16.788042 38.502096 -1.210688 6.213008 0.000000 21.594314 0.000000 16.891843 -10.763906 3.460478 0.000000 -7.828549 0.000000 141.640658 -79.183029 -166.167636 180.000000 79.336933 180.000000 21.633922 39.535067 23.258848 0.000000 -6.893334 0.000000
5.299226 97.331726 -50.692166 -54.858035 -10.147392 -9.500190 -1.812844 7.218485 1.031347 -1.084023 7.881609 0.833040 -4.485909 8.871814 0.520245 -4.551065 10.949725 -0.235682 -4.480061 -12.059077 3.428916 -1.999749 0.645585 1.913980 27.714018 1.431355 2.249189 -79.090946 -6.641386 -20.028797 -68.466541 27.913272 33.805606 12.924544 -11.492147 6.052423 -35.757645 17.780815 -4.547646 88.888009 0.692594 24.566598 102.137135 23.282267 -35.339840 -13.673448 2.595312 16.560855 38.216651 -1.088476 6.179344 0.000000 21.227594 0.000000 16.381454 -10.962825 3.476635 0.000000 -7.694412 0.000000 138.566187 -80.093639 -163.288436 180.000000 79.679594 180.000000 20.814198 38.326980 22.622504 0.000000 -7.010704 0.000000
4.804741 97.319305 -50.759903 -54.174739 -9.751658 -9.343716 -1.618243 6.918477 0.991153 -1.013021 7.697823 0.803559 -4.247254 8.770505 0.478484 -4.439195 10.753779 -0.392997 -4.663932 -11.929683 3.463682 -2.056195 0.712328 1.691782 27.418818 1.209203 2.432758 -78.919439 -7.064103 -21.062549 -68.739168 28.026039 33.689047 13.782118 -14.030218 6.056147 -35.866283 17.886869 -4.107528 89.011304 0.420207 24.023652 102.377241 23.087700 -35.590103 -13.213837 1.515965 16.785762 37.937954 -1.012311 6.119662 0.000000 20.925286 0.000000 15.867640 -11.114182 3.540090 0.000000 -7.520118 0.000000 134.343055 -81.032958 -159.235331 180.000000 80.158071 180.000000 20.048671 37.016071 21.971050 0.000000 -7.275105 0.000000
4.328086 97.320026 -50.849490 -53.521802 -9.283376 -9.295867 -1.387558 6.706203 1.103781 -0.933048 7.395558 0.744183 -3.990720 8.632098 0.256978 -4.269061 10.556670 -0.359037 -4.851058 -11.703747 3.550965 -2.111739 0.605493 1.492321 27.190516 1.140683 2.532314 -78.883463 -7.421842 -21.924604 -68.969273 27.858287 33.770451 14.330186 -16.509680 4.944740 -35.834293 17.891821 -3.638950 88.962622 0.216604 23.481258 102.695668 22.870552 -35.866390 -12.896774 0.155212 17.089092 37.698478 -1.130874 6.094199 0.000000 20.673339 0.000000 15.359412 -11.243911 3.701802 0.000000 -7.325527 0.000000 129.471098 -82.086692 -154.430902 180.000000 80.795645 180.000000 19.131897 35.337846 21.075050 0.000000 -7.324691 0.000000
3.852617 97.318262 -50.972855 -52.761996 -8.766604 -9.277521 -1.234477 6.435995 1.115036 -0.879366 7.184984 0.714915 -3.840685 8.438384 0.213698 -4.183833 10.388876 -0.259450 -4.814726 -11.462286 3.310675 -2.096058 0.518840 1.423146 27.107371 1.276070 2.438352 -78.838519 -7.865939 -22.663001 -69.048069 27.762960 33.819465 14.728406 -19.981966 4.261301 -35.791870 17.987705 -3.489542 89.166349 -0.218110 22.813210 102.916252 22.636438 -36.170277 -12.524525 -0.890319 17.378554 37.292935 -1.410770 6.061823 0.000000 20.587550 0.000000 14.887524 -11.350142 3.823033 0.000000 -7.158298 0.000000 122.572320 -83.144728 -147.647607 180.000000 81.553752 180.000000 18.221681 33.469000 20.177802 0.000000 -7.525607 0.000000
3.385857 97.318994 -51.107495 -51.872236 -8.283612 -9.254601 -1.121873 6.258052 1.056354 -0.843618 7.001721 0.722666 -3.683624 8.267830 0.322211 -4.071494 10.239838 -0.197935 -4.708286 -11.340041 2.880227 -2.072847 0.482443 1.503557 26.924338 1.385817 2.316256 -78.785551 -8.313433 -23.434338 -69.225380 27.504386 33.967736 15.274669 -23.377127 3.197109 -35.842008 17.843651 -3.457477 89.491167 -0.774487 22.272072 103.092444 22.368359 -36.517328 -12.130952 -1.916029 17.884026 36.717345 -1.704981 6.043415 0.000000 20.599142 0.000000 14.435704 -11.436685 3.839637 0.000000 -6.964205 0.000000 111.557924 -84.094569 -136.842047 180.000000 82.486872 180.000000 17.443544 31.558907 19.449091 0.000000 -7.638742 0.000000
2.903470 97.348944 -51.280963 -51.045156 -7.790186 -9.313690 -0.906347 6.059015 1.044351 -0.737075 6.846381 0.730571 -3.567552 8.141669 0.352724 -3.945499 10.038340 -0.037027 -4.585984 -11.175478 2.611297 -2.024171 0.431874 1.458734 26.797720 1.554935 2.258525 -78.933315 -8.767380 -24.162666 -69.300144 27.232374 34.135866 16.120629 -27.557629 2.380803 -35.908825 17.888872 -3.266297 89.859469 -1.385175 21.535900 103.088736 22.158769 -36.785449 -11.799396 -3.195997 17.934144 36.170996 -2.159816 6.137354 0.000000 20.731410 0.000000 13.975624 -11.453344 3.672569 0.000000 -6.773609 0.000000 96.090497 -84.905494 -121.420544 180.000000 83.647257 180.000000 16.652609 29.671712 18.642068 0.000000 -7.802276 0.000000
2.413137 97.400391 -51.493542 -50.126626 -7.267309 -9.407419 -0.754815 5.960722 0.963371 -0.677999 6.612349 0.739564 -3.409311 7.993181 0.429016 -3.739860 9.743104 0.164112 -4.457281 -10.819532 2.338539 -1.972433 0.282039 1.431203 26.652813 1.787719 2.248373 -79.146511 -9.262610 -24.932407 -69.320868 26.832602 34.405197 16.967126 -31.199663 0.865750 -35.796152 17.845107 -3.112366 90.082348 -1.844317 20.848814 103.181798 21.857431 -37.173275 -11.485874 -4.886875 18.082075 35.468934 -2.740342 6.266947 0.000000 20.948435 0.000000 13.580265 -11.366865 3.325414 0.000000 -6.789451 0.000000 75.042558 -85.209677 -100.430795 180.000000 85.065737 180.000000 16.024237 27.934997 18.169947 0.000000 -7.833706 0.000000
1.935121 97.445367 -51.704584 -49.208540 -6.740387 -9.412951 -0.582781 5.881600 0.927184 -0.603924 6.408034 0.666119 -3.240025 7.851454 0.363217 -3.499718 9.551181 0.392776 -4.351350 -10.606817 2.183993 -1.926912 0.172938 1.396387 26.453832 1.977958 2.361015 -79.435133 -9.855915 -25.584675 -69.186984 26.284405 34.789495 17.216946 -34.903368 -0.744979 -35.696425 17.695450 -2.918175 90.328127 -2.393946 20.246612 103.376823 21.424105 -37.742415 -10.986321 -7.480107 19.226645 34.816474 -3.285071 6.315534 0.000000 21.146120 0.000000 13.155988 -11.237346 3.043839 0.000000 -6.877972 0.000000 54.653054 -84.706706 -80.058418 180.000000 86.723427 180.000000 15.580032 26.465132 17.584629 0.000000 -8.034119 0.000000
1.429679 97.518835 -51.938708 -48.217682 -6.226603 -9.496241 -0.395562 5.800010 0.850741 -0.514976 6.294979 0.625200 -3.109042 7.634885 0.383971 -3.295310 9.380007 0.561708 -4.186238 -10.267849 2.115396 -1.850249 -0.107820 1.356463 26.272082 2.211606 2.522122 -79.758427 -10.538173 -26.186211 -69.129138 25.666959 35.210021 18.161902 -38.268396 -3.135580 -35.595518 17.766723 -2.672030 90.725809 -2.900383 19.493842 103.323041 20.854493 -38.470955 -9.941989 -9.716003 20.140059 34.118718 -3.883919 6.485752 0.000000 21.342458 0.000000 12.681073 -11.064035 2.623418 0.000000 -7.042987 0.000000 37.825604 -83.568865 -63.206589 180.000000 88.622607 180.000000 15.159852 25.096003 17.115471 0.000000 -8.101620 0.000000
0.912417 97.598688 -52.197217 -47.114490 -5.673944 -9.660778 -0.302449 5.786509 0.778953 -0.498973 6.169079 0.618511 -2.941325 7.466255 0.448500 -3.019144 9.032367 0.756625 -4.009079 -10.039453 2.026494 -1.768394 -0.108839 1.277336 26.079802 2.475306 2.638443 -80.079309 -11.260016 -26.840076 -69.166260 24.994612 35.655694 19.893838 -42.128661 -6.418428 -35.356882 17.743885 -2.460442 90.883636 -3.030821 18.795149 103.653249 20.498916 -38.952143 -9.751868 -11.464514 20.289406 33.368695 -4.611390 6.722367 0.000000 21.586307 0.000000 12.131065 -10.895041 2.250790 0.000000 -7.218781 0.000000 26.110032 -82.006889 -51.509987 0.000000 89.233554 0.000000 14.809113 23.978542 16.629037 0.000000 -8.259832 0.000000
0.395211 97.680060 -52.455304 -45.956196 -5.110398 -9.771558 -0.216866 5.784087 0.711220 -0.465146 6.080755 0.595820 -2.773349 7.271821 0.486924 -2.764935 8.745678 0.854910 -3.868859 -9.830486 1.940913 -1.717432 -0.178961 1.369963 25.835845 2.693947 2.859572 -80.493645 -11.825464 -27.352055 -69.138727 24.357544 36.084399 21.522912 -45.588873 -9.300150 -35.214106 17.694522 -2.314046 91.198222 -3.451830 18.185723 103.804575 20.185252 -39.372536 -9.251213 -13.224070 20.162292 32.659048 -5.325337 6.925986 0.000000 21.801035 0.000000 11.502617 -10.690204 1.839921 0.000000 -7.436840 0.000000 18.912612 -80.119730 -44.322951 0.000000 86.845047 0.000000 14.627680 23.057590 16.127447 0.000000 -8.525211 0.000000
-0.157849 97.755408 -52.720648 -44.734865 -4.542115 -9.908908 -0.111806 5.723193 0.669029 -0.413700 6.027729 0.552143 -2.599667 7.139272 0.463434 -2.495674 8.581028 1.051853 -3.876379 -9.683606 1.951389 -1.723904 -0.361423 1.432833 25.444430 2.802681 3.139665 -80.856532 -12.477163 -27.836844 -69.226050 23.650325 36.548699 23.578615 -48.987401 -12.788402 -35.105391 17.656760 -2.079348 91.546158 -3.673510 17.420190 104.007112 19.733498 -39.980052 -8.624903 -14.691599 20.110330 32.152698 -6.154740 7.202057 0.000000 22.117762 0.000000 10.615479 -10.504190 1.482248 0.000000 -7.730457 0.000000 14.399683 -78.001427 -39.788108 0.000000 84.355941 0.000000 14.572990 21.953197 15.809614 0.000000 -8.405248 0.000000
-0.731865 97.833630 -53.037030 -43.362424 -3.824565 -10.215824 -0.073078 5.622454 0.723059 -0.410702 5.961056 0.556241 -2.340641 6.996188 0.444137 -2.163595 8.399269 1.067646 -4.076209 -9.647451 2.267389 -1.799319 -0.391839 1.453700 24.886651 2.856145 3.606542 -81.302557 -13.063337 -28.167953 -69.388361 22.948741 37.007202 26.191663 -52.396041 -16.229246 -34.984488 17.704728 -1.633121 91.765052 -3.898279 16.729799 104.398836 19.443929 -40.397819 -8.425543 -15.995419 19.541118 31.638865 -7.418763 7.595751 0.000000 22.745323 0.000000 9.515253 -10.387225 1.046799 0.000000 -7.995420 0.000000 10.437940 -75.837152 -35.805540 0.000000 81.625647 0.000000 14.359734 20.670278 15.144528 0.000000 -8.695374 0.000000
-1.322949 97.907825 -53.383862 -41.843269 -3.069346 -10.483239 -0.065006 5.658994 0.726019 -0.392300 5.793784 0.557137 -2.202008 6.846016 0.450796 -1.960118 8.206151 1.176865 -4.184030 -9.769032 2.245809 -1.879594 -0.205716 1.803728 24.432809 3.022040 3.905932 -81.568127 -13.579734 -28.375101 -69.551337 22.392760 37.373268 29.175379 -55.699580 -20.322307 -34.934940 17.813553 -1.428097 92.273756 -4.314663 15.960290 104.648942 19.096428 -40.885600 -8.144656 -17.276419 19.274902 31.180762 -8.836357 7.977328 0.000000 23.527516 0.000000 8.186421 -10.239257 0.540554 0.000000 -8.266469 0.000000 7.911780 -73.604491 -33.274713 0.000000 78.916846 0.000000 13.931702 19.078019 13.963267 0.000000 -8.638152 0.000000
-1.939032 97.966248 -53.772278 -40.215608 -2.132333 -10.874370 -0.115635 5.554848 0.817849 -0.454873 5.643021 0.548050 -1.978329 6.667463 0.366447 -1.650968 8.145811 1.353008 -4.444080 -9.927126 2.415488 -2.018369 -0.145237 2.151761 23.774481 3.015101 4.193695 -82.062540 -13.983445 -28.443633 -69.736041 21.729240 37.805233 32.946761 -58.864144 -24.252641 -34.855662 17.851222 -1.125774 92.648413 -4.829596 15.246254 104.912721 18.719398 -41.417360 -7.693738 -18.823305 19.294441 30.800971 -10.737221 8.426889 0.000000 24.650952 0.000000 6.601676 -10.133291 0.006199 0.000000 -8.707750 0.000000 5.573806 -71.407015 -30.946120 0.000000 76.018199 0.000000 13.313625 17.284458 12.872586 0.000000 -8.837293 0.000000
-2.601179 97.984735 -54.193903 -38.451903 -1.067543 -11.291119 -0.333621 5.268147 0.885698 -0.662458 5.657531 0.511555 -1.666893 6.506958 0.249949 -1.260341 7.973797 1.370158 -4.782728 -10.098537 2.851012 -2.181898 -0.027389 2.496745 23.202368 3.002167 4.802356 -82.644398 -14.364550 -28.347483 -69.942906 21.107989 38.215456 37.519629 -61.952334 -28.795064 -34.693663 18.006580 -0.657412 92.999571 -5.353735 14.521104 105.198622 18.400273 -41.880652 -7.160663 -20.372764 19.084839 30.425365 -12.993979 8.893717 0.000000 26.061303 0.000000 4.813016 -10.033820 -0.533954 0.000000 -9.390676 0.000000 3.901466 -69.227131 -29.223505 0.000000 73.112483 0.000000 12.274449 15.209338 11.222255 0.000000 -8.980330 0.000000
-3.296349 97.971112 -54.648267 -36.575243 0.185216 -11.787440 -0.572190 5.041927 0.974296 -0.839952 5.279402 0.530144 -1.359429 6.493215 0.247313 -0.877116 7.890152 1.501717 -5.239369 -10.375256 3.004046 -2.427529 0.179001 3.037019 22.410112 2.892213 5.118734 -83.224012 -14.416555 -28.227008 -70.154825 20.379234 38.702789 42.360584 -64.901507 -33.933422 -34.551747 17.899945 -0.454542 93.170066 -6.014541 13.957933 105.648650 18.251237 -42.145243 -6.937795 -22.049918 18.576967 30.007163 -15.695926 9.362987 0.000000 27.742674 0.000000 2.955259 -9.816357 -1.016061 0.000000 -10.226521 0.000000 2.378685 -67.172825 -27.661176 0.000000 70.091638 0.000000 11.062775 13.420195 9.667875 0.000000 -9.268264 0.000000
-4.019340 97.888196 -55.108069 -34.575733 1.567356 -12.117768 -0.944937 4.661439 0.917405 -1.104155 5.002658 0.488832 -0.988593 6.479806 0.189756 -0.388357 7.828553 1.575836 -5.826293 -10.715580 3.510551 -2.698057 0.371737 3.339793 21.613807 2.908549 5.666547 -83.931096 -14.627025 -27.771322 -70.244038 19.656907 39.195458 48.441756 -67.046486 -40.768327 -34.693438 18.004960 -0.048340 93.592227 -6.444121 13.129671 105.971745 17.940177 -42.615437 -6.648895 -23.401750 18.164944 29.383947 -18.588970 9.641155 0.000000 29.647344 0.000000 1.303865 -9.523836 -1.440279 0.000000 -11.313269 0.000000 1.585809 -65.190806 -26.892046 0.000000 67.046922 0.000000 9.662423 11.699892 7.809314 0.000000 -9.361335 0.000000
-4.743883 97.731323 -55.615271 -32.422956 3.107783 -12.426187 -1.357261 4.308277 0.731719 -1.377395 4.895155 0.456683 -0.702789 6.201738 0.291691 0.053344 7.648648 1.717228 -6.399441 -11.057516 4.122322 -2.943594 0.590380 3.456830 21.062887 3.013644 6.089077 -85.153028 -14.579186 -27.087315 -70.451012 18.806379 39.769941 55.761868 -70.026257 -47.713691 -34.795789 17.940872 0.337617 93.888990 -6.902013 12.379636 106.251309 17.661470 -43.040991 -5.867272 -25.064082 17.619717 28.414242 -21.821862 9.884123 0.000000 31.819044 0.000000 0.013910 -9.180266 -2.037190 0.000000 -12.368031 0.000000 1.021144 -63.368932 -26.377606 0.000000 63.996061 0.000000 7.895201 10.359966 5.901515 0.000000 -9.377156 0.000000
-5.515454 97.519678 -56.115991 -30.164094 4.669609 -12.585791 -1.786841 3.985913 0.509064 -1.725643 4.720817 0.306725 -0.443002 5.839054 0.219974 0.495253 7.414396 2.003229 -7.055525 -11.173632 5.014835 -3.181129 0.710053 3.242024 20.464871 3.404485 6.646246 -86.338182 -14.423105 -26.209438 -70.630684 17.970321 40.347176 63.379683 -72.266478 -55.440200 -34.820005 18.124794 0.498665 94.220401 -7.379966 11.702145 106.773300 17.384564 -43.510246 -5.381909 -26.822056 16.535056 27.238281 -25.037623 10.044385 0.000000 33.991496 0.000000 -0.327593 -8.603746 -2.858215 0.000000 -13.153536 0.000000 0.777795 -61.590946 -26.259177 0.000000 61.005995 0.000000 5.966898 9.317872 4.055470 0.000000 -9.416050 0.000000
-6.280514 97.229608 -56.609332 -27.755452 6.367406 -12.604733 -2.237167 3.666716 0.186379 -2.030678 4.362443 0.250470 -0.398736 5.735161 0.396717 0.644755 7.243632 1.847782 -7.649757 -11.530345 5.959386 -3.402494 0.747868 3.133659 20.070830 3.498867 7.081076 -87.351468 -13.954218 -25.239815 -70.985835 17.167227 40.900623 71.978953 -74.090275 -64.052025 -34.806392 18.236266 0.692521 94.961513 -7.790789 11.071210 107.216612 17.036872 -44.073912 -4.495539 -28.958798 15.608375 25.868901 -28.368507 10.023433 0.000000 36.178841 0.000000 0.497940 -7.588849 -3.421529 0.000000 -13.707600 0.000000 0.751825 -59.927383 -26.482647 0.000000 58.043180 0.000000 3.773838 8.444359 2.205819 0.000000 -9.453400 0.000000
-7.068531 96.830273 -57.102161 -25.317260 8.005415 -12.528416 -2.545895 3.273923 -0.061211 -2.294523 4.189953 0.152236 -0.498698 5.595246 0.409672 0.617835 7.089246 1.936747 -8.125649 -11.903909 6.687162 -3.579203 0.750506 3.043308 19.713982 3.221141 7.232480 -88.321805 -13.247523 -24.528065 -71.250977 16.204828 41.572781 81.053687 -75.232434 -73.772122 -34.655464 18.145062 0.633074 95.757145 -8.223611 10.453016 107.735886 16.665184 -44.699042 -3.684490 -31.451070 14.805007 24.460230 -31.605247 9.968369 0.000000 38.378945 0.000000 2.339210 -6.695310 -3.453714 0.000000 -13.793419 0.000000 0.869310 -58.335031 -26.844830 0.000000 55.274243 0.000000 1.439000 7.610541 0.318691 0.000000 -9.180510 0.000000
-7.856290 96.323395 -57.553308 -22.927496 9.582174 -12.243199 -2.762152 2.980638 -0.424596 -2.450533 4.124571 0.016523 -0.708472 5.190735 0.531804 0.450146 6.877302 2.005204 -8.558825 -12.262962 7.303116 -3.741741 0.895111 2.923338 19.556641 3.497006 7.426702 -89.342516 -12.848198 -23.554575 -72.303614 14.964743 41.838735 82.455864 -75.555271 -75.023569 -34.521376 18.075788 0.386380 96.552950 -8.674362 9.925874 108.337301 16.439391 -45.140613 -2.774708 -35.204905 14.126927 23.335504 -34.672427 9.626569 0.000000 40.614911 0.000000 4.578197 -6.767361 -2.364562 0.000000 -13.965883 0.000000 1.479428 -56.784532 -27.666639 0.000000 52.699385 0.000000 -0.859022 6.746142 -1.487843 0.000000 -8.847776 0.000000
-8.655485 95.701141 -57.961389 -20.596555 10.988439 -11.841620 -2.843241 2.898311 -0.671166 -2.562528 3.961715 -0.212916 -1.032853 4.928849 0.321593 0.216497 6.434601 2.333236 -8.978345 -12.594998 7.837063 -3.910474 1.086839 2.873340 19.602742 3.871991 7.361589 -90.509160 -12.146396 -22.501707 -73.284152 13.862569 42.202811 83.114789 -75.696892 -75.176915 -34.286354 18.020227 0.154440 97.200948 -8.694254 9.563280 110.230404 15.628943 -45.538193 -2.396841 -38.878648 14.328588 22.399882 -37.474081 9.281104 0.000000 42.860612 0.000000 6.838716 -7.616950 -1.332153 0.000000 -13.539471 0.000000 2.133774 -55.231149 -28.551236 0.000000 50.314135 0.000000 -2.841936 5.918408 -3.156400 0.000000 -8.523601 0.000000
-9.455379 94.968256 -58.357935 -18.242616 12.411080 -11.337839 -2.872064 2.785720 -0.950779 -2.619368 3.744704 -0.391195 -1.261985 4.657567 0.230737 0.003218 5.930790 2.395168 -9.617406 -12.627682 8.334999 -4.187268 1.050443 3.023932 19.371324 4.186551 7.505044 -91.613383 -11.567933 -21.575068 -74.369755 12.682446 42.451714 83.866703 -75.804317 -75.297661 -34.250903 18.148966 0.151218 97.975504 -8.717337 9.133729 111.972477 14.748816 -45.783661 -1.834218 -41.842087 13.990793 21.543362 -40.326097 8.832814 0.000000 45.156744 0.000000 9.143443 -8.418856 -0.299054 0.000000 -12.933096 0.000000 2.665753 -53.804478 -29.393416 0.000000 48.090041 0.000000 -4.397392 4.988090 -4.812270 0.000000 -8.168480 0.000000
-10.276167 94.144330 -58.739185 -15.964092 13.693535 -10.803820 -2.954477 2.725199 -1.167527 -2.758175 3.508451 -0.548015 -1.323815 4.325271 0.122820 -0.098181 5.608083 2.241464 -10.217004 -12.661208 8.652734 -4.492604 1.071344 3.523191 18.986228 4.386623 7.751103 -92.462843 -10.980366 -20.839310 -75.664639 11.664923 42.975998 84.640671 -74.748360 -75.733719 -34.006479 18.193512 0.144162 98.746770 -9.128178 8.985540 113.499579 14.015249 -45.901971 -0.913745 -44.588670 13.736784 21.039276 -43.110987 8.308977 0.000000 47.422986 0.000000 11.288107 -9.193089 0.949364 0.000000 -12.273269 0.000000 3.371478 -52.322486 -30.308368 0.000000 46.060035 0.000000 -5.264732 4.143634 -5.684915 0.000000 -8.159585 0.000000
-11.110219 93.238879 -59.086005 -13.842707 14.871180 -10.206816 -2.961622 2.853048 -1.475500 -2.781523 3.156449 -0.717179 -1.325325 3.964068 0.082270 -0.134940 5.092931 2.234491 -11.057979 -12.586822 8.975355 -4.879866 1.196158 3.752468 18.647812 4.669733 7.648230 -93.634139 -10.251640 -20.198113 -76.504281 10.719910 43.389985 84.791268 -74.724682 -75.881257 -33.804623 18.201144 0.288898 99.367451 -9.367118 8.938892 114.735907 13.350626 -45.786340 0.607383 -47.092724 12.906655 21.018019 -45.699449 7.534344 0.000000 49.399415 0.000000 13.277459 -10.067324 2.528067 0.000000 -11.669601 0.000000 4.066414 -50.895344 -31.141357 0.000000 44.107479 0.000000 -5.409715 3.602285 -6.308873 0.000000 -8.466959 0.000000
-11.944833 92.245490 -59.412866 -11.832939 15.904238 -9.562123 -2.960158 2.851632 -1.937533 -2.712066 2.903268 -0.755086 -1.370806 3.515030 0.477978 -0.359373 4.866550 1.797794 -11.693703 -12.235787 8.757238 -5.239839 1.077655 4.562384 18.201459 5.013803 7.438639 -94.346958 -10.090303 -19.551168 -77.378715 9.904440 43.375310 85.351837 -74.129392 -76.607240 -32.127177 17.548782 0.617833 98.948020 -9.622004 9.387606 115.565337 13.447331 -45.439748 1.674153 -49.790913 11.537596 21.238300 -48.045619 6.642644 0.000000 51.098235 0.000000 15.013981 -10.898831 3.867721 0.000000 -11.305551 0.000000 4.730884 -49.520843 -31.870955 0.000000 42.352487 0.000000 -4.859655 3.276686 -6.701414 0.000000 -8.520093 0.000000
-12.776095 91.175549 -59.706232 -10.003235 16.761698 -8.912310 -2.977791 2.769521 -2.313554 -2.740337 2.747353 -0.864243 -1.393858 3.307272 0.633042 -0.464108 4.619124 1.699888 -12.143611 -12.002893 8.290992 -5.521516 0.906586 5.344757 17.926323 5.326648 6.991591 -95.027499 -10.155900 -19.044534 -78.331493 9.328616 43.226508 85.418300 -74.108064 -76.591669 -30.341834 16.875562 0.829860 98.871141 -9.997561 9.896447 115.859494 13.655571 -45.096236 3.479901 -52.889688 10.030723 21.838429 -50.084606 5.602264 0.000000 52.427832 0.000000 16.235297 -11.394577 5.218137 0.000000 -10.906967 0.000000 5.378770 -48.177266 -32.426848 0.000000 40.720714 0.000000 -3.763164 3.271824 -6.986999 0.000000 -8.724684 0.000000
-13.632053 90.031732 -59.976031 -8.337407 17.431005 -8.344271 -2.945277 2.746312 -2.482777 -2.807396 2.634335 -1.037660 -1.374948 3.207815 0.402650 -0.443292 4.212256 1.747968 -12.696137 -11.584785 8.058402 -5.814943 0.704434 5.936537 17.700935 5.890367 6.632720 -95.770264 -10.364628 -18.361545 -79.498328 8.820268 42.789636 86.066068 -74.325139 -77.164508 -28.735864 16.771327 1.143129 99.079349 -10.352243 10.253484 115.172168 13.830846 -44.824860 5.188013 -55.179283 9.170688 22.620006 -51.812553 4.615537 0.000000 53.347956 0.000000 16.768772 -11.466031 6.302744 0.000000 -10.442641 0.000000 5.671969 -46.961473 -32.476490 0.000000 39.213797 0.000000 -2.401505 3.476111 -7.395154 0.000000 -8.939997 0.000000
-14.513268 88.834888 -60.216260 -6.929598 18.000910 -7.964615 -2.825107 2.763351 -2.575442 -2.795559 2.616221 -1.177431 -1.228558 2.984356 0.216078 -0.319861 3.833939 1.731958 -13.357012 -11.196209 7.915221 -6.146974 0.525631 6.473311 17.481759 6.575859 6.383508 -96.573039 -10.829589 -17.770752 -80.609649 8.668189 42.272684 86.169759 -74.129025 -76.796489 -27.245493 16.495619 1.483558 99.242516 -10.946643 11.127210 114.124604 13.831680 -44.345955 7.229369 -57.018465 7.780647 23.622219 -53.312078 3.724529 0.000000 53.862330 0.000000 16.474750 -11.439702 7.049119 0.000000 -9.902729 0.000000 5.666922 -45.941890 -31.919651 0.000000 37.736961 0.000000 -1.331672 4.023770 -7.620226 0.000000 -9.256959 0.000000
-15.388155 87.588300 -60.402240 -5.703422 18.425792 -7.514492 -2.690542 2.784812 -2.858559 -2.579518 2.623024 -1.163898 -1.148692 2.875268 0.433985 -0.359513 3.441257 1.563899 -13.772211 -11.048516 7.054390 -6.435462 0.579220 7.338808 17.060616 7.406300 5.499004 -96.785463 -11.090895 -17.278405 -81.865577 9.237914 41.479590 85.819556 -73.954045 -76.100111 -25.867542 16.660194 1.762938 99.829900 -11.218977 11.623491 112.095817 13.700145 -43.869642 9.603805 -58.237566 5.545489 24.779519 -54.344900 2.763845 0.000000 53.883883 0.000000 15.475930 -11.239613 6.972075 0.000000 -9.693247 0.000000 5.250955 -45.148689 -31.025717 0.000000 36.287782 0.000000 -0.548578 4.828586 -7.382451 0.000000 -9.507812 0.000000
-16.302158 86.312762 -60.564996 -4.560514 18.767793 -7.151856 -2.601091 2.845678 -3.099404 -2.494982 2.689598 -1.190569 -0.852868 2.641137 0.630568 -0.121545 3.213882 1.447362 -14.290862 -11.062963 6.312228 -6.757559 0.805418 8.087687 16.454519 7.871792 4.826908 -96.985891 -11.476547 -17.269298 -82.954216 10.362217 40.801276 85.337255 -73.818209 -75.670816 -25.062775 16.702540 1.989210 100.619444 -11.665203 12.564267 109.621760 13.202996 -43.369418 10.843362 -59.540770 3.270717 25.237909 -55.334378 2.505412 0.000000 54.234704 0.000000 14.304382 -11.900359 4.851336 0.000000 -7.864929 0.000000 3.880276 -44.688086 -29.356422 0.000000 34.805533 0.000000 -0.098237 5.674103 -6.726106 0.000000 -9.728005 0.000000
-17.254863 85.012927 -60.743036 -3.453758 19.148974 -6.818215 -2.462265 2.915179 -3.231205 -2.480102 2.683183 -1.234717 -0.558621 2.521718 0.680530 0.158588 3.013809 1.172480 -14.855790 -11.265372 5.872703 -7.072995 1.208745 8.604416 15.835002 8.098598 4.483636 -96.975143 -11.968038 -17.460450 -84.357536 11.817836 40.048303 84.542599 -74.070976 -75.204052 -24.564977 17.087920 2.334998 101.902364 -12.174451 13.648854 106.475572 12.479179 -43.014029 11.402574 -61.687809 1.116270 24.241379 -57.204602 3.481175 0.000000 56.672403 0.000000 13.484850 -13.306863 2.939508 0.000000 -8.586977 0.000000 2.074891 -44.452100 -27.223699 0.000000 33.344497 0.000000 -0.230328 6.274231 -5.907671 0.000000 -9.699195 0.000000
-18.177817 83.637262 -60.867474 -2.363615 19.183401 -6.674729 -2.213179 3.229675 -3.077152 -2.345117 2.829150 -1.174496 -0.322066 2.420461 0.518364 0.420027 3.047255 1.010047 -15.436753 -11.822001 5.557473 -7.391578 1.657915 8.899370 15.328649 8.256011 4.260337 -97.086432 -12.467639 -17.404000 -86.041793 13.418082 39.125698 83.978723 -74.424808 -75.725245 -24.281921 17.330534 2.525024 103.182019 -12.582581 14.536803 102.606425 11.647015 -42.678724 12.834116 -66.349063 -2.284357 22.399043 -58.486451 5.295197 0.000000 59.431220 0.000000 12.998295 -16.614851 1.424155 0.000000 -8.083642 0.000000 -0.752258 -44.054373 -24.232618 0.000000 31.796197 0.000000 -0.352012 6.616455 -5.396475 0.000000 -9.706720 0.000000
-19.157790 82.237335 -60.977173 -1.462614 19.334869 -6.525802 -1.887467 3.266104 -3.084871 -2.152627 3.007278 -1.225282 -0.084951 2.471501 0.522956 0.702952 3.367762 0.952186 -16.006567 -12.624673 5.428308 -7.708479 1.871290 9.010770 14.934492 8.028130 4.019528 -97.452656 -12.949279 -17.507746 -86.950352 15.721594 38.581151 80.047191 -75.645462 -73.423814 -23.988965 17.366007 2.601676 103.964355 -12.877704 15.227803 98.523189 10.320358 -41.301291 23.757990 -71.108178 -14.300046 20.172961 -60.525609 7.580685 0.000000 62.213058 0.000000 12.050391 -16.896917 -1.146292 0.000000 -7.754270 0.000000 -3.894470 -43.940752 -20.924441 0.000000 30.412846 0.000000 -0.333518 6.401580 -4.428763 0.000000 -8.501741 0.000000
-19.950862 80.990979 -61.295892 -1.440944 20.244456 -6.510950 -1.089161 3.156109 -2.687652 -1.514378 2.711192 -1.285643 0.017520 2.493449 0.180204 0.751995 3.312168 0.645440 -16.578720 -13.294121 5.397741 -8.008236 1.900342 8.993522 14.440727 8.013837 3.409652 -97.240786 -12.376491 -17.407435 -84.435159 19.956509 37.301504 60.180062 -81.894217 -60.348311 -23.473252 17.333952 2.817156 104.501794 -13.154551 16.162968 93.434523 9.190175 -40.484540 34.957418 -70.304299 -21.978227 20.255651 -63.321769 8.067786 0.000000 64.486756 0.000000 11.479583 -16.729793 -1.514157 0.000000 -7.033196 0.000000 -3.400910 -46.240995 -19.939110 0.000000 32.902774 0.000000 -2.074113 3.507192 -12.019747 0.000000 1.158954 0.000000
-20.697586 79.643488 -61.575641 -0.695903 20.971048 -5.287114 -0.769053 2.949921 -3.444780 -1.052414 2.447821 -1.569891 0.172141 2.879729 0.023023 0.693743 3.666554 0.531503 -17.134910 -13.869551 5.601981 -8.290895 1.183698 8.828946 13.878031 7.733856 3.044970 -96.599894 -11.337999 -16.775509 -82.944256 23.547208 35.923205 29.877390 -67.464899 -6.198019 -22.527174 16.989395 2.592453 104.444661 -13.692218 16.791253 89.611982 7.734205 -38.590528 84.345918 -63.144826 -57.058253 22.691062 -65.573836 5.396318 0.000000 66.765780 0.000000 10.635951 -16.609363 -0.527657 0.000000 -7.301314 0.000000 5.183660 -46.348730 -26.939213 0.000000 38.157163 0.000000 -5.660848 -3.172856 -7.603448 0.000000 -5.960198 0.000000
-21.497058 78.390869 -61.887256 0.230307 21.603878 -4.121247 -0.346582 2.824841 -4.009265 -0.769818 2.905641 -2.022643 0.209290 2.828904 -0.266278 0.592672 3.583619 0.490464 -17.615223 -13.932830 6.024804 -8.504615 -0.127341 8.682639 13.841992 7.512566 2.884841 -96.009865 -11.678045 -16.300893 -83.996135 24.924016 34.370028 21.871576 -68.923180 0.792710 -21.477722 16.810853 2.450448 103.980443 -14.050041 17.514316 90.887196 8.191403 -38.634921 106.694393 -70.380435 -85.663291 24.667401 -67.675675 3.119013 0.000000 68.701815 0.000000 9.797693 -15.880617 -0.177175 0.000000 -7.885725 0.000000 14.051681 -44.903676 -34.559160 0.000000 41.841356 0.000000 -13.777901 -2.413982 8.945243 0.000000 -8.957321 0.000000
-22.134241 77.256421 -62.315955 1.199413 22.569142 -2.779080 0.137521 2.773976 -4.494958 -0.423849 2.927652 -2.377233 0.210732 3.101185 -0.692700 0.417650 3.365362 0.379995 -18.190491 -13.992068 6.506870 -8.740772 -1.628082 8.477325 13.867451 7.478697 2.699416 -95.367840 -11.990726 -16.402628 -81.996006 25.519455 34.019258 -0.236418 -68.154020 9.656991 -20.601197 16.629869 2.246960 103.068857 -13.729028 18.397622 89.133824 9.476061 -39.848821 95.387077 -70.000980 -74.806308 27.103997 -69.680330 -0.055928 0.000000 70.169304 0.000000 9.487017 -15.465564 -0.443156 0.000000 -7.798008 0.000000 19.180694 -46.502684 -40.232817 0.000000 45.758992 0.000000 -16.678246 2.079995 18.800445 0.000000 -12.029898 0.000000
-22.674648 76.145703 -62.759082 2.339657 23.802774 -1.345202 0.273528 2.408323 -4.803271 -0.331068 2.816976 -2.652823 0.554759 3.321510 -0.943158 0.599951 3.788584 -0.357441 -19.102230 -14.383915 7.050192 -9.165710 -2.972038 8.510978 13.387679 7.682004 2.701077 -93.855072 -10.841997 -15.971513 -78.348538 25.821394 34.102794 12.277409 -60.444641 6.666674 -20.120893 16.475128 2.135275 102.339225 -13.609514 18.873628 86.543064 11.848576 -40.877712 95.061876 -70.676193 -74.093664 30.071575 -71.689147 -4.161660 0.000000 71.402211 0.000000 9.432624 -15.239821 -0.576803 0.000000 -7.872160 0.000000 21.068638 -50.314999 -43.540310 0.000000 50.270414 0.000000 -15.548881 -0.026769 13.415711 0.000000 -10.441276 0.000000
-23.136710 75.156152 -63.129968 3.478126 24.566412 -0.484754 0.557709 2.399698 -4.158255 -0.294012 2.856164 -2.713251 0.749943 3.667750 -1.542198 0.625751 4.316702 -0.961756 -19.722263 -15.080911 6.969409 -9.640676 -4.358547 9.159034 12.728411 8.083738 2.233679 -92.229191 -10.346459 -15.502066 -75.064107 26.180326 34.171057 16.494874 -62.513409 -1.831656 -19.475802 16.051952 1.973736 101.639015 -13.272618 19.164493 85.450567 14.030343 -41.850761 90.605922 -72.952996 -71.968895 31.253520 -73.463790 -6.367489 0.000000 72.589754 0.000000 9.482396 -15.168669 -0.681796 0.000000 -7.782031 0.000000 21.223179 -54.172567 -44.746831 0.000000 54.557416 0.000000 -12.188320 -3.771337 2.395096 0.000000 -8.356126 0.000000
-23.678606 74.185553 -63.453467 3.956034 25.448956 -0.592372 1.058217 2.267244 -2.900852 0.024582 2.824578 -2.549607 0.901365 3.848866 -2.436234 0.473289 4.887465 -1.357597 -20.150751 -15.422896 7.216703 -9.898408 -6.280007 9.231439 12.542474 8.250139 1.857448 -91.199188 -10.404722 -15.387735 -72.926361 27.034986 34.247898 20.518787 -62.955653 -10.497944 -19.040268 15.628631 1.655233 101.288695 -12.971791 19.262408 84.370209 15.385840 -41.752586 91.267996 -72.571070 -72.499828 32.248379 -75.819134 -7.284042 0.000000 73.993083 0.000000 9.045769 -15.148838 -0.939420 0.000000 -7.726432 0.000000 23.872823 -56.740456 -47.091407 0.000000 58.100341 0.000000 -13.502077 -3.418366 2.577002 0.000000 -7.127711 0.000000
-24.116364 73.263965 -63.620569 5.141019 25.140171 -0.047270 1.139096 3.269789 -2.053542 0.192932 3.145764 -2.490711 1.161158 3.763541 -3.151477 0.350445 5.073443 -1.730768 -20.498825 -15.097449 7.547234 -10.054880 -8.711522 9.220106 12.283448 8.575585 1.762922 -90.814327 -10.483907 -15.436804 -71.703200 27.606611 33.554119 6.795590 -64.122208 -0.813155 -19.232810 15.543751 1.376926 101.125306 -12.396697 19.335881 82.131590 15.433615 -40.619303 101.618461 -67.616019 -78.502195 32.762055 -76.730992 -8.067902 0.000000 75.267194 0.000000 8.159251 -15.110347 -1.006969 0.000000 -7.517987 0.000000 25.831991 -56.844684 -49.738279 0.000000 60.652424 0.000000 -14.134406 -2.743583 5.874031 0.000000 -8.954852 0.000000
-24.698470 72.304047 -63.723163 5.801635 25.206402 -0.436429 1.485871 3.357206 -1.055073 0.673703 3.614479 -2.139457 1.386224 3.910328 -3.530916 -0.078050 5.211342 -1.906490 -20.448404 -14.899068 7.663283 -9.985182 -10.535569 8.930814 12.286980 8.727567 1.573812 -90.281838 -9.787981 -15.713690 -68.661301 28.849039 33.150488 -63.347769 -72.511787 48.383493 -19.439474 15.410516 0.863054 101.331582 -12.080335 19.274822 82.110139 16.138384 -40.821528 94.427805 -68.586724 -74.535306 33.137297 -78.525047 -7.841277 0.000000 76.753699 0.000000 6.941529 -15.002820 -0.782595 0.000000 -7.523778 0.000000 26.011937 -57.744735 -50.192556 0.000000 62.878374 0.000000 -13.425596 -3.903497 7.320502 0.000000 -9.158230 0.000000
-25.198708 71.414081 -63.747675 6.387244 24.762964 -0.603459 1.892120 4.109349 -0.449012 1.078044 3.969223 -1.932792 1.275991 3.923286 -3.409312 -0.453613 5.035598 -2.059298 -20.223753 -15.076269 7.526825 -9.839308 -11.048897 8.553169 12.572837 8.915640 1.198810 -89.474178 -8.700705 -16.236512 -67.342795 30.747150 32.374522 -119.489054 -64.501993 90.202624 -19.470519 15.239649 0.316265 101.214362 -11.644865 19.657940 82.023557 16.323469 -40.902912 99.502972 -68.873091 -79.875600 33.276700 -79.565218 -7.370087 0.000000 78.143229 0.000000 5.863621 -15.017172 -0.485441 0.000000 -7.669126 0.000000 25.921445 -58.106613 -50.460757 0.000000 65.079921 0.000000 -13.426947 -5.334109 8.673986 0.000000 -9.689639 0.000000
-25.634497 70.586133 -63.726990 7.069725 24.401555 -0.808580 2.183698 4.752574 -0.081330 1.374301 4.080511 -1.460138 1.027510 3.874428 -2.962533 -0.781644 4.742139 -2.189046 -19.748289 -15.144363 6.728581 -9.784998 -10.925359 8.733248 13.325647 9.710689 0.615703 -89.694538 -9.070761 -16.703530 -68.707965 30.751669 31.899336 -94.238535 -67.578118 76.212205 -19.327494 15.165466 -0.355146 100.958188 -11.970889 20.143841 82.969554 15.738750 -40.270196 95.598776 -69.809012 -75.469085 32.350545 -80.631819 -6.080463 0.000000 79.437017 0.000000 4.928413 -15.121481 -0.251438 0.000000 -7.769442 0.000000 25.288433 -58.493580 -50.440564 0.000000 66.991087 0.000000 -13.079422 -6.749578 9.949084 0.000000 -9.799485 0.000000
-26.104147 69.819513 -63.751239 7.516516 24.674975 -1.393242 2.331898 4.531692 0.389712 1.623867 4.097617 -1.054894 0.974034 3.878179 -2.426808 -0.683341 4.649028 -2.099148 -19.432778 -15.051414 5.976206 -9.765045 -10.854961 8.829072 14.300601 10.501391 0.282524 -90.920726 -9.946758 -17.284738 -69.057399 29.907183 32.394969 -94.238535 -67.578118 76.212205 -19.298214 15.045841 -0.824279 100.535416 -11.919800 20.524271 83.136467 15.144586 -39.654585 96.172578 -69.726082 -75.069814 30.613690 -82.425352 -3.867539 0.000000 80.645709 0.000000 4.076097 -15.157624 -0.482353 0.000000 -7.683729 0.000000 25.009512 -59.578483 -50.425637 0.000000 68.719398 0.000000 -12.786651 -7.600488 11.106840 0.000000 -9.799485 0.000000
-26.572955 69.112451 -63.809906 8.102957 24.932949 -1.725418 2.273903 4.332733 0.544620 1.840310 4.182435 -0.595647 1.053790 3.787936 -1.920780 -0.497573 4.737944 -2.135796 -19.630787 -14.943287 5.967153 -9.731787 -10.823763 8.350120 15.119580 11.079251 0.437388 -92.487541 -11.804636 -17.779191 -68.956776 28.610734 33.276004 -94.238535 -67.578118 76.212205 -19.482400 14.977821 -1.056393 100.217852 -12.186637 20.751758 84.049129 14.618763 -38.868182 95.584884 -70.364854 -74.706102 27.536666 -83.990483 -0.652960 0.000000 81.607917 0.000000 3.425435 -15.125997 -0.752632 0.000000 -7.571847 0.000000 24.841883 -60.656744 -50.703092 0.000000 70.419114 0.000000 -12.576860 -8.373185 11.821561 0.000000 -9.799485 0.000000
-26.995892 68.441907 -63.878961 8.834821 25.172308 -1.603538 2.231541 4.250402 0.553435 1.938731 4.185429 -0.366461 1.090445 3.807669 -1.492759 -0.424523 4.776104 -2.354993 -19.662800 -14.931582 5.748895 -9.817910 -10.587329 8.564400 15.070081 11.209174 0.337555 -91.457732 -10.363793 -18.074289 -68.238384 30.408257 32.202604 -94.238535 -67.578118 76.212205 -19.671521 14.909358 -1.104853 100.329075 -12.270785 20.997758 84.515826 14.426772 -38.708869 94.281467 -71.399120 -73.729912 25.661426 -85.179504 1.001963 0.000000 82.334970 0.000000 3.023994 -14.990597 -0.883120 0.000000 -7.562114 0.000000 25.046752 -61.700095 -51.642682 0.000000 72.108233 0.000000 -12.349380 -9.089183 11.990147 0.000000 -9.799485 0.000000
-27.383459 67.846252 -63.990906 9.601342 25.414444 -1.015496 2.220601 4.262609 0.306997 1.965375 4.078582 -0.406141 0.961937 3.923879 -1.259668 -0.521965 4.689081 -2.168277 -19.464737 -14.921904 5.390154 -9.809391 -10.334175 8.739130 15.029065 11.306874 0.082985 -90.319088 -9.184374 -18.309285 -67.270697 32.071608 31.304883 -94.238535 -67.578118 76.212205 -19.607874 15.030757 -1.332696 100.544719 -12.474182 20.852669 84.579681 14.137710 -38.263826 94.589778 -71.328023 -73.214369 27.990974 -85.994610 -1.802504 0.000000 82.787943 0.000000 2.877593 -14.737791 -0.973836 0.000000 -7.538220 0.000000 26.020648 -62.686739 -53.536520 0.000000 73.746739 0.000000 -12.186721 -9.689111 11.792883 0.000000 -9.799485 0.000000
-27.739096 67.318671 -64.124078 10.169647 25.680552 -0.279962 2.318807 4.329221 -0.182902 1.979084 4.076842 -0.491057 0.737735 3.789503 -0.967748 -0.695310 4.692447 -1.991018 -19.075684 -15.053963 4.908876 -9.765300 -9.960154 9.040023 15.174547 11.319702 -0.278151 -89.262699 -8.475933 -18.413105 -66.328937 33.641499 30.504612 -94.238535 -67.578118 76.212205 -19.403767 14.846687 -1.721404 100.747652 -12.828142 20.907759 84.508708 14.137821 -37.804048 95.093271 -71.009162 -73.066099 34.150591 -86.584114 -8.377177 0.000000 83.116194 0.000000 2.875172 -14.450995 -1.019401 0.000000 -7.553728 0.000000 27.918491 -63.525686 -56.190422 0.000000 75.221104 0.000000 -11.958626 -9.968378 11.604734 0.000000 -9.799485 0.000000
-28.024579 66.859772 -64.234723 10.613817 25.778634 0.592223 2.472651 4.495642 -0.717181 1.841988 4.123679 -0.670043 0.523773 3.756200 -0.836554 -0.785282 4.574305 -1.730832 -18.749867 -14.967089 4.479836 -9.733060 -9.900122 9.320709 15.254560 11.315438 -0.635966 -88.184707 -8.111714 -18.447205 -66.245408 34.995358 29.670526 -94.238535 -67.578118 76.212205 -19.054754 14.701450 -2.105456 100.943705 -12.883603 20.924095 84.304629 14.492129 -37.887135 94.734689 -71.188739 -72.777989 41.744365 -86.763923 -16.358493 0.000000 83.414178 0.000000 2.947017 -14.260692 -1.225717 0.000000 -7.559940 0.000000 30.250568 -63.990100 -59.224622 0.000000 76.555742 0.000000 -11.679646 -10.068875 11.564040 0.000000 -9.799485 0.000000
-28.264154 66.465533 -64.306586 10.871032 25.721250 1.499199 2.625908 4.748701 -1.285272 1.700764 4.229600 -0.876590 0.351585 3.753702 -0.713093 -0.867564 4.427375 -1.574158 -18.255139 -14.903196 3.961702 -9.660551 -9.814224 9.703764 15.323773 11.313930 -1.043222 -86.975701 -7.958586 -18.391638 -66.547689 36.356511 28.734368 -94.238535 -67.578118 76.212205 -18.695307 14.638068 -2.412574 101.238576 -12.917068 20.776999 83.747109 15.211193 -37.955644 96.046223 -71.085181 -74.367223 49.026098 -86.561547 -23.822373 0.000000 83.687811 0.000000 2.974775 -14.185312 -1.507581 0.000000 -7.529109 0.000000 32.767049 -64.079688 -62.235821 0.000000 77.741895 0.000000 -11.479668 -10.175654 11.524191 0.000000 -9.799485 0.000000
-28.506836 66.144629 -64.355573 10.975689 25.712943 2.196478 2.757863 4.937921 -1.667773 1.641074 4.312437 -1.058695 0.238499 3.788550 -0.668013 -0.958263 4.179396 -1.443703 -17.962830 -14.720728 3.533089 -9.648909 -9.831311 10.035157 15.108528 11.246054 -1.470311 -85.439014 -7.918282 -18.344258 -67.594870 37.771623 27.543499 -94.238535 -67.578118 76.212205 -18.328626 14.528351 -2.714274 101.547860 -12.842623 20.798461 83.535036 15.362985 -38.167186 95.146813 -71.144395 -73.432487 55.364844 -86.378728 -30.088951 0.000000 83.919985 0.000000 2.868041 -14.105821 -1.925126 0.000000 -7.537120 0.000000 35.030410 -64.140775 -64.754415 0.000000 78.735922 0.000000 -11.393134 -10.272004 11.547503 0.000000 -9.799485 0.000000
-28.777350 65.885620 -64.395197 10.978634 25.729255 2.632592 2.904339 5.117470 -1.804387 1.647255 4.311483 -1.243792 0.387855 3.902227 -0.811368 -0.799956 4.044147 -1.513213 -18.219775 -14.607948 3.884582 -9.642971 -9.733360 9.789742 14.406535 10.856079 -1.447416 -84.127527 -7.849456 -18.389733 -68.804510 38.751980 26.551722 -94.238535 -67.578118 76.212205 -18.119816 14.269792 -2.452710 101.460515 -12.841045 20.987123 83.613897 15.481355 -38.168188 94.685172 -71.087305 -73.051761 60.306607 -86.272946 -34.779460 0.000000 84.058893 0.000000 2.668429 -13.993551 -2.133302 0.000000 -7.522051 0.000000 36.801689 -64.220301 -66.577771 0.000000 79.543801 0.000000 -11.341419 -10.383075 11.682394 0.000000 -9.799485 0.000000
-29.058020 65.651654 -64.413440 10.851876 25.620708 2.831903 3.064367 5.406367 -1.762291 1.833684 4.446590 -1.341583 0.378483 3.875288 -1.032624 -0.836622 3.859954 -1.472279 -18.115212 -14.690087 3.872634 -9.566882 -9.288641 9.743382 13.773701 10.593801 -1.578362 -82.741048 -7.818956 -18.261645 -70.343749 39.693527 25.449670 -94.238535 -67.578118 76.212205 -17.866357 14.058997 -2.349897 101.517439 -12.700910 21.025646 83.496835 15.790700 -38.286194 94.660337 -71.242602 -73.377905 61.978975 -86.255825 -36.043619 0.000000 84.227674 0.000000 2.418092 -13.900785 -2.339061 0.000000 -7.462985 0.000000 38.015872 -64.237882 -67.677577 0.000000 80.221126 0.000000 -11.261323 -10.431749 12.014138 0.000000 -9.799485 0.000000
-29.312256 65.425757 -64.421460 10.783402 25.530194 2.975689 3.208574 5.690565 -1.658904 1.969773 4.439418 -1.365720 0.376153 3.821342 -1.185160 -0.886299 3.899077 -1.482049 -18.144823 -14.922574 3.875368 -9.548977 -8.806165 9.644620 13.116674 9.901075 -1.648425 -81.359422 -7.937321 -18.483209 -71.910335 40.606237 24.316083 -94.238535 -67.578118 76.212205 -17.510641 13.666833 -2.289633 101.585280 -12.445122 21.090279 83.358404 15.830653 -38.553139 94.616688 -71.103261 -73.214689 63.084787 -86.296646 -36.825339 0.000000 84.380220 0.000000 2.200720 -13.822215 -2.494273 0.000000 -7.431980 0.000000 38.848762 -64.322679 -68.486349 0.000000 80.811862 0.000000 -11.200307 -10.593674 12.264861 0.000000 -9.799485 0.000000
-29.555118 65.224792 -64.423700 10.736604 25.556511 3.074661 3.364897 5.721411 -1.538476 2.036046 4.565947 -1.331610 0.431095 3.752622 -1.304801 -0.927436 3.808042 -1.555853 -18.160752 -14.966400 3.780897 -9.554419 -8.443082 9.665873 12.588993 9.376801 -1.647102 -80.298516 -8.058726 -18.752030 -73.450847 41.067402 23.477985 -94.238535 -67.578118 76.212205 -17.190268 13.397688 -2.194151 101.461479 -12.359243 21.175904 83.328881 16.031434 -38.587154 94.524600 -71.138594 -73.078332 65.946999 -86.407287 -39.370809 0.000000 84.512650 0.000000 1.988399 -13.724677 -2.606319 0.000000 -7.376935 0.000000 39.630310 -64.537220 -69.291163 0.000000 81.349676 0.000000 -11.119100 -10.747569 12.555338 0.000000 -9.799485 0.000000
-29.792557 65.059839 -64.430817 10.729820 25.774057 3.067635 3.433904 5.552204 -1.223433 2.005165 4.570898 -1.324207 0.578302 3.756730 -1.538328 -0.882057 3.663173 -1.646283 -18.399994 -14.944863 3.970823 -9.523598 -8.082173 9.247053 12.025835 8.935830 -1.547005 -79.203289 -7.983936 -18.940141 -74.649294 41.649579 22.642289 -94.238535 -67.578118 76.212205 -16.970188 13.211125 -2.026938 101.409354 -12.272862 21.228364 83.353565 16.224530 -38.463055 94.166877 -70.985768 -72.966057 71.546992 -86.664565 -44.685029 0.000000 84.581464 0.000000 1.759964 -13.570225 -2.638188 0.000000 -7.296687 0.000000 40.316531 -65.008973 -70.048574 0.000000 81.810565 0.000000 -11.049714 -10.911020 12.730339 0.000000 -9.799485 0.000000
-30.026215 64.928864 -64.448639 10.769496 26.080526 2.940550 3.449259 5.303965 -0.832151 2.129272 4.496114 -1.225999 0.626833 3.756670 -1.686752 -0.899136 3.618576 -1.738100 -18.461150 -14.967405 3.896154 -9.518633 -7.822070 9.112846 11.641362 8.615106 -1.547997 -78.456614 -7.964010 -19.124084 -75.674639 41.825705 22.155837 -94.238535 -67.578118 76.212205 -16.719102 13.082869 -2.006665 101.285506 -12.257047 21.158376 83.357028 16.488615 -38.398938 93.300731 -71.014358 -72.258714 79.178991 -87.057831 -52.088303 0.000000 84.605378 0.000000 1.531133 -13.303098 -2.729692 0.000000 -7.279562 0.000000 40.762543 -65.653933 -70.612315 0.000000 82.182143 0.000000 -10.955405 -11.009838 12.885227 0.000000 -9.799485 0.000000
-30.243640 64.837097 -64.464636 10.771513 26.384568 2.746837 3.439564 5.063429 -0.369297 2.335717 4.430228 -1.024498 0.705327 3.718090 -1.886506 -0.953853 3.517265 -2.014809 -18.605709 -14.900848 3.941775 -9.511854 -7.630384 8.878054 11.278964 8.533796 -1.453857 -77.762884 -7.824826 -19.021741 -76.529544 42.059391 21.676840 -94.238535 -67.578118 76.212205 -16.378225 12.770860 -1.830313 101.004464 -12.294655 21.354358 83.348800 16.925888 -38.279944 92.964120 -71.120669 -72.310534 88.380780 -87.398855 -61.032336 0.000000 84.601215 0.000000 1.314016 -13.093163 -2.796536 0.000000 -7.239455 0.000000 41.000934 -66.361384 -70.979566 0.000000 82.457091 0.000000 -10.763478 -11.046785 12.974286 0.000000 -9.799485 0.000000
-30.453198 64.773926 -64.487665 10.833045 26.765044 2.575275 3.307357 4.749950 0.102417 2.388037 4.337736 -0.953912 0.809591 3.654560 -2.043823 -0.878040 3.432380 -2.077357 -18.667453 -14.866596 3.819610 -9.501624 -7.494075 8.677161 11.119814 8.420687 -1.495487 -77.261655 -7.742537 -19.079219 -77.293752 42.174280 21.317815 -94.238535 -67.578118 76.212205 -16.139024 12.502024 -1.815312 100.839016 -12.263143 21.431590 83.292111 17.288127 -38.187336 93.000973 -71.252881 -72.677122 100.657270 -87.674098 -73.144827 0.000000 84.543262 0.000000 1.132023 -12.897263 -2.930807 0.000000 -7.194010 0.000000 41.187188 -67.140174 -71.385378 0.000000 82.666173 0.000000 -10.606114 -11.097622 13.165024 0.000000 -9.799485 0.000000
-30.640622 64.745752 -64.524072 10.895093 27.154233 2.549583 3.273447 4.485330 0.339592 2.441673 4.079935 -0.844929 0.833771 3.709258 -1.968268 -0.861814 3.333573 -2.266303 -18.679532 -14.853546 3.632158 -9.485789 -7.366263 8.507163 11.002853 8.389641 -1.580791 -76.823364 -7.620560 -19.052782 -77.907956 42.253603 21.036471 -94.238535 -67.578118 76.212205 -15.819907 12.180057 -1.838621 100.611655 -12.225663 21.568621 83.259714 17.645878 -38.135214 92.621743 -71.398700 -72.598709 112.372119 -87.623383 -84.717881 0.000000 84.412351 0.000000 0.953054 -12.682138 -2.973030 0.000000 -7.093319 0.000000 41.592836 -67.842379 -72.086652 0.000000 82.805180 0.000000 -10.370632 -11.114666 13.310628 0.000000 -9.799485 0.000000
-30.810760 64.732147 -64.556061 10.985736 27.550512 2.587242 3.178890 4.196511 0.486125 2.433643 3.847459 -0.749990 0.849449 3.673677 -1.910933 -0.774118 3.325878 -2.254711 -18.690289 -14.900484 3.450441 -9.445839 -7.286223 8.190200 10.975498 8.165264 -1.715449 -76.515937 -7.611773 -19.325777 -78.548417 42.225833 20.831443 -94.238535 -67.578118 76.212205 -15.597500 11.849368 -1.970825 100.437427 -12.194866 21.621184 83.327296 17.813965 -38.015487 92.211629 -71.445129 -72.388679 121.911545 -87.438101 -94.174260 0.000000 84.240552 0.000000 0.809374 -12.429803 -3.043758 0.000000 -6.968494 0.000000 42.083628 -68.500103 -72.922307 0.000000 82.915709 0.000000 -10.102434 -11.099041 13.497730 0.000000 -9.799485 0.000000
-30.971365 64.746368 -64.587073 11.047694 27.824277 2.705998 3.068438 3.995549 0.508886 2.426367 3.717262 -0.633015 0.886796 3.630215 -1.788323 -0.704946 3.256466 -2.280603 -18.632435 -14.894454 3.105492 -9.438422 -7.290014 8.085980 10.948041 8.225260 -1.911412 -76.195367 -7.547975 -19.328430 -79.148552 42.204574 20.634076 -94.238535 -67.578118 76.212205 -15.370656 11.540027 -2.147545 100.349930 -12.129086 21.646689 83.582734 17.711549 -37.851619 90.883704 -71.468527 -71.277470 125.270502 -87.178527 -97.424422 0.000000 83.987965 0.000000 0.640658 -12.165516 -3.078046 0.000000 -6.901368 0.000000 42.536121 -69.025133 -73.706446 0.000000 82.985378 0.000000 -9.872630 -11.053330 13.650238 0.000000 -9.799485 0.000000
-31.109537 64.781506 -64.617456 11.022133 27.973565 2.891221 3.025169 3.955089 0.470057 2.449823 3.587870 -0.598840 0.874328 3.505330 -1.704363 -0.671691 3.286781 -2.140883 -18.455209 -14.917533 2.728229 -9.386069 -7.365738 7.970496 10.979999 8.215313 -2.184941 -76.007655 -7.536757 -19.381347 -79.627610 42.181876 20.482144 -94.238535 -67.578118 76.212205 -15.089808 11.241158 -2.408055 100.218443 -12.036436 21.593760 83.683497 17.753059 -37.821320 90.588853 -71.593717 -70.993211 124.084994 -86.915882 -96.085641 0.000000 83.720050 0.000000 0.515479 -11.902921 -3.054204 0.000000 -6.867266 0.000000 42.980224 -69.415980 -74.415387 0.000000 82.999909 0.000000 -9.615575 -11.052297 13.516926 0.000000 -9.799485 0.000000
-31.250143 64.846570 -64.646509 10.949259 28.104630 3.153133 3.045818 3.881834 0.351909 2.450352 3.506352 -0.636396 0.848452 3.448652 -1.590245 -0.641986 3.320477 -2.001833 -18.399681 -14.981860 2.514847 -9.356880 -7.510372 7.762890 11.056401 8.243354 -2.439222 -75.909289 -7.580977 -19.282465 -80.029619 42.089486 20.415686 -94.238535 -67.578118 76.212205 -14.812513 10.929949 -2.609097 100.152938 -11.990347 21.502830 83.900500 17.774213 -37.775426 90.569006 -71.764101 -71.300331 121.121330 -86.583562 -92.943950 0.000000 83.412722 0.000000 0.420281 -11.691852 -3.005116 0.000000 -6.832450 0.000000 43.673671 -69.682800 -75.309087 0.000000 82.991204 0.000000 -9.428162 -10.991647 13.566567 0.000000 -9.799485 0.000000
-31.395050 64.945502 -64.663043 10.813270 28.203152 3.382889 3.075002 3.797679 0.189021 2.497664 3.468143 -0.611590 0.822945 3.366967 -1.494765 -0.606559 3.333445 -1.839660 -18.234927 -14.982709 2.100862 -9.345725 -7.626138 7.788914 11.088239 8.483651 -2.795347 -75.785816 -7.495711 -18.952873 -80.447629 42.128066 20.234435 -94.238535 -67.578118 76.212205 -14.603037 10.728377 -2.898896 100.116583 -11.935293 21.383280 84.261951 17.608724 -37.698714 89.302177 -71.799283 -70.222329 117.956936 -86.298410 -89.563366 0.000000 83.107349 0.000000 0.356032 -11.470528 -3.091747 0.000000 -6.799096 0.000000 44.304728 -69.932920 -76.055473 0.000000 82.942937 0.000000 -9.258283 -10.920973 13.380388 0.000000 -9.799485 0.000000
-31.550345 65.073950 -64.679340 10.599648 28.229345 3.600060 3.139209 3.745657 0.059865 2.563960 3.523398 -0.641381 0.816532 3.320670 -1.464429 -0.564646 3.296656 -1.658924 -18.087224 -15.034588 1.789347 -9.315101 -7.681490 7.738399 11.175039 8.620288 -3.041148 -75.708951 -7.446353 -18.762921 -80.768218 42.172775 20.081271 -94.238535 -67.578118 76.212205 -14.356732 10.486997 -3.096384 100.018838 -11.896497 21.328034 84.442753 17.685557 -37.723041 88.170520 -72.064880 -69.119040 113.648015 -86.027140 -84.979558 0.000000 82.771750 0.000000 0.293952 -11.246445 -3.160063 0.000000 -6.824397 0.000000 44.964000 -70.044760 -76.713538 0.000000 82.887033 0.000000 -9.155903 -10.862031 13.324841 0.000000 -9.799485 0.000000
-31.682263 65.213550 -64.697052 10.369171 28.299492 3.733706 3.207208 3.701720 0.059843 2.635815 3.442143 -0.671041 0.856979 3.295329 -1.348184 -0.523696 3.353732 -1.746404 -18.123809 -15.117938 1.705939 -9.316285 -7.648476 7.595477 11.375214 8.659102 -3.195987 -75.806195 -7.358218 -18.623681 -81.004581 42.065235 20.088050 -94.238535 -67.578118 76.212205 -14.261724 10.287174 -3.222847 100.076205 -11.880367 21.251209 84.746535 17.554710 -37.698966 86.121558 -72.189735 -67.184602 110.404663 -85.845217 -81.501677 0.000000 82.426187 0.000000 0.301713 -11.085089 -3.320639 0.000000 -6.868999 0.000000 45.425549 -70.257213 -77.164794 0.000000 82.758922 0.000000 -9.026858 -10.753761 13.256267 0.000000 -9.799485 0.000000
-31.816843 65.354919 -64.704315 10.125318 28.341598 3.862795 3.266438 3.605853 0.003301 2.715546 3.459294 -0.664514 0.891056 3.331368 -1.325277 -0.469449 3.283671 -1.729628 -18.155651 -15.086027 1.582443 -9.355007 -7.754743 7.621397 11.935565 9.197306 -3.333464 -76.515176 -7.117100 -18.068889 -80.585795 41.588738 20.639778 -94.238535 -67.578118 76.212205 -14.199421 10.190370 -3.264669 100.159059 -11.897057 21.104736 85.095914 17.358420 -37.523894 82.637493 -72.221292 -63.768496 106.601628 -85.672550 -77.459047 0.000000 82.053621 0.000000 0.313665 -10.970670 -3.449741 0.000000 -6.803379 0.000000 45.804610 -70.410963 -77.470684 0.000000 82.620734 0.000000 -8.991964 -10.696571 13.138034 0.000000 -9.799485 0.000000
-31.952545 65.505408 -64.702899 9.884580 28.430556 3.991296 3.342202 3.505855 -0.015904 2.762262 3.408567 -0.735763 0.947191 3.304304 -1.353957 -0.365917 3.247383 -1.534069 -18.246086 -15.014379 1.438716 -9.409381 -7.885212 7.593392 11.849859 9.063357 -3.356862 -76.170958 -7.764586 -18.461581 -81.334462 42.055712 19.979557 -94.238535 -67.578118 76.212205 -14.156329 10.158969 -3.387106 100.129363 -11.905483 20.983080 85.599539 17.309166 -37.460959 79.871450 -72.677520 -61.513354 103.211494 -85.509420 -73.876533 0.000000 81.645883 0.000000 0.365319 -10.843743 -3.595314 0.000000 -6.754905 0.000000 46.200385 -70.549687 -77.763185 0.000000 82.435905 0.000000 -8.924918 -10.630123 13.082581 0.000000 -9.799485 0.000000
-32.073611 65.676941 -64.702710 9.688618 28.413533 4.238788 3.475349 3.514145 -0.159230 2.716714 3.429679 -0.772628 0.965340 3.310121 -1.322440 -0.336430 3.055778 -1.483548 -18.290489 -15.010623 1.321481 -9.441347 -7.766143 7.620676 13.169260 10.378770 -3.580406 -77.930538 -6.740276 -17.147108 -79.822589 40.879497 21.495258 -94.238535 -67.578118 76.212205 -14.130209 10.205082 -3.433518 100.228906 -11.805750 20.886768 86.267632 17.055922 -37.530596 75.927363 -73.339276 -58.042223 97.868198 -85.269192 -68.447097 0.000000 81.202306 0.000000 0.506217 -10.735462 -3.796469 0.000000 -6.645275 0.000000 46.466838 -70.502611 -77.978182 0.000000 82.209485 0.000000 -8.840267 -10.529950 13.116401 0.000000 -9.799485 0.000000
-32.204996 65.869366 -64.707867 9.555011 28.488514 4.502978 3.558716 3.503016 -0.255306 2.704512 3.278825 -0.850346 0.980613 3.218708 -1.295729 -0.283052 3.111153 -1.408963 -18.451143 -14.964607 1.204793 -9.521836 -7.729980 7.625818 13.308667 10.735513 -3.763628 -78.030680 -6.649927 -16.865378 -80.371463 40.697041 21.464933 -94.238535 -67.578118 76.212205 -14.136458 10.210522 -3.518710 100.358352 -11.850438 20.794254 86.535823 16.900848 -37.412720 75.802329 -73.245833 -57.582634 94.044259 -84.992543 -64.598146 0.000000 80.714081 0.000000 0.650738 -10.573627 -4.006718 0.000000 -6.532461 0.000000 46.834415 -70.516833 -78.325515 0.000000 81.966001 0.000000 -8.801551 -10.420556 13.134541 0.000000 -9.799485 0.000000
-32.344321 66.082513 -64.707751 9.326018 28.570152 4.590308 3.594361 3.375344 -0.294580 2.792386 3.313670 -0.804944 0.997026 3.193016 -1.336906 -0.197009 2.900690 -1.273614 -18.574147 -14.933314 1.140118 -9.538824 -7.617782 7.456134 14.954627 12.418978 -3.945963 -80.281254 -5.908600 -15.594137 -78.081169 39.243232 23.394965 -94.238535 -67.578118 76.212205 -14.251350 10.259578 -3.647253 100.490172 -11.789609 20.759326 86.971810 16.651591 -37.231642 77.412877 -73.065306 -58.611603 90.818739 -84.856505 -61.265003 0.000000 80.241892 0.000000 0.788784 -10.397727 -4.212135 0.000000 -6.474473 0.000000 46.975696 -70.629108 -78.329622 0.000000 81.708864 0.000000 -8.767272 -10.319690 13.233826 0.000000 -9.799485 0.000000
-32.473929 66.323016 -64.715253 9.126954 28.678740 4.654386 3.631323 3.370343 -0.173774 2.812439 3.176173 -0.766269 1.061512 3.145064 -1.341064 -0.140051 2.805219 -1.635883 -18.726786 -14.874018 1.179651 -9.616705 -7.463759 7.601028 15.475062 12.457267 -3.853340 -80.484134 -5.311735 -15.529660 -78.543855 38.941814 23.495920 -94.238535 -67.578118 76.212205 -14.363607 10.279475 -3.441991 100.934140 -11.555609 20.724245 87.155898 16.497442 -37.260023 74.876354 -72.795855 -56.311934 87.899487 -84.754332 -58.300739 0.000000 79.732504 0.000000 0.987421 -10.159677 -4.409640 0.000000 -6.466803 0.000000 46.992968 -70.798522 -78.233979 0.000000 81.397083 0.000000 -8.734561 -10.237016 13.219184 0.000000 -9.799485 0.000000
-32.607095 66.565894 -64.707312 8.972347 28.790824 4.717211 3.691177 3.289522 -0.101472 2.863681 3.088792 -0.752984 1.063107 2.986446 -1.393777 -0.114844 2.775577 -1.494777 -18.744545 -14.811125 0.938074 -9.654683 -7.378985 7.659717 14.916273 11.913565 -3.903651 -78.763172 -6.275877 -16.352061 -78.306297 41.262485 21.698980 -94.238535 -67.578118 76.212205 -14.426744 10.328260 -3.534501 101.031753 -11.437163 20.661745 87.409193 16.409804 -37.043624 77.359144 -72.561132 -58.156072 85.169621 -84.649876 -55.549874 0.000000 79.210047 0.000000 1.161351 -9.860886 -4.586771 0.000000 -6.496043 0.000000 46.860226 -70.977306 -78.016584 0.000000 81.081382 0.000000 -8.686608 -10.193068 13.105984 0.000000 -9.799485 0.000000
-32.752084 66.814935 -64.690979 8.778778 28.922939 4.806678 3.689736 3.153960 0.014434 2.828358 2.881223 -0.835378 1.136876 2.991066 -1.599790 0.017466 2.812356 -1.279914 -18.805648 -14.753699 0.845633 -9.667483 -7.320878 7.579618 14.224024 11.330742 -3.824419 -76.862524 -7.406228 -17.000001 -79.635096 43.491773 19.397150 -94.238535 -67.578118 76.212205 -14.388250 10.367306 -3.594848 101.093567 -11.316340 20.639840 88.201116 15.992318 -37.003564 68.857044 -73.057832 -50.907352 82.133835 -84.500678 -52.481823 0.000000 78.634279 0.000000 1.357687 -9.585175 -4.788791 0.000000 -6.448945 0.000000 46.810843 -71.154037 -77.848172 0.000000 80.745771 0.000000 -8.622010 -10.169633 12.968774 0.000000 -9.799485 0.000000
-32.896844 67.057196 -64.682489 8.618161 29.041144 4.898315 3.677210 2.943604 0.007297 2.910203 2.881365 -0.767693 1.256656 2.877765 -1.520206 0.120758 2.813292 -1.424156 -19.031138 -14.647274 0.874715 -9.711948 -7.244441 7.394310 14.619198 11.809013 -3.875040 -77.560378 -7.223035 -16.801955 -79.193237 42.917058 20.035361 -94.238535 -67.578118 76.212205 -14.565861 10.456048 -3.537873 101.207006 -11.161642 20.585772 88.695440 15.732736 -36.947897 66.083187 -73.276830 -48.400028 79.371746 -84.333549 -49.708961 0.000000 78.062229 0.000000 1.554543 -9.308229 -4.970954 0.000000 -6.462590 0.000000 46.698990 -71.323042 -77.647591 0.000000 80.411859 0.000000 -8.544405 -10.133179 12.853991 0.000000 -9.799485 0.000000
-33.045413 67.306378 -64.677356 8.430168 29.169808 4.977835 3.725851 2.892559 0.075709 2.978519 2.711339 -0.750705 1.318103 2.663497 -1.539136 0.179306 2.898600 -1.519721 -19.147773 -14.613829 0.846219 -9.735060 -7.088340 7.301980 15.217660 12.424198 -3.955914 -78.385935 -6.654626 -16.392490 -79.141289 42.092427 20.732844 -94.238535 -67.578118 76.212205 -14.657015 10.487857 -3.547602 101.341671 -11.110291 20.660613 89.558013 15.354404 -36.908822 58.093457 -73.341416 -41.584671 76.405883 -84.169979 -46.735526 0.000000 77.488034 0.000000 1.786266 -9.145475 -5.246905 0.000000 -6.366886 0.000000 46.565169 -71.535682 -77.428064 0.000000 80.059085 0.000000 -8.431796 -10.123128 12.737363 0.000000 -9.799485 0.000000
-33.191418 67.570087 -64.671362 8.174813 29.238326 5.105940 3.770491 2.755787 -0.009645 3.082484 2.651595 -0.717967 1.353255 2.677886 -1.486206 0.189147 2.798249 -1.520943 -19.243775 -14.570961 0.741949 -9.756642 -6.928161 7.208124 14.438913 11.636344 -3.844578 -76.236477 -7.779019 -17.180081 -80.994465 44.536853 17.991984 -94.238535 -67.578118 76.212205 -14.696404 10.597280 -3.614241 101.371217 -10.896261 20.524373 89.271227 15.484669 -36.726341 63.596198 -72.943754 -45.544365 73.005434 -83.862438 -43.260955 0.000000 76.884413 0.000000 1.990119 -8.993977 -5.558655 0.000000 -6.328707 0.000000 46.511699 -71.659324 -77.260160 0.000000 79.692542 0.000000 -8.270575 -10.074228 12.624514 0.000000 -9.799485 0.000000
-33.334897 67.831110 -64.664270 7.877452 29.295589 5.198602 3.814793 2.644460 -0.031007 3.138757 2.597624 -0.724432 1.415920 2.619584 -1.509305 0.243719 2.723604 -1.564721 -19.355047 -14.468285 0.778066 -9.755725 -6.814848 7.056072 14.016407 11.217168 -3.690542 -74.879791 -8.379095 -17.760124 -82.699751 45.806614 16.195411 -94.238535 -67.578118 76.212205 -14.688691 10.707929 -3.596330 101.416717 -10.845363 20.508764 89.917018 15.188542 -36.569956 54.202627 -72.668772 -37.420236 69.733347 -83.535592 -39.868268 0.000000 76.274288 0.000000 2.173118 -8.856828 -5.868867 0.000000 -6.246349 0.000000 46.411395 -71.799056 -77.005709 0.000000 79.317477 0.000000 -8.118692 -10.006359 12.473274 0.000000 -9.799485 0.000000
-33.468430 68.095428 -64.652905 7.515057 29.260009 5.327238 3.974875 2.694150 -0.088709 3.199018 2.516728 -0.753552 1.411617 2.486019 -1.331081 0.177049 2.657205 -1.756186 -19.464488 -14.339433 0.738188 -9.754252 -6.726459 6.860736 14.866410 11.911181 -3.796627 -75.826061 -7.572912 -17.334057 -82.704014 44.616325 17.240082 -94.238535 -67.578118 76.212205 -14.836601 10.913195 -3.682676 101.754436 -10.777731 20.243383 89.879899 15.081915 -36.325186 54.674807 -72.338829 -37.765813 66.231325 -83.063915 -36.191126 0.000000 75.658816 0.000000 2.358235 -8.713464 -6.164788 0.000000 -6.207203 0.000000 46.275742 -71.866311 -76.703713 0.000000 78.937804 0.000000 -7.870983 -9.937919 12.195410 0.000000 -9.799485 0.000000
-33.602835 68.377185 -64.636505 7.104477 29.166068 5.443773 4.054852 2.768042 -0.061668 3.251434 2.496813 -0.805539 1.486309 2.378022 -1.473184 0.268851 2.578749 -1.682742 -19.632560 -14.259192 0.654556 -9.798117 -6.607585 6.727705 15.429411 12.575819 -3.932973 -76.602551 -7.102279 -16.986323 -82.829017 43.717203 17.981371 -94.238535 -67.578118 76.212205 -14.946951 10.991753 -3.726422 101.885407 -10.733056 20.155991 90.544478 14.671010 -36.069382 48.795439 -71.818646 -33.039846 62.917968 -82.499255 -32.647329 0.000000 75.041491 0.000000 2.523853 -8.604277 -6.495717 0.000000 -6.098504 0.000000 45.996269 -71.906555 -76.235347 0.000000 78.542272 0.000000 -7.588987 -9.865461 11.942896 0.000000 -9.799485 0.000000
-33.728906 68.679358 -64.616302 6.654022 28.988295 5.600470 4.173157 2.867185 -0.159709 3.354472 2.590106 -0.763626 1.361692 2.299086 -1.438997 0.089550 2.377011 -1.713787 -19.502555 -14.226197 0.347583 -9.759832 -6.409029 6.729998 15.467554 12.379995 -4.115656 -75.767045 -7.395371 -17.345320 -84.419331 44.072104 17.038818 -94.238535 -67.578118 76.212205 -14.903070 11.143270 -3.961571 102.280279 -10.652351 19.851336 90.381963 14.929325 -35.891820 48.931513 -71.893166 -33.951207 59.856294 -81.783713 -29.338719 0.000000 74.412994 0.000000 2.706702 -8.535776 -6.727113 0.000000 -6.007472 0.000000 45.571865 -71.884766 -75.661476 0.000000 78.121694 0.000000 -7.231646 -9.818221 11.764227 0.000000 -9.799485 0.000000
-33.861511 68.981842 -64.594409 6.166407 28.820767 5.735022 4.311078 3.040619 -0.212206 3.423828 2.544302 -0.743670 1.268279 2.131978 -1.433997 -0.060794 2.351564 -1.746993 -19.331638 -14.220701 0.049343 -9.705412 -6.164464 6.756847 15.569251 12.356458 -4.366970 -75.160563 -6.880981 -17.328523 -85.805269 43.991109 16.561256 -94.238535 -67.578118 76.212205 -14.764057 11.248748 -4.193784 102.534580 -10.705447 19.635571 90.855256 14.639528 -35.611725 45.851658 -71.729610 -31.794695 57.413354 -81.063158 -26.610814 0.000000 73.800759 0.000000 2.889898 -8.464827 -6.963856 0.000000 -5.891482 0.000000 45.180937 -71.881201 -75.088298 0.000000 77.694267 0.000000 -6.867213 -9.769276 11.438441 0.000000 -9.799485 0.000000
-33.982712 69.299713 -64.572382 5.649121 28.648093 5.985121 4.428887 3.119931 -0.307224 3.476368 2.520037 -0.799913 1.196334 2.233388 -1.469757 -0.155430 2.243228 -1.733049 -19.245809 -14.284333 -0.222413 -9.680687 -5.939452 6.725754 16.032812 12.671923 -4.671803 -75.315013 -6.505941 -17.088512 -86.187621 43.491552 16.873701 -94.238535 -67.578118 76.212205 -14.690952 11.252562 -4.378453 102.874001 -10.628187 19.346192 90.504785 15.148201 -35.504128 47.662590 -72.117231 -34.251547 55.594773 -80.177569 -24.514072 0.000000 73.133522 0.000000 3.077635 -8.302190 -7.215309 0.000000 -5.867440 0.000000 45.043760 -71.818765 -74.821242 0.000000 77.231531 0.000000 -6.430012 -9.663267 11.139734 0.000000 -9.799485 0.000000
-34.095337 69.601636 -64.557135 5.153172 28.443975 6.266165 4.490641 3.242798 -0.457642 3.490859 2.627420 -0.813750 1.148102 2.074035 -1.389987 -0.255683 2.203401 -1.839273 -19.062653 -14.318119 -0.593155 -9.642166 -5.754761 6.795748 16.537450 13.053007 -4.952523 -75.423376 -6.045018 -16.840153 -86.224860 43.061273 17.262242 -94.238535 -67.578118 76.212205 -14.567554 11.183540 -4.568316 103.151354 -10.547464 19.230144 89.845612 15.292346 -35.279609 56.123721 -71.977506 -40.785531 54.131935 -79.221585 -22.799873 0.000000 72.432243 0.000000 3.278619 -8.112158 -7.338299 0.000000 -5.807780 0.000000 44.786249 -71.745172 -74.498596 0.000000 76.749177 0.000000 -5.968376 -9.524708 11.010185 0.000000 -9.799485 0.000000
-34.218869 69.892004 -64.547864 4.549223 28.268463 6.380697 4.663211 3.317266 -0.427629 3.581981 2.621653 -0.782619 1.005050 2.069026 -1.403115 -0.479327 2.238067 -1.953915 -18.838850 -14.472201 -0.940296 -9.577780 -5.459916 6.831423 16.595860 12.839693 -5.216301 -74.603923 -5.748324 -16.851355 -87.526670 43.226927 16.600618 -94.238535 -67.578118 76.212205 -14.275856 11.014078 -4.847874 103.454663 -10.531708 19.064531 89.038118 15.556678 -35.053475 63.021787 -71.393725 -46.206608 52.736195 -78.399311 -21.030964 0.000000 71.775719 0.000000 3.460741 -7.960687 -7.532419 0.000000 -5.753690 0.000000 44.261885 -71.811503 -73.796950 0.000000 76.212643 0.000000 -5.500075 -9.414934 10.607397 0.000000 -9.799485 0.000000
-34.322018 70.208392 -64.543085 3.993116 28.216291 6.641631 4.774387 3.217103 -0.470225 3.626951 2.620940 -0.860336 0.915639 2.156474 -1.439209 -0.650565 2.196739 -1.988695 -18.648126 -14.517675 -1.292651 -9.539598 -5.315406 6.920222 16.644432 12.668240 -5.479507 -73.980399 -5.447260 -17.006648 -88.675216 43.373994 16.003248 -94.238535 -67.578118 76.212205 -13.995299 10.961554 -5.030979 103.679362 -10.461451 18.799594 88.774986 15.998752 -35.013883 65.367272 -71.693531 -48.738638 52.131001 -77.515780 -20.142137 0.000000 71.055072 0.000000 3.696225 -7.779020 -7.873986 0.000000 -5.741265 0.000000 44.149163 -71.901914 -73.614750 0.000000 75.633663 0.000000 -4.985693 -9.321241 10.227232 0.000000 -9.799485 0.000000
-34.432126 70.541504 -64.536505 3.314059 28.198675 6.795014 4.952149 3.143017 -0.388004 3.717259 2.615889 -1.011873 0.894526 2.133040 -1.475983 -0.738162 2.256355 -2.077235 -18.696080 -14.580108 -1.519291 -9.586040 -5.196866 6.951497 17.080088 12.964167 -5.667815 -74.206958 -5.053898 -16.769857 -88.973879 43.061085 16.190731 -94.238535 -67.578118 76.212205 -13.868636 10.823182 -5.182879 103.892555 -10.443158 18.644555 88.406264 16.286578 -34.882691 66.217611 -71.410631 -49.406380 51.531105 -76.687849 -19.130703 0.000000 70.353168 0.000000 3.884550 -7.657628 -8.343420 0.000000 -5.684589 0.000000 44.070444 -72.080393 -73.354007 0.000000 75.042294 0.000000 -4.467633 -9.135322 9.838674 0.000000 -9.799485 0.000000
-34.550662 70.875195 -64.533856 2.523761 28.225815 6.866918 5.085786 3.038561 -0.362355 3.861134 2.597888 -0.961055 0.858204 2.077401 -1.603104 -0.840455 2.289679 -2.174123 -18.689041 -14.621224 -1.850078 -9.637972 -5.054380 7.108932 17.550175 13.309497 -5.898854 -74.247867 -4.682317 -16.437986 -89.362068 42.758471 16.337714 -94.238535 -67.578118 76.212205 -13.754187 10.740117 -5.363355 104.176380 -10.327912 18.450053 88.671934 16.564748 -35.127454 64.655569 -72.501247 -49.136180 50.880355 -75.928487 -17.975553 0.000000 69.666116 0.000000 4.069027 -7.548720 -8.895429 0.000000 -5.679134 0.000000 44.051958 -72.342561 -73.078530 0.000000 74.429158 0.000000 -3.940543 -8.960462 9.435922 0.000000 -9.799485 0.000000
-34.649493 71.210614 -64.510083 1.738413 28.047200 7.033808 5.245176 3.082021 -0.389756 3.957110 2.586674 -0.949689 0.798207 2.133924 -1.723688 -1.002929 2.251821 -2.237069 -18.659426 -14.590996 -2.176045 -9.680490 -4.942196 7.297852 17.559018 13.254213 -6.028906 -73.623202 -4.753234 -16.498011 -90.683113 42.827592 15.752136 -94.238535 -67.578118 76.212205 -13.501659 10.684919 -5.567380 104.369124 -10.311825 18.160874 88.642339 16.862154 -35.005336 62.292757 -72.673882 -47.909045 49.751069 -74.906712 -16.386208 0.000000 68.923209 0.000000 4.308006 -7.432864 -9.521618 0.000000 -5.648975 0.000000 43.689129 -72.462143 -72.560162 0.000000 73.828813 0.000000 -3.340640 -8.742881 9.026434 0.000000 -9.799485 0.000000
-34.742001 71.536542 -64.488538 0.880714 27.935653 7.168573 5.169331 3.009748 -0.306546 3.904058 2.667118 -1.076985 0.884708 2.129787 -1.941896 -0.918481 2.287999 -2.212692 -18.711651 -14.676425 -2.427854 -9.736130 -4.726828 7.398228 17.607746 13.102270 -6.149854 -73.033524 -4.805348 -16.635149 -91.890045 42.780823 15.322217 -94.238535 -67.578118 76.212205 -13.275850 10.511334 -5.792365 104.600392 -10.315346 17.901862 88.773791 16.913434 -34.942841 60.007523 -72.999735 -46.571886 48.696925 -73.919143 -14.842570 0.000000 68.138623 0.000000 4.502913 -7.263093 -10.185499 0.000000 -5.681316 0.000000 43.323930 -72.714747 -72.044268 0.000000 73.146602 0.000000 -2.673176 -8.417272 8.525545 0.000000 -9.799485 0.000000
-34.852255 71.856769 -64.448260 -0.062417 27.691350 7.204170 5.345003 3.039417 -0.321721 4.021610 2.709811 -1.046585 0.833721 2.254493 -1.936529 -1.030893 2.224936 -2.303712 -18.725666 -14.760031 -2.991873 -9.869957 -4.342909 7.947722 17.949603 13.382269 -6.384704 -73.032633 -4.663271 -16.411262 -92.315859 42.441348 15.504760 -94.238535 -67.578118 76.212205 -13.121303 10.516831 -5.953631 104.761200 -10.175287 17.457296 89.102808 16.994147 -34.956937 60.296853 -74.014019 -47.726634 47.100890 -72.855034 -12.653570 0.000000 67.325479 0.000000 4.581457 -7.190793 -10.812195 0.000000 -5.628057 0.000000 42.376782 -73.018200 -70.935891 0.000000 72.482118 0.000000 -2.048866 -8.031238 8.042952 0.000000 -9.799485 0.000000
-34.947528 72.176532 -64.389874 -1.024165 27.466770 7.354240 5.490623 3.101440 -0.448573 4.080916 2.670839 -1.105963 0.730808 2.253393 -1.817429 -1.193481 2.260027 -2.417364 -18.795521 -14.836148 -3.412758 -9.967346 -3.992078 8.245213 18.413281 13.710571 -6.684406 -72.860242 -4.509336 -16.095333 -92.666232 42.259292 15.557326 -94.238535 -67.578118 76.212205 -12.864480 10.396227 -6.242895 104.830325 -9.932453 17.249639 86.821221 17.285557 -34.952324 51.374408 -71.640790 -36.231697 45.504012 -71.679003 -10.504008 0.000000 66.439402 0.000000 4.561524 -7.099156 -11.437176 0.000000 -5.639780 0.000000 41.515888 -73.428821 -70.048479 0.000000 71.826769 0.000000 -1.389014 -7.646395 7.327476 0.000000 -9.799485 0.000000
-35.057184 72.497546 -64.317340 -2.143455 27.177793 7.391134 5.950272 2.869235 -0.656835 4.443510 2.958853 -1.029055 0.394381 2.431904 -1.509533 -1.691868 2.258970 -2.581204 -18.831485 -14.989616 -3.866693 -10.074252 -3.560603 8.681570 18.461152 13.462192 -6.905556 -72.119550 -4.632994 -16.294630 -93.957793 42.447523 14.849964 -94.238535 -67.578118 76.212205 -12.482902 10.133216 -6.596198 104.811604 -9.829423 16.931234 86.557278 17.062787 -34.526752 55.791826 -71.074201 -39.094662 43.412291 -70.440909 -7.706407 0.000000 65.491409 0.000000 4.328552 -7.051024 -12.229002 0.000000 -5.708792 0.000000 40.290576 -73.892195 -68.721840 0.000000 71.146703 0.000000 -0.820824 -7.153887 6.616958 0.000000 -9.799485 0.000000
-35.176324 72.817743 -64.216162 -3.431941 26.950264 7.355939 6.243602 2.990291 -0.649147 4.493709 2.675865 -1.132157 0.279584 2.454544 -1.682707 -1.897284 2.522996 -2.446829 -18.986587 -15.128056 -4.315949 -10.225149 -3.060666 9.149132 18.584147 13.337830 -7.180408 -71.304356 -4.835130 -16.369795 -95.210763 42.545930 14.240307 -94.238535 -67.578118 76.212205 -12.239708 9.874635 -6.887796 104.980514 -9.507090 16.501506 83.756815 17.519201 -34.467177 69.540588 -69.568912 -46.599066 41.141629 -69.089979 -4.577384 0.000000 64.362676 0.000000 3.885176 -7.135595 -13.071997 0.000000 -5.720140 0.000000 38.957062 -74.501754 -67.228839 0.000000 70.431024 0.000000 -0.306208 -6.592638 5.871553 0.000000 -9.799485 0.000000
-35.309525 73.109082 -64.100391 -4.948660 26.749696 7.269742 6.515575 2.929887 -0.818954 4.604632 2.618498 -1.220412 0.181429 2.455217 -1.674802 -2.072775 2.687785 -2.345637 -19.115491 -15.222542 -4.817808 -10.373909 -2.570492 9.697097 19.266025 13.759891 -7.470425 -71.202827 -4.855172 -15.968017 -95.703734 42.444963 14.152272 -94.238535 -67.578118 76.212205 -12.138502 9.629242 -7.185283 105.387198 -9.038594 15.779520 81.746978 17.662926 -33.951347 76.884933 -66.958299 -49.813291 38.785691 -67.521795 -1.154935 0.000000 63.015829 0.000000 3.344938 -7.298075 -14.317294 0.000000 -5.853627 0.000000 37.630190 -75.195606 -65.626044 0.000000 69.695810 0.000000 0.090207 -6.005813 5.085931 0.000000 -9.799485 0.000000
-35.414493 73.383777 -63.948212 -6.606247 26.466763 7.243036 6.791878 2.866297 -1.104789 4.750701 2.558785 -1.327790 0.150100 2.511680 -1.710198 -2.138821 2.850924 -2.158798 -19.437928 -15.125214 -5.248337 -10.587978 -2.256757 10.204740 20.192239 14.421263 -7.543379 -72.162095 -5.356633 -16.099103 -95.785293 41.326048 15.358704 -94.238535 -67.578118 76.212205 -12.178508 9.398838 -7.201156 105.852739 -8.373139 14.608825 82.422290 17.395414 -32.548611 66.358076 -64.397137 -44.517381 36.474621 -65.557810 2.305136 0.000000 61.460699 0.000000 2.827278 -7.601391 -15.716642 0.000000 -5.732829 0.000000 36.180053 -75.835604 -63.957301 0.000000 68.980766 0.000000 0.495659 -5.362147 4.483019 0.000000 -9.799485 0.000000
-35.531799 73.636078 -63.771277 -8.429868 26.135633 7.224547 7.072939 2.687506 -1.339422 4.881123 2.619416 -1.599747 0.140944 2.561992 -1.845580 -2.189624 2.978069 -1.969666 -19.740013 -14.677837 -5.712272 -10.807030 -2.140254 10.932556 20.780977 14.649651 -7.312578 -72.446011 -6.081996 -16.651599 -96.875629 40.636669 15.717374 -94.238535 -67.578118 76.212205 -12.210192 9.029162 -7.147300 106.151126 -7.545255 13.542860 82.248308 17.294556 -31.321674 63.775518 -61.808604 -43.667014 34.224454 -63.221925 5.798838 0.000000 59.580103 0.000000 2.388684 -7.783108 -17.207191 0.000000 -5.755122 0.000000 34.194344 -76.577401 -61.747822 0.000000 68.250749 0.000000 0.653640 -4.709010 3.668096 0.000000 -9.799485 0.000000
-35.663205 73.841504 -63.556042 -10.552135 25.685976 7.006999 7.416492 2.538626 -1.539925 5.069608 2.580247 -1.807860 0.164642 2.658285 -1.987368 -2.211500 3.390973 -1.806682 -20.093709 -14.241600 -6.118996 -11.067933 -2.022914 11.841852 21.265767 14.762181 -7.018292 -72.711421 -6.893366 -17.074183 -98.228550 39.934336 16.018239 -94.238535 -67.578118 76.212205 -12.301496 8.160682 -7.262336 106.170008 -7.351594 12.568732 82.427704 17.438398 -29.497136 62.143827 -58.756947 -43.773937 31.939603 -60.557937 9.619083 0.000000 57.486866 0.000000 2.022446 -7.886681 -18.758659 0.000000 -5.839604 0.000000 31.516290 -77.281419 -58.663799 0.000000 67.627621 0.000000 0.609169 -3.996676 3.063156 0.000000 -9.799485 0.000000
-35.821066 74.010358 -63.287079 -12.854983 25.329633 6.599762 7.789860 2.309092 -1.705313 5.293061 2.370640 -1.964846 0.161166 2.758111 -2.159311 -2.278477 3.668774 -1.702757 -20.385409 -13.784871 -6.222066 -11.135765 -1.629488 12.240214 22.380166 15.393109 -6.662475 -73.644744 -7.246442 -17.175874 -99.087487 39.294577 16.452774 -94.238535 -67.578118 76.212205 -12.452001 7.285757 -7.189745 105.801834 -6.981906 11.791604 83.335560 17.597364 -27.602456 59.736405 -55.819611 -42.785469 29.731986 -57.696758 13.504545 0.000000 55.086003 0.000000 1.732864 -7.843433 -20.454979 0.000000 -5.890813 0.000000 27.626800 -78.185133 -54.305123 0.000000 67.031988 0.000000 0.362167 -3.272124 2.441682 0.000000 -9.799485 0.000000
-35.985809 74.164032 -62.964246 -15.283102 24.954996 6.165275 8.053486 2.008393 -1.846866 5.469149 2.190050 -2.199844 0.418438 2.731410 -2.424087 -2.044021 3.688941 -1.676602 -20.933053 -12.975047 -6.178498 -11.163201 -0.902460 12.473711 23.255760 16.152309 -6.083334 -74.807667 -7.210383 -17.210542 -100.118706 38.821837 16.649158 -94.238535 -67.578118 76.212205 -12.889232 6.646708 -6.834697 104.958498 -6.316064 11.104003 84.722470 18.196421 -25.680846 58.026169 -52.986742 -42.570594 27.802887 -54.344653 17.134874 0.000000 52.180956 0.000000 1.578245 -7.538437 -22.109149 0.000000 -6.255487 0.000000 22.659971 -79.031412 -48.858153 0.000000 66.460606 0.000000 -0.045380 -2.558484 1.600446 0.000000 -9.799485 0.000000
-36.149011 74.271722 -62.597406 -17.736734 24.390049 5.719087 8.151173 1.780241 -1.926087 5.569755 2.148486 -2.475335 0.671630 2.505124 -2.766542 -1.757653 3.655458 -1.339757 -21.497970 -11.784008 -7.031081 -11.353918 -0.354473 13.735957 24.406854 16.803314 -5.365142 -76.387238 -7.314047 -17.738372 -101.208477 38.353429 16.837484 -94.238535 -67.578118 76.212205 -13.087032 5.929533 -7.025012 103.509292 -5.965669 10.509838 86.728687 19.278817 -23.843865 56.291752 -50.213149 -42.295759 26.001216 -50.384438 20.563141 0.000000 48.795696 0.000000 1.512479 -7.129171 -23.574165 0.000000 -6.676215 0.000000 16.168990 -79.602741 -42.003378 0.000000 66.001223 0.000000 -0.550052 -2.050537 0.954798 0.000000 -9.799485 0.000000
-36.337637 74.360004 -62.191559 -20.163576 23.732915 5.143352 8.340171 1.506723 -2.019659 5.791613 2.060294 -2.505677 0.733000 2.549896 -2.658982 -1.690186 3.331302 -1.468529 -21.815181 -10.780462 -7.575658 -11.258626 0.427741 14.178939 25.100400 17.394832 -5.170305 -77.128895 -6.897687 -17.332480 -102.479372 39.219685 15.316199 -94.238535 -67.578118 76.212205 -13.296726 5.306820 -7.343810 101.834183 -5.162791 9.818444 88.956340 20.589834 -22.691730 54.667064 -47.776811 -41.769647 24.226111 -45.953907 23.833945 0.000000 44.941777 0.000000 1.554774 -6.732341 -24.845476 0.000000 -6.997845 0.000000 7.636296 -79.926709 -33.194373 0.000000 65.628138 0.000000 -1.204633 -1.694105 0.534158 0.000000 -9.799485 0.000000
-36.528342 74.417834 -61.745093 -22.489495 23.011745 4.619306 8.461587 1.376585 -2.051990 5.905503 1.878115 -2.524309 0.811089 2.384111 -2.737322 -1.580602 3.139539 -1.411891 -22.037765 -9.996054 -8.437055 -11.078063 1.674393 14.828165 25.951281 18.162903 -5.082498 -78.806053 -6.526459 -16.685426 -103.123916 40.067231 14.013195 -94.238535 -67.578118 76.212205 -13.375636 4.694239 -7.741197 99.443999 -4.279286 9.034833 91.859992 21.880085 -21.709880 52.825010 -45.702460 -40.568193 22.834483 -41.047532 26.457320 0.000000 40.635935 0.000000 1.747779 -6.618244 -25.294056 0.000000 -7.322795 0.000000 -1.173438 -79.943750 -24.252362 0.000000 65.378584 0.000000 -1.947098 -1.431699 0.067093 0.000000 -9.799485 0.000000
-36.723428 74.440350 -61.289227 -24.528281 22.309355 4.061928 8.747895 1.017946 -2.092268 6.212445 1.735379 -2.396972 0.605523 2.475955 -2.449256 -1.795865 2.966479 -1.553920 -22.263418 -9.453458 -9.226723 -10.855282 3.031068 15.235041 27.018352 18.825947 -5.020016 -81.603652 -6.014898 -15.995058 -102.654567 40.645225 13.471483 -94.238535 -67.578118 76.212205 -13.205722 4.065015 -8.193737 96.233538 -3.431347 7.911677 95.249352 23.147656 -20.778706 51.132045 -44.081298 -39.246896 21.150697 -35.873202 28.807972 0.000000 36.096000 0.000000 2.099366 -6.775282 -24.769288 0.000000 -7.907512 0.000000 -10.906867 -79.692154 -14.661313 0.000000 65.223726 0.000000 -2.535289 -1.369456 -0.555177 0.000000 -9.799485 0.000000
-36.939822 74.415936 -60.806970 -26.358896 21.369003 3.367544 9.021781 0.883238 -1.954713 6.446313 1.667583 -2.134684 0.361626 2.398855 -2.105956 -2.124208 3.002606 -1.639398 -22.468805 -9.232340 -9.889914 -10.630738 4.362408 15.261146 27.941917 19.094020 -5.265237 -84.935375 -5.360954 -15.548902 -101.451205 41.096947 13.393725 -94.238535 -67.578118 76.212205 -12.764591 3.449778 -8.684581 92.324273 -2.468806 6.341216 98.975044 24.295106 -19.937941 50.008842 -43.109764 -38.393399 19.138845 -30.240305 31.078617 0.000000 31.563801 0.000000 2.930407 -7.176614 -24.018675 0.000000 -8.382705 0.000000 -19.931661 -78.861123 -5.927032 0.000000 65.220863 0.000000 -2.981402 -1.320140 -0.983658 0.000000 -9.799485 0.000000
-37.159790 74.341919 -60.344629 -27.883525 20.404110 2.576082 9.020800 0.819298 -1.546605 6.443033 1.546648 -1.862760 0.307383 2.289285 -1.966096 -2.177611 3.015968 -1.646479 -22.732067 -9.131540 -10.310913 -10.394931 5.800414 14.915148 28.556158 19.213811 -5.423955 -88.606910 -4.350202 -15.133131 -99.708126 41.391282 13.736751 -94.238535 -67.578118 76.212205 -12.083845 2.948531 -9.010859 87.357389 -1.702646 4.464846 103.054886 24.958125 -19.035938 49.386412 -42.793008 -37.124255 17.036180 -24.579040 33.022888 0.000000 27.189180 0.000000 4.373041 -7.694002 -22.552674 0.000000 -8.822531 0.000000 -28.506950 -77.699199 2.144489 0.000000 65.279920 0.000000 -3.198532 -1.248731 -1.703292 0.000000 -9.799485 0.000000
-37.410867 74.236017 -59.930444 -29.017864 19.630754 1.765048 8.719756 0.651059 -1.139837 6.271956 1.383610 -1.599041 0.406965 2.239262 -1.841835 -1.925131 2.732220 -1.517108 -23.222567 -8.823605 -10.370251 -10.279656 6.869906 13.994271 28.766365 19.197530 -5.597804 -92.571570 -2.996659 -14.927122 -97.503601 41.446013 14.545690 -94.238535 -67.578118 76.212205 -11.440182 2.739189 -9.110066 81.770795 -1.348502 2.228920 107.636709 25.217000 -17.464530 48.863428 -42.409632 -36.478879 14.732174 -19.206791 34.631731 0.000000 23.133825 0.000000 6.317630 -8.124613 -20.396243 0.000000 -9.267979 0.000000 -36.358505 -76.448808 9.293370 0.000000 65.442710 0.000000 -3.159569 -1.188158 -2.559797 0.000000 -9.799485 0.000000
-37.657779 74.102899 -59.528912 -29.913627 18.819026 1.068779 8.293398 0.700762 -0.801436 6.043492 1.247074 -1.318151 0.428761 2.048031 -1.689770 -1.734484 2.319719 -1.322434 -23.516487 -8.504900 -10.366686 -10.148731 7.660364 12.818313 28.839290 19.193441 -5.967354 -96.470808 -1.737050 -14.707816 -94.753269 41.124057 15.960258 -94.238535 -67.578118 76.212205 -10.587744 2.667865 -9.165603 76.036543 -1.144470 -0.269892 112.115355 25.194246 -15.687189 48.457243 -41.616298 -36.586773 12.033747 -13.682855 35.875278 0.000000 19.659215 0.000000 9.291041 -8.404129 -19.197295 0.000000 -9.248259 0.000000 -42.387288 -75.119156 14.458123 0.000000 65.768089 0.000000 -2.845537 -1.302798 -3.283270 0.000000 -9.799485 0.000000
-37.861084 73.956384 -59.125153 -30.614690 18.070029 0.764222 7.588569 0.837094 -0.747893 5.604526 1.043817 -1.172642 0.600469 1.892406 -1.602657 -1.293180 1.959026 -1.083476 -23.802848 -7.984352 -9.910019 -10.129254 7.817286 11.320968 28.595423 19.008777 -6.516061 -100.289600 -0.734165 -14.546016 -93.236135 39.880673 17.178892 -94.238535 -67.578118 76.212205 -9.492249 2.527440 -9.013400 70.258490 -1.488833 -2.809522 116.293645 25.015359 -13.604798 48.471287 -40.837725 -37.181315 9.792427 -8.576148 36.189276 0.000000 16.658996 0.000000 12.694197 -8.830959 -18.218611 0.000000 -8.833087 0.000000 -46.492885 -74.113192 17.543642 0.000000 66.204740 0.000000 -2.228491 -1.423975 -3.951009 0.000000 -9.799485 0.000000
-38.069946 73.790546 -58.773450 -31.181295 17.467832 0.568646 6.925222 0.904131 -0.688554 5.154064 0.984881 -1.133774 0.741765 1.725667 -1.556741 -0.909708 1.556884 -1.011119 -23.985052 -7.206372 -8.962878 -10.176222 7.267843 9.655501 27.917436 18.047053 -7.013563 -103.100540 0.083421 -14.670063 -91.239941 39.370080 17.846894 -94.238535 -67.578118 76.212205 -8.448438 2.291868 -8.533105 65.096962 -2.220588 -5.428228 119.992469 24.747961 -11.255418 48.415280 -40.005019 -38.023196 8.560753 -4.677490 35.984747 0.000000 14.147310 0.000000 16.253071 -9.190662 -17.141222 0.000000 -8.155647 0.000000 -49.820456 -73.329046 19.914102 0.000000 66.747709 0.000000 -1.427791 -1.722702 -4.565473 0.000000 -9.799485 0.000000
-38.225107 73.587970 -58.427478 -31.743223 17.061573 0.747816 6.139474 0.990044 -0.823667 4.573736 0.771655 -1.147857 1.008980 1.537308 -1.551654 -0.473901 1.334651 -0.950311 -23.916726 -6.482062 -8.231493 -10.188502 6.289562 8.225315 26.439524 16.254903 -7.768466 -104.418930 0.473447 -15.168064 -89.344339 39.940573 18.272930 -94.238535 -67.578118 76.212205 -7.380914 1.885331 -8.123294 60.756493 -2.893763 -8.056864 123.002126 24.463511 -9.120618 48.315301 -38.770833 -38.817729 8.309238 -1.838045 35.148762 0.000000 12.018995 0.000000 20.039070 -9.409855 -16.550999 0.000000 -7.462502 0.000000 -51.945512 -73.143937 21.220175 0.000000 67.406684 0.000000 -0.549927 -2.069415 -4.942986 0.000000 -9.799485 0.000000
-38.310880 73.354425 -58.086407 -32.436107 16.825150 1.520744 5.285484 0.929216 -1.130690 3.937032 0.809275 -1.561314 1.161014 1.393742 -1.715710 0.025692 0.976937 -0.816188 -23.579879 -5.904076 -7.480346 -10.113327 5.119201 6.733714 24.762637 14.161190 -8.551276 -104.421549 0.803294 -16.139444 -99.689965 36.995104 16.335094 -128.189002 -51.952334 68.572999 -6.141465 1.146965 -7.778494 57.255909 -3.348721 -10.521939 125.305945 24.131265 -7.193545 47.669598 -36.853828 -38.992251 8.430645 0.475492 33.639017 0.000000 10.354260 0.000000 22.856209 -9.877200 -14.788993 0.000000 -7.348107 0.000000 -52.605661 -73.809470 21.315826 0.000000 68.138185 0.000000 0.465906 -2.279848 -5.465827 0.000000 -8.001317 0.000000
-38.360513 73.068994 -57.769067 -33.288468 16.836670 2.512208 4.431660 0.987998 -1.697943 3.370159 0.545648 -1.953711 1.259663 1.006378 -1.874772 0.451820 0.334404 -0.652203 -22.917487 -4.792374 -7.277664 -9.866414 3.725449 5.829102 23.431333 12.701889 -9.041491 -103.780845 0.901483 -16.429023 -97.054716 39.157061 16.603683 -128.189002 -51.952334 68.572999 -4.981554 0.534527 -7.407123 54.932453 -3.231770 -12.844544 126.846067 24.047810 -5.729488 46.678924 -34.939606 -38.604993 9.721406 1.707116 32.035322 0.000000 8.974286 0.000000 23.488743 -10.892800 -12.624763 0.000000 -7.120990 0.000000 -52.634068 -75.039449 21.170746 0.000000 68.937484 0.000000 1.470052 -2.440796 -5.969287 0.000000 -8.001317 0.000000
-38.414941 72.723096 -57.461462 -34.367856 16.899117 3.388546 3.721788 1.033634 -2.181869 2.914407 0.282454 -2.271540 1.458906 0.467705 -2.007494 0.920738 -0.331878 -0.692347 -22.392792 -3.265069 -7.066773 -9.686171 2.012020 5.206500 22.056170 11.822066 -9.036328 -102.859557 1.108997 -16.606126 -94.854400 41.243804 17.332030 -128.189002 -51.952334 68.572999 -4.246518 -0.117872 -7.049351 53.366479 -2.478065 -14.735135 127.525324 24.293788 -4.921687 45.809821 -32.730469 -38.017331 12.188338 2.139145 30.756364 0.000000 8.039672 0.000000 23.009661 -11.206441 -11.198687 0.000000 -7.100418 0.000000 -52.172913 -76.371184 20.952168 0.000000 69.788026 0.000000 2.271539 -2.558644 -6.456933 0.000000 -8.001317 0.000000
-38.437085 72.330603 -57.170300 -35.502891 16.943249 4.142328 3.483134 1.111304 -2.680634 2.813820 -0.043705 -2.359960 1.095919 0.114723 -1.937894 0.646734 -0.898596 -0.557112 -21.438799 -2.329494 -7.536162 -9.332092 0.818701 5.065501 21.458191 11.697547 -9.110134 -102.018117 0.819468 -16.175852 -95.293754 40.377573 16.584053 -128.189002 -51.952334 68.572999 -3.222791 -0.842056 -7.398783 52.586631 -1.844984 -16.131503 127.680732 24.632227 -4.353818 44.653073 -30.531475 -37.465031 15.582797 1.882599 29.782715 0.000000 7.499813 0.000000 21.750860 -11.184136 -10.193785 0.000000 -7.110293 0.000000 -51.023019 -77.728983 20.253333 0.000000 70.646578 0.000000 2.836554 -2.594384 -6.730155 0.000000 -8.001317 0.000000
-38.508463 71.925128 -56.938953 -36.751328 16.837818 4.576228 3.235081 1.203822 -2.565167 2.460154 -0.192558 -2.742440 1.160055 -0.149167 -2.607822 0.927543 -1.225398 -0.271521 -20.968542 -1.447839 -6.855445 -9.158107 -0.243916 4.633662 20.506988 11.769234 -8.192281 -101.300818 1.300877 -15.442357 -95.050959 40.271739 16.784417 -128.189002 -51.952334 68.572999 -2.554265 -1.575043 -7.304987 51.153259 -1.339021 -17.195375 127.593486 24.929430 -4.306918 43.240295 -28.734616 -36.216021 19.227314 1.473293 29.286568 0.000000 7.301359 0.000000 20.120392 -11.398545 -9.028143 0.000000 -6.962087 0.000000 -49.341223 -78.727797 19.289581 0.000000 71.478524 0.000000 3.248789 -2.703656 -6.952574 0.000000 -8.001317 0.000000
-38.632086 71.523553 -56.792743 -37.973075 16.605831 4.695460 3.338882 1.275680 -2.550443 2.491749 -0.118560 -2.908955 0.721632 -0.157851 -2.773991 0.442776 -0.984199 -0.090379 -20.190127 -1.690872 -6.152110 -8.887867 -0.941786 4.417871 20.070279 11.330956 -7.481004 -100.532281 1.313620 -14.546003 -94.563004 40.238065 16.998759 -128.189002 -51.952334 68.572999 -1.447884 -2.578097 -7.659184 49.971094 -1.259531 -18.036444 127.157531 25.013845 -4.638801 42.186268 -27.400623 -34.764690 22.633760 0.913403 29.380578 0.000000 7.453599 0.000000 18.133028 -11.107572 -9.124300 0.000000 -7.335373 0.000000 -47.933902 -79.312203 18.694480 0.000000 72.268389 0.000000 3.572089 -2.850383 -7.211595 0.000000 -8.001317 0.000000
-38.813916 71.176624 -56.713904 -39.122873 16.431543 4.519606 3.613132 1.109080 -2.514072 2.602971 0.205764 -2.946162 0.245819 -0.060854 -2.816121 -0.182479 -0.562405 0.012019 -19.592708 -2.285728 -5.149544 -8.677456 -1.375151 4.297020 19.725875 10.627432 -6.712705 -99.961235 1.387051 -13.735703 -94.269430 40.079709 17.276953 -128.189002 -51.952334 68.572999 -0.588626 -3.452422 -7.962079 49.019297 -1.473506 -18.605578 126.567484 25.259458 -5.090286 41.648852 -26.479905 -33.541603 25.945330 -0.100397 29.865712 0.000000 7.820598 0.000000 15.437842 -10.581514 -9.607140 0.000000 -7.789919 0.000000 -47.244441 -79.574419 18.942330 0.000000 72.917330 0.000000 3.756903 -3.003771 -7.421866 0.000000 -8.001317 0.000000
-39.015735 70.899609 -56.695892 -40.225299 16.225882 4.101743 3.462391 1.041422 -2.526627 2.462125 0.557519 -2.843418 0.292021 -0.146319 -2.469172 -0.478292 -0.092443 -0.129361 -19.073110 -2.971174 -4.437467 -8.502267 -1.543721 4.609368 19.495182 10.204016 -6.117576 -99.666844 1.482859 -12.845459 -93.879263 39.877518 17.630980 -128.189002 -51.952334 68.572999 -0.006509 -3.931248 -8.282337 48.203100 -1.865375 -19.016308 125.913454 25.512647 -5.681476 41.133357 -25.837839 -32.297252 28.713002 -1.282661 30.574148 0.000000 8.561890 0.000000 12.933719 -10.027157 -10.081053 0.000000 -8.191751 0.000000 -46.572202 -79.516228 19.348631 0.000000 73.373463 0.000000 3.746116 -3.140645 -7.572885 0.000000 -8.001317 0.000000
-39.258621 70.668268 -56.732513 -41.272830 15.938408 3.341888 2.918788 0.900521 -2.629996 2.124629 1.042627 -2.417768 0.581664 -0.162802 -1.730629 -0.258823 0.182244 -0.527246 -18.833528 -3.569596 -3.693936 -8.425378 -1.526884 4.888575 19.276352 9.801652 -5.576997 -99.548810 1.575438 -12.177779 -93.392133 39.840701 17.838825 -128.189002 -51.952334 68.572999 0.536321 -4.004797 -8.590645 47.224789 -2.319652 -19.326592 125.347457 26.026766 -6.395789 40.857986 -25.674449 -31.401287 30.743155 -2.627193 31.627424 0.000000 9.786292 0.000000 11.269478 -9.431792 -10.787462 0.000000 -9.057414 0.000000 -46.287760 -79.028289 20.263594 0.000000 73.682250 0.000000 3.586187 -3.256037 -7.688061 0.000000 -8.001317 0.000000
-39.489319 70.460687 -56.779675 -42.163675 15.592020 2.458684 2.325148 0.975703 -2.751725 1.785918 1.237171 -1.857658 0.757497 0.050452 -0.803334 0.085394 0.354570 -0.845961 -18.538781 -4.357700 -3.295969 -8.333313 -1.259714 5.223388 19.229014 9.676622 -5.424355 -99.726179 1.682276 -11.492909 -92.924535 39.736050 18.111920 -128.189002 -51.952334 68.572999 1.232711 -3.917037 -9.135322 46.083191 -2.939279 -19.490627 125.022863 26.390728 -7.080398 40.567642 -25.679703 -30.475319 31.908633 -3.857468 32.770148 0.000000 11.318067 0.000000 10.274823 -9.102309 -10.970026 0.000000 -9.735596 0.000000 -46.426727 -78.319391 21.488409 0.000000 73.914839 0.000000 3.375765 -3.372279 -7.863056 0.000000 -8.001317 0.000000
-39.701776 70.280029 -56.800116 -42.745170 15.193100 1.712067 1.695962 1.123099 -2.482093 1.137017 1.462272 -1.550009 0.928330 0.272647 -0.627765 0.680864 0.419293 -0.692602 -18.530902 -4.960606 -2.690287 -8.332294 -0.993951 5.261804 19.442030 9.401837 -5.157459 -100.251083 1.556162 -11.276957 -92.154911 39.601357 18.515744 -128.189002 -51.952334 68.572999 1.863348 -3.731083 -9.481400 45.004818 -3.653485 -19.636064 124.913018 26.564793 -7.538607 40.344678 -25.802879 -29.879634 32.053626 -4.658318 33.790356 0.000000 12.988625 0.000000 10.204618 -8.962456 -11.148799 0.000000 -10.608216 0.000000 -46.687191 -77.604148 22.459553 0.000000 74.181565 0.000000 3.218011 -3.523529 -8.065799 0.000000 -8.001317 0.000000
-39.867374 70.118109 -56.760974 -43.238326 14.805872 1.038714 1.476342 1.401851 -2.030939 0.999931 1.461118 -1.252008 0.862598 0.440818 -0.528663 0.709403 0.613753 -0.727642 -18.646653 -5.333008 -2.135663 -8.376366 -0.822037 5.251676 19.613215 9.304783 -4.967079 -100.984109 1.484814 -10.909893 -91.477077 39.295875 19.056644 -128.189002 -51.952334 68.572999 2.344597 -3.521925 -9.688256 44.079009 -4.253279 -19.675504 124.837545 26.530410 -7.933067 40.089604 -25.746614 -29.245927 31.791468 -5.043081 34.659403 0.000000 14.451100 0.000000 10.689674 -8.992579 -10.942121 0.000000 -11.422887 0.000000 -47.024715 -76.924454 23.323309 0.000000 74.425093 0.000000 3.154103 -3.654670 -8.303252 0.000000 -8.001317 0.000000
-40.033969 69.990594 -56.700299 -43.669038 14.570494 0.549050 1.388127 1.453293 -1.656820 0.922252 1.502985 -1.037502 0.787934 0.689469 -0.521336 0.705968 0.559408 -0.551007 -18.864519 -5.649675 -1.831407 -8.449606 -0.448825 5.131204 20.119266 9.520089 -5.091840 -101.916055 1.617904 -10.860397 -90.508429 38.992778 19.687044 -128.189002 -51.952334 68.572999 2.667659 -3.319724 -9.843543 43.357460 -4.579232 -19.618108 124.765675 26.514803 -8.349822 39.825792 -25.605691 -28.606270 31.696620 -5.276413 35.282396 0.000000 15.405236 0.000000 11.029851 -8.897246 -10.904882 0.000000 -12.255398 0.000000 -47.537743 -76.440569 24.225776 0.000000 74.665695 0.000000 3.187966 -3.839127 -8.492144 0.000000 -8.001317 0.000000
-40.178464 69.906433 -56.623145 -43.987063 14.356127 0.392143 1.438209 1.403034 -1.543608 1.006534 1.657904 -0.875450 0.654446 0.921601 -0.433827 0.562067 0.495303 -0.515071 -19.131149 -5.994209 -1.638360 -8.544698 0.105743 5.099208 20.469322 9.824191 -5.484480 -102.696413 2.034951 -10.712889 -89.676408 38.714248 20.233072 -128.189002 -51.952334 68.572999 2.859756 -3.260645 -9.749767 42.813676 -4.731065 -19.553049 124.764603 26.265813 -8.686351 39.405133 -25.324933 -27.735950 31.598814 -5.061258 35.572365 0.000000 15.793828 0.000000 11.422870 -8.632697 -10.965602 0.000000 -13.067264 0.000000 -47.563966 -76.205254 24.414161 0.000000 74.932224 0.000000 3.327608 -4.035677 -8.672576 0.000000 -8.001317 0.000000
-40.266650 69.828052 -56.499884 -44.267227 14.216339 0.537272 1.499947 1.364550 -1.624967 1.149992 1.692499 -0.824970 0.607674 1.043653 -0.260262 0.445451 0.522785 -0.549428 -19.588305 -6.139836 -1.432947 -8.711986 0.517901 4.923185 20.790156 10.055718 -5.885878 -103.586861 2.186365 -10.851691 -88.939790 38.359717 20.815045 -128.189002 -51.952334 68.572999 2.960537 -3.328548 -9.523829 42.285205 -4.778941 -19.467871 124.914062 25.527729 -8.905074 38.788447 -24.566049 -26.584925 31.266474 -4.183095 35.495474 0.000000 15.704018 0.000000 12.275082 -8.511442 -11.482795 0.000000 -13.413719 0.000000 -47.369470 -76.276897 24.185731 0.000000 75.217335 0.000000 3.614465 -4.187741 -8.825217 0.000000 -8.001317 0.000000
-40.291913 69.732581 -56.346204 -44.561267 14.143397 0.812547 1.658650 1.396772 -1.555959 1.269758 1.602281 -0.888238 0.571285 1.027884 -0.341356 0.337730 0.603272 -0.618377 -20.037028 -6.146872 -1.086651 -8.861097 0.847714 4.541050 21.036808 10.197054 -6.099833 -104.329842 1.950433 -11.179814 -88.387578 38.119277 21.220508 -128.189002 -51.952334 68.572999 3.092748 -3.409703 -9.273925 41.778548 -4.965715 -19.279384 125.198123 25.075569 -9.155457 38.180708 -24.473958 -25.205180 30.846512 -2.770882 35.161304 0.000000 15.035951 0.000000 13.529864 -8.601494 -11.861902 0.000000 -13.220698 0.000000 -47.206583 -76.537185 23.909499 0.000000 75.492109 0.000000 4.000172 -4.257364 -9.012313 0.000000 -8.001317 0.000000
-40.295364 69.634515 -56.190894 -44.826807 14.133850 1.188715 1.850730 1.485956 -1.420320 1.390125 1.446053 -1.050996 0.519725 0.828511 -0.630639 0.233131 0.452745 -0.411963 -20.539228 -5.653486 -1.061164 -9.029252 0.909332 4.157914 21.157130 10.668748 -6.433290 -104.947425 1.743368 -11.622129 -88.269733 37.765877 21.597216 -128.189002 -51.952334 68.572999 3.135677 -3.255773 -8.996063 41.591411 -4.995017 -19.203187 125.500833 24.514201 -9.222155 37.783871 -24.267644 -24.243991 30.192014 -1.127537 34.633066 0.000000 14.206167 0.000000 15.095122 -8.724300 -12.155580 0.000000 -12.809824 0.000000 -47.031542 -76.938546 23.580863 0.000000 75.763515 0.000000 4.384486 -4.279115 -9.204044 0.000000 -8.001317 0.000000
-40.309311 69.530151 -56.056226 -45.161035 14.174585 1.431678 2.169209 1.500552 -1.093489 1.540484 1.250328 -1.220203 0.474099 0.751891 -1.041884 0.137916 0.606506 -0.264006 -21.094824 -5.566878 -0.766326 -9.233047 1.016455 3.672325 21.206772 10.795824 -6.631752 -105.273911 1.500111 -11.880464 -88.089747 37.771731 21.646858 -128.189002 -51.952334 68.572999 3.156863 -3.453149 -8.756212 41.351394 -5.109923 -19.066345 125.887544 24.010520 -9.208835 37.376640 -23.978162 -23.381148 29.555707 0.372876 34.173402 0.000000 13.428869 0.000000 16.687504 -8.819834 -12.408854 0.000000 -12.388917 0.000000 -47.064303 -77.286219 23.609260 0.000000 75.999815 0.000000 4.718476 -4.297496 -9.364190 0.000000 -8.001317 0.000000
-40.328192 69.430481 -55.951947 -45.468768 14.165353 1.707598 2.417381 1.519744 -0.857682 1.712873 1.147781 -1.375559 0.454130 0.744906 -1.462937 0.089115 0.697384 -0.024656 -21.618512 -5.396894 -0.551830 -9.436757 0.841073 3.280495 21.288663 10.873876 -6.764433 -105.572925 1.146134 -12.075780 -87.823150 37.855216 21.645791 -128.189002 -51.952334 68.572999 3.167901 -3.659934 -8.536631 41.038672 -5.100470 -19.047384 126.237966 23.697315 -9.311890 37.071454 -23.760832 -22.701750 28.925473 1.796738 33.687990 0.000000 12.744265 0.000000 18.193102 -8.932602 -12.458722 0.000000 -11.909831 0.000000 -46.467695 -77.664619 23.078753 0.000000 76.251288 0.000000 4.930892 -4.339132 -9.402465 0.000000 -8.001317 0.000000
-40.342551 69.342474 -55.858148 -45.718764 14.161200 1.967602 2.523424 1.539147 -0.749191 1.857215 1.059830 -1.405430 0.528326 0.809840 -1.633300 0.109223 0.655161 -0.014165 -22.123695 -5.303456 -0.309518 -9.625457 0.730654 2.726208 21.214512 10.923138 -6.862770 -105.616147 0.973830 -12.178070 -88.001329 38.024084 21.428455 -128.189002 -51.952334 68.572999 3.150990 -3.890214 -8.393435 40.714731 -5.039382 -18.913434 126.633555 23.369288 -9.451674 36.769120 -23.683964 -21.863675 28.375252 2.993408 33.241489 0.000000 12.188737 0.000000 19.478734 -9.043449 -12.619990 0.000000 -11.482697 0.000000 -45.688084 -78.039705 22.379612 0.000000 76.491537 0.000000 5.075475 -4.400860 -9.426920 0.000000 -8.001317 0.000000
-40.352255 69.260046 -55.794403 -45.923856 14.251426 2.183785 2.580256 1.529185 -0.737655 1.957536 0.871455 -1.393746 0.588074 0.863048 -1.623387 0.114146 0.665123 -0.007524 -22.494033 -5.225371 -0.307239 -9.774225 0.591883 2.474647 21.111598 10.888821 -6.963821 -105.635701 0.790103 -12.341435 -88.569587 38.075333 21.203140 -128.189002 -51.952334 68.572999 3.184666 -4.082093 -8.345113 40.456083 -4.913801 -18.848945 126.893456 23.166920 -9.607041 36.564413 -23.683629 -21.297506 28.130126 3.697501 32.874063 0.000000 11.808290 0.000000 20.270410 -9.208022 -12.812044 0.000000 -11.073610 0.000000 -45.046055 -78.452096 21.888496 0.000000 76.697583 0.000000 5.114439 -4.477928 -9.403888 0.000000 -8.001317 0.000000
-40.331854 69.177606 -55.761389 -46.049774 14.412579 2.285786 2.670378 1.344558 -0.623127 1.988927 0.888415 -1.321407 0.630669 0.912693 -1.594621 0.144405 0.634920 -0.079869 -22.804437 -5.066917 -0.358001 -9.910505 0.281376 2.462159 21.033954 10.921895 -6.970940 -105.636958 0.750610 -12.283716 -88.343147 38.368769 21.298982 -128.189002 -51.952334 68.572999 3.188183 -4.233922 -8.338249 40.217673 -4.907099 -18.849033 127.140834 22.892521 -9.650849 36.429538 -23.581886 -20.907963 28.236435 3.702370 32.722254 0.000000 11.822984 0.000000 20.331806 -9.359866 -13.154601 0.000000 -11.076672 0.000000 -44.773483 -78.824421 21.799926 0.000000 76.835778 0.000000 5.039294 -4.519326 -9.323013 0.000000 -8.001317 0.000000
-40.297388 69.107458 -55.760999 -46.102123 14.569135 2.340728 2.687635 1.235766 -0.570870 2.027295 0.926844 -1.201235 0.675582 0.836107 -1.439642 0.137297 0.655268 -0.155653 -23.039899 -5.134575 -0.524514 -10.021971 0.235484 2.545903 20.999523 10.923016 -6.962932 -105.599017 0.655680 -12.210231 -88.883050 38.253388 20.936136 -128.189002 -51.952334 68.572999 3.257817 -4.301717 -8.398702 39.940462 -4.929123 -18.910700 127.325219 22.657420 -9.689419 36.380923 -23.606530 -20.664123 28.535789 3.339847 32.677280 0.000000 12.040261 0.000000 19.983107 -9.508451 -13.411181 0.000000 -11.208772 0.000000 -44.493858 -79.139243 21.701185 0.000000 76.915453 0.000000 4.910615 -4.515192 -9.225415 0.000000 -8.001317 0.000000
-40.268607 69.059174 -55.800519 -46.064168 14.787513 2.349666 2.673756 1.051947 -0.600208 2.076687 1.020161 -1.027240 0.707674 0.797164 -1.153837 0.098810 0.659688 -0.333197 -23.269185 -5.218705 -0.586717 -10.132947 0.139393 2.661964 20.995887 10.856885 -6.959069 -105.676887 0.547363 -12.015414 -88.357686 37.931145 21.411235 -128.189002 -51.952334 68.572999 3.299889 -4.411357 -8.446568 39.721548 -4.945847 -18.912637 127.477299 22.550549 -9.696179 36.275228 -23.683974 -20.535987 28.732112 2.825061 32.653801 0.000000 12.301792 0.000000 19.609860 -9.628872 -13.595686 0.000000 -11.284273 0.000000 -44.522724 -79.416078 21.900009 0.000000 76.933435 0.000000 4.716497 -4.510757 -9.120737 0.000000 -8.001317 0.000000
-40.257190 69.035901 -55.855060 -45.966013 14.990406 2.323925 2.628544 0.991365 -0.631249 2.100940 0.914570 -0.879612 0.727395 0.784304 -0.890062 0.069410 0.726111 -0.426736 -23.370530 -5.387899 -0.601602 -10.181024 0.177128 2.649636 20.958582 10.875632 -6.953202 -105.600285 0.657299 -11.859631 -88.271191 37.929283 21.438023 -128.189002 -51.952334 68.572999 3.362523 -4.451377 -8.430710 39.530513 -4.964723 -19.000217 127.505814 22.516470 -9.711405 36.227245 -23.762940 -20.513836 29.037674 2.163214 32.698126 0.000000 12.559346 0.000000 19.035054 -9.709819 -13.723555 0.000000 -11.341033 0.000000 -44.648141 -79.612104 22.159819 0.000000 76.925292 0.000000 4.497955 -4.506773 -8.988987 0.000000 -8.001317 0.000000
-40.237976 69.026575 -55.915607 -45.787412 15.114715 2.350614 2.562706 0.875563 -0.760862 2.126416 1.061940 -0.693138 0.736093 0.767251 -0.628343 0.065397 0.709536 -0.525507 -23.595321 -5.411997 -0.516975 -10.287056 -0.041650 2.722972 20.860282 10.796675 -6.972467 -105.566291 0.977029 -11.705821 -88.117869 37.833861 21.577239 -128.189002 -51.952334 68.572999 3.439080 -4.536059 -8.438200 39.215571 -4.994325 -19.049192 127.575951 22.414590 -9.684708 36.276723 -23.782097 -20.554452 29.302264 1.514090 32.744933 0.000000 12.849650 0.000000 18.386693 -9.767282 -13.807668 0.000000 -11.411540 0.000000 -44.478038 -79.764157 22.017917 0.000000 76.915346 0.000000 4.306182 -4.527489 -8.866583 0.000000 -8.001317 0.000000
-40.220203 69.031848 -55.975098 -45.590958 15.181652 2.330851 2.589328 0.874241 -0.716370 2.128329 1.142208 -0.604147 0.679020 0.768110 -0.493030 0.001301 0.710030 -0.511693 -23.761252 -5.477789 -0.478645 -10.370640 -0.232326 2.814960 20.826594 10.760382 -6.959177 -105.508609 1.222532 -11.527090 -88.039268 37.720827 21.709629 -128.189002 -51.952334 68.572999 3.432754 -4.552475 -8.499107 39.098972 -5.031094 -19.106389 127.472003 22.348251 -9.734386 36.261918 -23.567324 -20.466689 29.535872 0.904155 32.867402 0.000000 13.121785 0.000000 17.731099 -9.795917 -13.936987 0.000000 -11.472644 0.000000 -44.307548 -79.805115 21.850351 0.000000 76.888239 0.000000 4.131464 -4.579846 -8.753478 0.000000 -8.001317 0.000000
-40.206567 69.054456 -56.033716 -45.372037 15.236351 2.289117 2.555140 0.968939 -0.642079 2.144327 1.036054 -0.515153 0.658837 0.811843 -0.439537 -0.022853 0.740396 -0.511555 -23.923833 -5.374671 -0.598094 -10.473273 -0.472685 3.271934 20.748574 10.644664 -6.904016 -105.402711 1.368059 -11.449769 -88.557768 37.503522 21.767252 -128.189002 -51.952334 68.572999 3.394182 -4.547803 -8.514465 39.000813 -5.077846 -19.112352 127.325665 22.589384 -9.718418 36.250493 -23.618334 -20.758754 29.712292 0.326304 33.021633 0.000000 13.361211 0.000000 17.070965 -9.771692 -14.089503 0.000000 -11.579500 0.000000 -44.452853 -79.780541 21.944060 0.000000 76.845681 0.000000 3.991068 -4.628233 -8.691604 0.000000 -8.001317 0.000000
-40.189716 69.078748 -56.089056 -45.139608 15.250049 2.274444 2.567136 1.059091 -0.513877 2.113167 0.998170 -0.466272 0.612582 0.809418 -0.482552 -0.033502 0.796789 -0.461214 -24.082619 -5.369256 -0.546404 -10.551790 -0.601613 3.393183 21.403767 11.282454 -7.155389 -106.924314 -5.954367 -9.800723 -98.257603 36.647786 19.801272 -66.829918 -51.634366 58.664255 3.367294 -4.497366 -8.526085 38.904138 -5.073674 -19.177228 127.105029 22.606952 -9.813333 36.280238 -23.420279 -20.699786 29.755192 -0.097046 33.148813 0.000000 13.543742 0.000000 16.586791 -9.751144 -14.237013 0.000000 -11.676043 0.000000 -44.453471 -79.751807 21.851389 0.000000 76.816131 0.000000 3.871723 -4.648125 -8.605502 0.000000 -7.313297 0.000000
-40.168198 69.111530 -56.142322 -44.912879 15.253299 2.307752 2.609226 1.118800 -0.371427 2.059063 0.988715 -0.489713 0.556065 0.874799 -0.594009 -0.029122 0.802553 -0.374448 -24.156367 -5.068948 -0.292020 -10.579510 -1.225620 3.282405 21.286868 11.210329 -7.092796 -106.808231 -5.828386 -9.668393 -97.904668 36.468087 20.111050 -66.134043 -51.588317 57.716855 3.334879 -4.462601 -8.555779 38.841782 -5.081710 -19.147182 126.886070 22.682856 -9.895931 36.322716 -23.260365 -20.697036 29.678358 -0.341857 33.213585 0.000000 13.619238 0.000000 16.242910 -9.680544 -14.406845 0.000000 -11.812450 0.000000 -44.406672 -79.741546 21.679526 0.000000 76.776502 0.000000 3.795027 -4.646487 -8.583321 0.000000 -7.294533 0.000000
-40.143433 69.143921 -56.196942 -44.687650 15.218443 2.336405 2.569509 1.226224 -0.274992 2.001396 0.957821 -0.504819 0.566597 0.868332 -0.637090 -0.001115 0.882241 -0.375848 -24.287369 -4.954574 -0.104039 -10.631908 -1.406856 3.284595 21.624190 11.386370 -7.010307 -107.233674 -4.787835 -9.579790 -97.089360 35.499973 21.445979 -64.223547 -51.278842 55.439952 3.394166 -4.367675 -8.524642 38.677988 -5.134266 -19.192834 126.690545 22.689682 -9.966138 36.352661 -23.036006 -20.701755 29.520814 -0.470513 33.262776 0.000000 13.650545 0.000000 16.075464 -9.658375 -14.467060 0.000000 -11.857521 0.000000 -44.346539 -79.683297 21.464111 0.000000 76.725187 0.000000 3.749461 -4.646363 -8.560806 0.000000 -7.292334 0.000000
-40.109894 69.174799 -56.248517 -44.505290 15.188698 2.402269 2.531636 1.308211 -0.220331 1.978406 0.997661 -0.491996 0.592386 0.891189 -0.639639 0.036225 0.826326 -0.418662 -24.422744 -4.879546 -0.028196 -10.687192 -1.510140 3.267273 21.471399 11.349248 -6.956879 -107.078346 -4.700373 -9.479226 -96.848430 35.460907 21.744592 -63.573113 -51.395876 54.876335 3.281454 -4.235538 -8.528537 38.726044 -5.112198 -19.244234 126.407756 22.762521 -10.105040 36.347860 -22.851358 -20.555351 29.311102 -0.456867 33.241141 0.000000 13.604383 0.000000 16.067920 -9.650003 -14.555808 0.000000 -11.884122 0.000000 -44.099053 -79.667058 21.086133 0.000000 76.664246 0.000000 3.715467 -4.640817 -8.531095 0.000000 -7.266525 0.000000
-40.074594 69.204474 -56.294824 -44.384523 15.155617 2.471531 2.499588 1.357013 -0.223627 1.988708 1.072138 -0.462252 0.614789 0.923197 -0.618353 0.070989 0.791369 -0.439651 -24.562836 -4.871211 -0.009274 -10.749909 -1.520695 3.315359 21.427361 11.336065 -6.918550 -107.025363 -4.682848 -9.396162 -96.739135 35.164710 21.923983 -62.565079 -51.396705 54.137096 3.268007 -4.110202 -8.593884 38.674488 -5.136911 -19.323461 126.259517 22.744142 -10.202783 36.287554 -22.768958 -20.619787 29.180431 -0.374457 33.188730 0.000000 13.473416 0.000000 16.099920 -9.646915 -14.581883 0.000000 -11.803134 0.000000 -43.767635 -79.655744 20.663225 0.000000 76.591028 0.000000 3.705086 -4.627947 -8.479019 0.000000 -7.229093 0.000000
-40.027283 69.237653 -56.330219 -44.323089 15.131142 2.541417 2.520430 1.429658 -0.181939 1.992037 1.118008 -0.471728 0.653703 0.943878 -0.654659 0.141514 0.736392 -0.473917 -24.738686 -4.836236 0.068919 -10.823326 -1.575255 3.312170 21.343073 11.347258 -6.889003 -106.975633 -4.699057 -9.278600 -96.622632 35.082161 22.047494 -61.789868 -51.384233 53.758729 3.220081 -4.060905 -8.632610 38.601849 -5.096457 -19.335892 126.125490 22.771922 -10.346338 36.309316 -22.757159 -20.592208 29.055601 -0.224705 33.087287 0.000000 13.320958 0.000000 16.261536 -9.697369 -14.498315 0.000000 -11.669426 0.000000 -43.318418 -79.664519 20.170898 0.000000 76.498618 0.000000 3.712196 -4.598425 -8.440235 0.000000 -7.204038 0.000000
-39.978839 69.275299 -56.363202 -44.329138 15.086062 2.634343 2.538658 1.503142 -0.255901 2.093824 1.188213 -0.439214 0.663034 0.950118 -0.604923 0.126361 0.706114 -0.513190 -24.848067 -4.726321 0.129261 -10.868639 -1.843271 3.247675 21.320495 11.341127 -6.843780 -106.916080 -4.836816 -9.262133 -96.610652 35.007713 22.133880 -61.253870 -51.398944 53.387640 3.299233 -3.977727 -8.741839 38.494567 -5.080981 -19.365101 125.986391 22.752132 -10.548221 36.265693 -22.649696 -20.449150 29.112219 -0.067933 32.975422 0.000000 13.111884 0.000000 16.301047 -9.731975 -14.392021 0.000000 -11.570831 0.000000 -42.606526 -79.687630 19.473296 0.000000 76.398432 0.000000 3.729234 -4.562039 -8.420158 0.000000 -7.202852 0.000000
-39.931461 69.322992 -56.396820 -44.366981 15.085747 2.674239 2.621608 1.506962 -0.247836 2.155267 1.245648 -0.443102 0.685697 0.950267 -0.597082 0.160732 0.678704 -0.493079 -25.003985 -4.556947 0.063549 -10.945641 -2.077777 3.348737 21.249433 11.403206 -6.870297 -106.875743 -4.882997 -9.226669 -96.566925 34.953005 22.207009 -60.467441 -51.199842 52.880528 3.367639 -3.915960 -8.868272 38.354334 -5.082053 -19.381281 125.891539 22.718702 -10.680770 36.262236 -22.583166 -20.260577 29.100124 0.085939 32.873125 0.000000 12.918588 0.000000 16.456461 -9.770491 -14.332626 0.000000 -11.455768 0.000000 -42.168580 -79.696339 19.094582 0.000000 76.269569 0.000000 3.739008 -4.511387 -8.393397 0.000000 -7.165971 0.000000
-39.887286 69.371851 -56.431042 -44.438074 15.105274 2.724467 2.658898 1.596789 -0.273370 2.238761 1.178107 -0.443794 0.752757 0.925259 -0.622658 0.218394 0.723440 -0.516444 -25.149511 -4.396459 0.052702 -11.020211 -2.298681 3.506022 21.299430 11.217420 -6.698932 -106.940715 -5.150928 -9.477828 -96.534606 34.907673 22.267638 -59.606426 -50.906316 52.149821 3.362215 -3.882366 -8.922565 38.302708 -5.121181 -19.413498 125.802779 22.711274 -10.799715 36.381951 -22.530600 -20.233487 29.063418 0.262706 32.749645 0.000000 12.736389 0.000000 16.666265 -9.770169 -14.340766 0.000000 -11.374529 0.000000 -41.721313 -79.733545 18.737857 0.000000 76.134607 0.000000 3.751101 -4.446040 -8.358234 0.000000 -7.174749 0.000000
-39.841821 69.420508 -56.470801 -44.507234 15.159715 2.749217 2.831309 1.504827 -0.262106 2.323676 1.324445 -0.452749 0.736122 0.955407 -0.614409 0.172530 0.698448 -0.633320 -25.282992 -4.412620 0.159858 -11.078756 -2.328866 3.556130 21.236504 11.387229 -6.638534 -106.900821 -5.192769 -9.213246 -96.692627 34.941976 22.187775 -58.737007 -50.668694 51.633044 3.385883 -3.900512 -8.901474 38.291101 -5.162692 -19.501763 125.764923 22.707104 -10.892452 36.409684 -22.578470 -20.175611 28.963611 0.414025 32.627518 0.000000 12.576243 0.000000 16.927349 -9.764747 -14.355799 0.000000 -11.247676 0.000000 -41.391395 -79.779599 18.521116 0.000000 75.985203 0.000000 3.743452 -4.378561 -8.276027 0.000000 -7.138832 0.000000
-39.795770 69.465594 -56.507324 -44.587179 15.220534 2.761683 2.915075 1.496005 -0.294608 2.408322 1.307398 -0.445270 0.774027 0.972640 -0.602978 0.200697 0.730123 -0.556747 -25.410026 -4.412829 0.099167 -11.143377 -2.441165 3.611978 21.241819 11.395043 -6.682117 -106.966021 -5.310159 -9.291195 -96.791216 34.953817 22.147945 -57.721746 -50.410186 50.867715 3.512017 -3.937308 -9.059793 38.124153 -5.244598 -19.559437 125.824412 22.642942 -10.923193 36.389079 -22.538554 -20.061345 28.901824 0.523032 32.517515 0.000000 12.438823 0.000000 17.115182 -9.740764 -14.369146 0.000000 -11.137384 0.000000 -41.167261 -79.812479 18.412125 0.000000 75.828348 0.000000 3.740004 -4.311108 -8.200148 0.000000 -7.092231 0.000000
-39.747806 69.509052 -56.553668 -44.629508 15.313375 2.779155 3.009969 1.469202 -0.307761 2.451288 1.297419 -0.476805 0.793793 0.951879 -0.611513 0.209347 0.775335 -0.457222 -25.492918 -4.426611 0.037380 -11.189826 -2.533295 3.677962 21.259047 11.455624 -6.777667 -106.989811 -5.348657 -9.290320 -96.814013 34.982514 22.110168 -57.257402 -50.141445 50.200435 3.624219 -4.012156 -9.193001 37.994351 -5.218779 -19.608949 125.900221 22.555168 -10.973986 36.316875 -22.466790 -20.004921 28.857599 0.558071 32.413916 0.000000 12.294973 0.000000 17.212894 -9.685493 -14.472225 0.000000 -11.095227 0.000000 -41.332422 -79.855833 18.635322 0.000000 75.665338 0.000000 3.766685 -4.213844 -8.172379 0.000000 -7.069178 0.000000
-39.705786 69.548346 -56.595703 -44.661075 15.389275 2.773301 3.066050 1.476500 -0.299428 2.488263 1.234048 -0.496120 0.811626 0.941570 -0.622435 0.226368 0.854625 -0.364956 -25.558004 -4.529632 -0.054785 -11.230553 -2.500142 3.765952 21.294543 11.428492 -6.860751 -107.025626 -5.451287 -9.402229 -96.975779 35.009263 22.037896 -56.252860 -49.961318 49.505700 3.700499 -4.091987 -9.340571 37.953901 -5.159283 -19.646575 125.947684 22.544892 -11.066261 36.281832 -22.513893 -19.873224 28.833389 0.565152 32.349611 0.000000 12.177689 0.000000 17.272375 -9.648950 -14.537129 0.000000 -11.031501 0.000000 -41.657976 -79.850840 18.980594 0.000000 75.511355 0.000000 3.826780 -4.151585 -8.138897 0.000000 -7.043959 0.000000
-39.668198 69.595410 -56.638800 -44.666141 15.464790 2.729222 3.131653 1.436387 -0.259440 2.509194 1.184635 -0.489448 0.806118 1.008286 -0.645917 0.244786 0.871821 -0.288465 -25.620286 -4.561092 -0.105695 -11.264236 -2.544479 3.791635 21.329841 11.421295 -6.959018 -107.065969 -5.523300 -9.507281 -97.043772 35.012322 22.015932 -55.433656 -49.532573 48.967761 3.827260 -4.180628 -9.465517 37.849145 -5.111217 -19.710072 126.094794 22.511639 -11.027390 36.275025 -22.621479 -19.976871 28.713011 0.581222 32.331685 0.000000 12.074543 0.000000 17.383758 -9.594534 -14.701944 0.000000 -10.982238 0.000000 -42.234056 -79.795620 19.544499 0.000000 75.343949 0.000000 3.903087 -4.091057 -8.127016 0.000000 -7.041136 0.000000
-39.630222 69.640765 -56.681433 -44.606828 15.541990 2.700451 3.171284 1.368867 -0.238326 2.521178 1.186405 -0.472871 0.843308 1.023406 -0.628626 0.248954 0.904937 -0.356171 -25.732947 -4.588446 0.013218 -11.301364 -2.519735 3.692833 21.320961 11.418322 -6.936325 -107.065500 -5.518665 -9.546100 -97.184948 35.007537 21.984379 -54.707894 -49.444349 48.558789 3.901609 -4.229001 -9.463779 37.674617 -5.040592 -19.805695 126.227674 22.299402 -11.131872 36.141273 -22.503951 -19.606823 28.587394 0.515334 32.324821 0.000000 12.017558 0.000000 17.417362 -9.546551 -14.874007 0.000000 -10.992137 0.000000 -43.077958 -79.735795 20.280848 0.000000 75.207808 0.000000 4.028045 -4.086481 -8.116290 0.000000 -6.989423 0.000000
-39.591858 69.685535 -56.722760 -44.562078 15.576882 2.677400 3.227557 1.362305 -0.208664 2.548144 1.207061 -0.471746 0.858201 1.017231 -0.679435 0.276807 0.935664 -0.339338 -25.870387 -4.532850 0.126618 -11.355797 -2.689762 3.632876 21.276906 11.347257 -6.899928 -107.073890 -5.628475 -9.676325 -97.317899 34.998149 21.959185 -53.926950 -49.357674 48.079865 3.944401 -4.343261 -9.521297 37.509350 -4.967643 -19.854640 126.371403 22.270541 -11.170564 36.088699 -22.524025 -19.487781 28.555970 0.433304 32.330823 0.000000 11.972812 0.000000 17.379822 -9.507042 -14.939428 0.000000 -11.044787 0.000000 -43.737760 -79.655915 20.832676 0.000000 75.092372 0.000000 4.168144 -4.116384 -8.078608 0.000000 -6.930977 0.000000
-39.547949 69.724805 -56.755414 -44.515887 15.606753 2.653280 3.321390 1.323279 -0.197031 2.626181 1.241464 -0.451992 0.810031 1.051246 -0.646078 0.219632 0.912323 -0.352916 -25.932803 -4.555139 0.119717 -11.383450 -2.699058 3.622347 21.294337 11.390989 -6.911860 -107.139205 -5.685145 -9.735495 -97.369027 34.985681 21.960719 -53.409032 -49.128713 47.860488 4.002860 -4.377253 -9.604225 37.413030 -4.888113 -19.944485 126.477719 22.246814 -11.222471 36.031964 -22.522007 -19.413967 28.614363 0.327532 32.350749 0.000000 11.897857 0.000000 17.239787 -9.483484 -15.011486 0.000000 -11.044569 0.000000 -44.457858 -79.569969 21.421213 0.000000 74.988593 0.000000 4.333113 -4.153780 -8.057173 0.000000 -6.854271 0.000000
-39.498682 69.763293 -56.801111 -44.433260 15.642900 2.644035 3.337023 1.371331 -0.182764 2.658401 1.191496 -0.446927 0.820452 1.045144 -0.663003 0.225932 0.931154 -0.341208 -26.056433 -4.525907 0.143772 -11.437675 -2.780762 3.625193 21.252810 11.392997 -6.934586 -107.132537 -5.659435 -9.788506 -97.493804 34.966045 21.950416 -52.623033 -49.080016 47.606889 4.013818 -4.421828 -9.688137 37.344442 -4.809378 -19.993314 126.555744 22.289032 -11.242412 36.161487 -22.665261 -19.391301 28.549230 0.207163 32.354082 0.000000 11.912474 0.000000 17.160012 -9.465151 -15.118558 0.000000 -11.083094 0.000000 -45.264672 -79.490696 22.068138 0.000000 74.877181 0.000000 4.481165 -4.165613 -8.055702 0.000000 -6.801518 0.000000
-39.452740 69.794464 -56.845270 -44.338104 15.666957 2.631253 3.327544 1.375508 -0.215238 2.671884 1.220242 -0.434872 0.881863 1.037414 -0.567238 0.232017 0.969815 -0.402939 -26.206524 -4.577837 0.246312 -11.497139 -2.841643 3.552970 21.204333 11.379985 -6.955049 -107.207627 -5.763781 -9.845188 -97.508224 34.957219 21.955813 -51.937738 -48.927380 47.222702 4.042657 -4.496014 -9.773903 37.201835 -4.804492 -20.065756 126.609176 22.292401 -11.305546 36.138570 -22.654613 -19.158360 28.550694 0.040143 32.373818 0.000000 11.933440 0.000000 17.007283 -9.479037 -15.210420 0.000000 -11.049178 0.000000 -46.176425 -79.394810 22.793317 0.000000 74.764635 0.000000 4.643411 -4.118083 -8.065408 0.000000 -6.809149 0.000000
-39.396896 69.820660 -56.889355 -44.246339 15.704696 2.619712 3.327689 1.414298 -0.223395 2.696422 1.188443 -0.424709 0.886478 1.056611 -0.554221 0.242663 0.920566 -0.394386 -26.278382 -4.566899 0.241584 -11.529633 -2.866699 3.565625 21.136948 11.536647 -7.067309 -107.262010 -5.624106 -9.761027 -97.542191 34.904844 22.007372 -51.049504 -48.729001 46.798065 4.148178 -4.490576 -9.868580 37.009315 -4.843402 -20.143688 126.715461 22.256811 -11.303762 36.181686 -22.712824 -19.091028 28.461742 -0.081902 32.370958 0.000000 11.954224 0.000000 16.957289 -9.488706 -15.286831 0.000000 -11.064976 0.000000 -47.095943 -79.314710 23.544417 0.000000 74.638667 0.000000 4.782635 -4.041726 -8.131211 0.000000 -6.805734 0.000000
-39.345895 69.844305 -56.936749 -44.185952 15.726025 2.610458 3.364485 1.435694 -0.226363 2.727110 1.227027 -0.428823 0.888986 1.007162 -0.569379 0.234319 0.934088 -0.400467 -26.358947 -4.537602 0.286237 -11.564900 -2.933123 3.583342 21.118664 11.569103 -7.025435 -107.308639 -5.692663 -9.760047 -97.516193 34.906596 22.012800 -50.590535 -48.542104 46.621534 4.205507 -4.452085 -9.915325 36.867326 -4.888177 -20.250892 126.756422 22.249761 -11.330753 36.122306 -22.704319 -19.016893 28.496695 -0.235455 32.381052 0.000000 11.972421 0.000000 16.801066 -9.503382 -15.326940 0.000000 -11.066587 0.000000 -47.926788 -79.234213 24.227816 0.000000 74.525134 0.000000 4.913014 -3.941457 -8.127191 0.000000 -6.832366 0.000000
-39.290103 69.869879 -56.977612 -44.160175 15.730031 2.621679 3.373871 1.456276 -0.257303 2.745415 1.261849 -0.441029 0.906059 1.044389 -0.551824 0.253536 0.888202 -0.415639 -26.458730 -4.580565 0.312003 -11.607687 -2.911814 3.582301 21.045634 11.542108 -6.998290 -107.324494 -5.697727 -9.806029 -97.505377 34.797337 22.140876 -49.710273 -48.184654 46.042323 4.211396 -4.437972 -10.027172 36.827283 -4.917755 -20.275495 126.737040 22.264179 -11.368813 36.087118 -22.632542 -18.968655 28.633959 -0.366475 32.370939 0.000000 11.946250 0.000000 16.601599 -9.533245 -15.334471 0.000000 -11.046050 0.000000 -48.496794 -79.172583 24.683023 0.000000 74.413866 0.000000 5.046426 -3.884858 -8.185135 0.000000 -6.841852 0.000000
-39.234973 69.898376 -57.017139 -44.155085 15.734448 2.633711 3.389313 1.489841 -0.298351 2.792648 1.255880 -0.456267 0.909957 1.100174 -0.554245 0.276819 0.853909 -0.411316 -26.513875 -4.705256 0.355932 -11.623985 -2.751848 3.512230 20.995804 11.506484 -6.955790 -107.363241 -5.902007 -9.880286 -97.364763 34.793207 22.182068 -49.393470 -47.881323 45.648295 4.307160 -4.488121 -10.089268 36.675252 -4.889645 -20.324196 126.760672 22.208827 -11.391300 35.979952 -22.538278 -18.891025 28.779552 -0.459858 32.350058 0.000000 11.881708 0.000000 16.442128 -9.544255 -15.321430 0.000000 -11.052725 0.000000 -49.007009 -79.117947 25.102409 0.000000 74.304856 0.000000 5.170175 -3.837118 -8.253733 0.000000 -6.836787 0.000000
-39.182300 69.918146 -57.057129 -44.171401 15.749073 2.625170 3.412388 1.540532 -0.325328 2.842314 1.236345 -0.458944 0.922583 1.072836 -0.575034 0.286972 0.872585 -0.368126 -26.570410 -4.743628 0.293610 -11.657213 -2.712865 3.596029 20.957884 11.526414 -6.973176 -107.359234 -5.928242 -9.880397 -97.287884 34.738346 22.263876 -48.824372 -47.692523 45.323848 4.399387 -4.525720 -10.197875 36.548268 -4.867597 -20.346591 126.745916 22.168393 -11.430128 35.966402 -22.491949 -18.818306 28.878372 -0.543311 32.339943 0.000000 11.860541 0.000000 16.336376 -9.585365 -15.323239 0.000000 -11.022472 0.000000 -49.598682 -79.059400 25.630839 0.000000 74.196056 0.000000 5.289748 -3.776301 -8.317843 0.000000 -6.802226 0.000000
-39.133151 69.926550 -57.091986 -44.227907 15.737979 2.636399 3.454722 1.531973 -0.405514 2.886322 1.339366 -0.491062 0.943114 1.047596 -0.502506 0.261136 0.894326 -0.353298 -26.570825 -4.803129 0.286890 -11.661289 -2.713085 3.612037 20.970265 11.509498 -7.015162 -107.396609 -5.941612 -9.897718 -97.189183 34.627855 22.415938 -48.241945 -47.373697 44.970617 4.445076 -4.548664 -10.323155 36.531521 -4.845655 -20.373807 126.637346 22.156030 -11.549810 35.979063 -22.456413 -18.730110 28.989060 -0.539871 32.326964 0.000000 11.796124 0.000000 16.263929 -9.580525 -15.443850 0.000000 -11.043439 0.000000 -49.904774 -79.030781 25.921022 0.000000 74.109513 0.000000 5.385424 -3.692693 -8.364863 0.000000 -6.782228 0.000000
-39.077948 69.933636 -57.117084 -44.308244 15.722730 2.662501 3.497333 1.573677 -0.448643 2.940300 1.361555 -0.517851 0.955171 1.048511 -0.561308 0.285228 0.911449 -0.365940 -26.636623 -4.800771 0.432360 -11.676189 -2.759845 3.491005 20.925541 11.477335 -6.981814 -107.370336 -5.966559 -9.895291 -97.121096 34.538960 22.534139 -47.549630 -47.234559 44.445670 4.480251 -4.576171 -10.382393 36.475352 -4.847972 -20.345561 126.584955 22.129777 -11.611437 35.906488 -22.393008 -18.575763 29.084493 -0.478092 32.292864 0.000000 11.710091 0.000000 16.224520 -9.553320 -15.584383 0.000000 -11.027902 0.000000 -50.264288 -79.008497 26.254977 0.000000 74.018425 0.000000 5.521298 -3.585167 -8.451066 0.000000 -6.756369 0.000000
-39.027841 69.941504 -57.144171 -44.399697 15.725118 2.665134 3.516443 1.590504 -0.507142 2.952206 1.373743 -0.542142 1.019092 1.081880 -0.539398 0.320930 0.933376 -0.387736 -26.674840 -4.873170 0.546918 -11.681484 -2.759929 3.366314 20.910310 11.438887 -6.972956 -107.381418 -6.061853 -9.889589 -96.960903 34.520496 22.595387 -46.992750 -46.871090 44.163403 4.481408 -4.587109 -10.396612 36.535906 -4.807695 -20.416105 126.529303 22.028891 -11.671392 35.939168 -22.357582 -18.581150 29.094426 -0.389783 32.268206 0.000000 11.641652 0.000000 16.298289 -9.510941 -15.796023 0.000000 -10.997399 0.000000 -50.500728 -78.997617 26.527289 0.000000 73.920171 0.000000 5.602056 -3.467989 -8.520075 0.000000 -6.742024 0.000000
-38.978943 69.945911 -57.168530 -44.495296 15.729072 2.676851 3.539184 1.628157 -0.559166 2.978579 1.360699 -0.568191 1.048347 1.066514 -0.564154 0.354684 0.955542 -0.326072 -26.673183 -4.862397 0.468337 -11.689861 -2.817534 3.425635 20.892087 11.457986 -7.019260 -107.370687 -6.157163 -9.897793 -96.915671 34.485291 22.646220 -46.379387 -46.750666 43.840108 4.536991 -4.553914 -10.517214 36.502923 -4.798622 -20.416890 126.457651 22.033488 -11.767094 35.868333 -22.264405 -18.474655 29.046250 -0.236310 32.224210 0.000000 11.542609 0.000000 16.466513 -9.462819 -16.018021 0.000000 -10.968508 0.000000 -50.783422 -78.992248 26.832021 0.000000 73.829784 0.000000 5.698940 -3.365657 -8.584716 0.000000 -6.731062 0.000000
-38.936655 69.954004 -57.194055 -44.569902 15.731316 2.692846 3.548687 1.634623 -0.624573 2.999362 1.363611 -0.595530 1.048345 1.093914 -0.545678 0.353472 0.972669 -0.284185 -26.622750 -4.890638 0.386525 -11.681768 -2.855660 3.529221 20.906623 11.455814 -7.129625 -107.301514 -6.111044 -9.859859 -96.903077 34.423508 22.719656 -46.116202 -46.565002 43.610492 4.610206 -4.561349 -10.652583 36.564829 -4.763119 -20.371074 126.329315 22.117088 -11.881890 35.871485 -22.238145 -18.443390 28.965044 -0.067382 32.183826 0.000000 11.438575 0.000000 16.644541 -9.433690 -16.255154 0.000000 -10.925836 0.000000 -51.096771 -78.976385 27.139408 0.000000 73.750266 0.000000 5.794661 -3.291552 -8.627544 0.000000 -6.707306 0.000000
-38.898697 69.960315 -57.217999 -44.640422 15.716973 2.714439 3.590018 1.634326 -0.660935 3.013952 1.407251 -0.640994 1.069198 1.156266 -0.598216 0.413841 0.954311 -0.261185 -26.673179 -5.006036 0.434431 -11.704008 -2.749882 3.548179 20.853125 11.394429 -7.128162 -107.327080 -6.091201 -9.861977 -96.854930 34.330990 22.837135 -45.420980 -46.263778 43.241263 4.602820 -4.603873 -10.673893 36.577850 -4.776196 -20.367534 126.329150 22.079041 -11.929824 35.845193 -22.214286 -18.411985 28.955836 0.074422 32.149576 0.000000 11.329091 0.000000 16.744167 -9.397783 -16.372094 0.000000 -10.930120 0.000000 -51.155580 -78.971960 27.207468 0.000000 73.686685 0.000000 5.879213 -3.253893 -8.633425 0.000000 -6.645621 0.000000
-38.864923 69.968445 -57.242053 -44.692196 15.709858 2.733254 3.624581 1.628238 -0.716154 3.042847 1.467851 -0.671249 1.084479 1.152134 -0.584203 0.411990 0.975241 -0.251241 -26.678792 -5.028673 0.390963 -11.719548 -2.818762 3.653101 20.816006 11.333369 -7.179469 -107.298871 -6.283724 -9.870359 -96.883921 34.410548 22.738303 -44.726908 -46.013734 43.280244 4.636678 -4.669422 -10.772052 36.593649 -4.743226 -20.294256 126.279510 22.114273 -12.017156 35.756959 -22.188884 -18.304245 28.971550 0.167437 32.123986 0.000000 11.242761 0.000000 16.794852 -9.403745 -16.533709 0.000000 -10.869077 0.000000 -51.278993 -78.965403 27.331120 0.000000 73.625011 0.000000 5.946676 -3.213818 -8.662042 0.000000 -6.618023 0.000000
-38.828317 69.980933 -57.266998 -44.704146 15.708773 2.739054 3.622517 1.641718 -0.753686 3.047762 1.497802 -0.690058 1.078328 1.147512 -0.573987 0.404431 0.966964 -0.226029 -26.626130 -5.079468 0.324777 -11.707726 -2.808538 3.734214 20.831511 11.314843 -7.249915 -107.261923 -6.290499 -9.891625 -96.943196 34.353020 22.790143 -43.727856 -45.688029 42.728856 4.664856 -4.659775 -10.834169 36.687219 -4.724954 -20.279162 126.175956 22.149982 -12.138278 35.745188 -22.141784 -18.195235 28.887844 0.259009 32.102981 0.000000 11.176140 0.000000 16.898119 -9.418448 -16.642972 0.000000 -10.824154 0.000000 -51.493640 -78.942655 27.518003 0.000000 73.556477 0.000000 6.002712 -3.163382 -8.678091 0.000000 -6.618784 0.000000
-38.795114 69.986194 -57.293616 -44.696614 15.710220 2.738253 3.631211 1.643505 -0.774255 3.049843 1.519175 -0.709818 1.076041 1.159424 -0.584496 0.399109 0.999134 -0.230353 -26.597131 -5.157813 0.262122 -11.713094 -2.780877 3.898605 20.825002 11.316599 -7.248499 -107.255338 -6.288541 -9.838232 -96.887351 34.297675 22.866739 -43.149434 -45.492026 42.384418 4.682000 -4.658645 -10.851163 36.735270 -4.724475 -20.288664 126.069691 22.230918 -12.282945 35.662811 -22.144643 -18.097539 28.808157 0.323071 32.094629 0.000000 11.110607 0.000000 16.986925 -9.435833 -16.714426 0.000000 -10.801298 0.000000 -51.749941 -78.917101 27.735088 0.000000 73.502607 0.000000 6.049141 -3.126595 -8.671652 0.000000 -6.585059 0.000000
-38.765192 69.988232 -57.319781 -44.694891 15.706676 2.741118 3.659077 1.654005 -0.798346 3.074069 1.552821 -0.728852 1.067531 1.151967 -0.595407 0.386625 1.005750 -0.236671 -26.583524 -5.170887 0.210070 -11.722147 -2.839543 4.023258 20.792749 11.283455 -7.255306 -107.219365 -6.273726 -9.847226 -96.935270 34.225642 22.936637 -42.248988 -45.279224 41.869667 4.656935 -4.621934 -10.874584 36.823983 -4.765931 -20.274662 126.026682 22.254884 -12.372924 35.595275 -22.167629 -18.022415 28.763736 0.360566 32.084409 0.000000 11.069761 0.000000 17.048276 -9.452898 -16.755060 0.000000 -10.773767 0.000000 -51.878247 -78.905184 27.848822 0.000000 73.458860 0.000000 6.073286 -3.099138 -8.675670 0.000000 -6.557798 0.000000
-38.738052 69.993176 -57.342358 -44.666557 15.716880 2.733468 3.633168 1.672146 -0.828284 3.069314 1.512356 -0.734514 1.090176 1.188937 -0.584259 0.402277 1.013733 -0.253048 -26.552753 -5.200434 0.234274 -11.710300 -2.883150 4.015681 20.780820 11.245418 -7.243499 -107.196782 -6.317784 -9.879578 -96.945627 34.171384 22.995261 -41.659352 -45.047840 41.485639 4.654020 -4.626310 -10.885254 36.877028 -4.773339 -20.241173 125.966619 22.291916 -12.476492 35.550042 -22.154508 -17.873374 28.701817 0.350650 32.081948 0.000000 11.055009 0.000000 17.090120 -9.461675 -16.805656 0.000000 -10.765106 0.000000 -52.090935 -78.879757 28.027774 0.000000 73.410078 0.000000 6.099948 -3.078071 -8.695356 0.000000 -6.549201 0.000000
-38.714841 69.998126 -57.366028 -44.630309 15.730072 2.718394 3.620016 1.695209 -0.838744 3.061116 1.463515 -0.743559 1.102848 1.207191 -0.608791 0.422050 1.044901 -0.238047 -26.549321 -5.199485 0.306942 -11.704547 -3.012121 3.940679 20.749172 11.214288 -7.228879 -107.170579 -6.367577 -9.904149 -96.979507 34.149796 23.011998 -40.749817 -44.943321 41.029991 4.630320 -4.666325 -10.895755 36.961881 -4.754586 -20.176072 125.924571 22.352180 -12.565573 35.485891 -22.129109 -17.823599 28.704829 0.292526 32.091073 0.000000 11.028650 0.000000 17.059193 -9.479439 -16.766776 0.000000 -10.772180 0.000000 -52.282458 -78.852549 28.192041 0.000000 73.366776 0.000000 6.112053 -3.076389 -8.702645 0.000000 -6.518872 0.000000
-38.694815 70.001660 -57.386877 -44.609863 15.732761 2.710826 3.633074 1.692413 -0.858568 3.066823 1.474339 -0.760417 1.103734 1.209268 -0.616837 0.414753 1.080066 -0.241656 -26.511596 -5.239756 0.391236 -11.683470 -3.098366 3.866374 20.737734 11.187439 -7.226233 -107.154712 -6.484661 -9.881158 -97.014511 34.174894 22.974340 -40.042227 -44.731655 40.705323 4.623331 -4.692007 -10.884926 37.021246 -4.724846 -20.139161 125.840709 22.415167 -12.701410 35.462144 -22.147527 -17.743797 28.752508 0.239987 32.096565 0.000000 11.004444 0.000000 17.006817 -9.514783 -16.711762 0.000000 -10.739863 0.000000 -52.346387 -78.842852 28.248297 0.000000 73.336547 0.000000 6.111287 -3.064284 -8.689433 0.000000 -6.495042 0.000000
-38.677905 70.011914 -57.405585 -44.587711 15.735665 2.706558 3.656369 1.687988 -0.873498 3.078951 1.468177 -0.779459 1.104395 1.223183 -0.632801 0.423490 1.103018 -0.215307 -26.491444 -5.176069 0.410374 -11.678246 -3.315455 3.854957 20.707762 11.184201 -7.202300 -107.189299 -6.539804 -9.879451 -97.003200 34.122897 23.036979 -39.457320 -44.410263 40.407001 4.631634 -4.712166 -10.878110 37.021852 -4.735231 -20.102143 125.811610 22.435247 -12.767256 35.389730 -22.096937 -17.671412 28.816560 0.172602 32.102325 0.000000 10.988300 0.000000 16.938439 -9.540940 -16.673561 0.000000 -10.731358 0.000000 -52.403147 -78.829077 28.286093 0.000000 73.304351 0.000000 6.118182 -3.059609 -8.647976 0.000000 -6.458795 0.000000
-38.661676 70.023309 -57.423285 -44.569959 15.731858 2.707407 3.661664 1.678611 -0.900812 3.078944 1.478589 -0.796848 1.112132 1.240034 -0.632305 0.419980 1.125541 -0.242187 -26.493518 -5.190938 0.520862 -11.666455 -3.377638 3.730913 20.726756 11.148236 -7.142204 -107.211251 -6.546896 -9.892468 -97.031477 34.025674 23.140518 -38.807594 -44.310189 39.919525 4.646279 -4.708624 -10.841665 37.065428 -4.767662 -20.064817 125.794994 22.439110 -12.821584 35.263587 -21.994317 -17.665682 28.911210 0.099269 32.106800 0.000000 10.969508 0.000000 16.840694 -9.568882 -16.643274 0.000000 -10.736647 0.000000 -52.417865 -78.815708 28.283751 0.000000 73.271029 0.000000 6.117561 -3.057204 -8.620168 0.000000 -6.427816 0.000000
-38.652588 70.035583 -57.440076 -44.541827 15.728117 2.704695 3.670258 1.654792 -0.938994 3.084979 1.513331 -0.795025 1.035793 1.352862 -0.568239 0.348825 1.188481 -0.154894 -26.333264 -5.588379 0.457005 -11.609087 -3.262650 3.681711 20.862380 11.026917 -7.333791 -107.204414 -6.607242 -9.871838 -97.021757 34.045420 23.119789 -38.787187 -44.047897 39.922421 4.733688 -4.833111 -11.037235 37.181847 -4.798586 -19.999760 125.742898 22.430929 -12.955057 35.203968 -22.004296 -17.481168 29.013910 0.017650 32.124479 0.000000 10.935418 0.000000 16.698028 -9.572734 -16.627722 0.000000 -10.741082 0.000000 -52.442692 -78.796557 28.285547 0.000000 73.241529 0.000000 6.124034 -3.040416 -8.611329 0.000000 -6.415280 0.000000
-38.645905 70.044342 -57.458014 -44.510961 15.731583 2.699879 3.686399 1.634287 -0.964985 3.088492 1.543153 -0.806653 1.065681 1.334435 -0.541375 0.354220 1.213069 -0.147369 -26.308881 -5.600302 0.436261 -11.603499 -3.339822 3.689394 20.819843 10.975566 -7.314338 -107.209433 -6.649938 -9.936912 -97.108242 34.018473 23.129203 -38.057912 -44.008863 39.709646 4.692594 -4.837952 -11.036151 37.214781 -4.757476 -19.939328 125.729461 22.447563 -13.066363 35.103701 -22.024430 -17.410523 29.043060 -0.037079 32.134201 0.000000 10.911679 0.000000 16.624043 -9.562734 -16.588617 0.000000 -10.755932 0.000000 -52.491801 -78.778478 28.316314 0.000000 73.213180 0.000000 6.122832 -3.025509 -8.592023 0.000000 -6.392821 0.000000
-38.641528 70.046704 -57.469019 -44.477511 15.734611 2.689728 3.696065 1.607103 -0.975520 3.078049 1.556246 -0.808491 1.106797 1.324697 -0.534647 0.382187 1.242214 -0.147420 -26.321647 -5.606861 0.430603 -11.610127 -3.396117 3.672699 20.778458 10.972332 -7.288433 -107.249510 -6.627957 -9.944501 -97.104194 33.949364 23.209341 -37.431523 -43.801380 39.518205 4.643987 -4.827009 -11.028998 37.243215 -4.741302 -19.881180 125.728717 22.455865 -13.158199 35.024504 -22.023656 -17.319940 29.072063 -0.088969 32.148053 0.000000 10.887723 0.000000 16.553529 -9.566041 -16.542334 0.000000 -10.755448 0.000000 -52.512024 -78.761055 28.314266 0.000000 73.196840 0.000000 6.132073 -3.037888 -8.563620 0.000000 -6.365555 0.000000
-38.634842 70.053125 -57.475476 -44.428615 15.729040 2.685952 3.738117 1.578933 -0.970922 3.082708 1.598772 -0.797288 1.101342 1.310357 -0.531915 0.366912 1.228915 -0.168787 -26.282454 -5.628674 0.421793 -11.589814 -3.397786 3.617059 20.731151 10.939359 -7.280259 -107.230893 -6.642817 -9.972189 -97.120455 33.920774 23.237737 -36.811632 -43.613193 39.270201 4.571904 -4.770199 -10.997241 37.333458 -4.754100 -19.857433 125.692470 22.440404 -13.214072 35.005626 -22.048740 -17.244661 29.064931 -0.122319 32.158798 0.000000 10.872483 0.000000 16.512910 -9.573316 -16.517357 0.000000 -10.750887 0.000000 -52.480460 -78.741195 28.242023 0.000000 73.182980 0.000000 6.143360 -3.060410 -8.510394 0.000000 -6.310016 0.000000
-38.630591 70.065125 -57.476678 -44.377705 15.732545 2.680628 3.735229 1.586442 -0.944125 3.067095 1.520993 -0.788273 1.129401 1.335628 -0.579736 0.410854 1.280529 -0.176724 -26.252735 -5.640227 0.376976 -11.585345 -3.428452 3.668709 20.695597 10.897499 -7.237673 -107.253799 -6.711667 -10.006749 -97.099046 33.878584 23.290380 -36.303109 -43.350778 38.981234 4.508683 -4.761401 -10.950205 37.364832 -4.729450 -19.827328 125.655582 22.382649 -13.315069 34.939037 -22.028263 -17.050100 29.041687 -0.148325 32.164572 0.000000 10.851916 0.000000 16.494557 -9.601100 -16.482915 0.000000 -10.735587 0.000000 -52.475358 -78.723930 28.194780 0.000000 73.171472 0.000000 6.143963 -3.092633 -8.456876 0.000000 -6.266945 0.000000
-38.628937 70.077686 -57.474097 -44.337389 15.718268 2.683677 3.764034 1.585484 -0.930695 3.072604 1.493525 -0.782741 1.126959 1.357080 -0.597889 0.414778 1.301252 -0.184942 -26.153066 -5.684640 0.322325 -11.546411 -3.438322 3.657417 20.704819 10.876334 -7.220965 -107.260103 -6.711502 -10.001267 -97.130801 33.856296 23.307796 -35.881851 -43.275776 38.860077 4.491269 -4.769861 -10.952730 37.427154 -4.752739 -19.761147 125.671500 22.415592 -13.312271 34.888906 -22.150629 -17.049803 29.004377 -0.126637 32.166384 0.000000 10.825833 0.000000 16.512219 -9.630375 -16.444283 0.000000 -10.712534 0.000000 -52.368838 -78.709102 28.054237 0.000000 73.172644 0.000000 6.143423 -3.137991 -8.449049 0.000000 -6.229877 0.000000
-38.628787 70.090851 -57.472131 -44.300885 15.715066 2.677424 3.801280 1.552705 -0.909496 3.069204 1.501016 -0.781144 1.133093 1.366888 -0.606444 0.425554 1.303817 -0.184401 -26.112267 -5.701596 0.232988 -11.539622 -3.465232 3.708564 20.680005 10.851237 -7.226154 -107.257139 -6.729889 -10.019164 -97.105247 33.838443 23.335185 -35.253301 -43.027741 38.684771 4.464850 -4.790670 -10.944361 37.451769 -4.706315 -19.695849 125.645744 22.443936 -13.358742 34.764332 -22.049791 -17.043864 28.966148 -0.121388 32.169585 0.000000 10.813322 0.000000 16.550083 -9.675689 -16.407820 0.000000 -10.691492 0.000000 -52.328297 -78.692645 27.984275 0.000000 73.167942 0.000000 6.147922 -3.152401 -8.433354 0.000000 -6.212256 0.000000
-38.625787 70.099115 -57.469666 -44.277215 15.707857 2.685810 3.852954 1.520125 -0.891433 3.084060 1.523882 -0.778245 1.134635 1.390033 -0.614520 0.426711 1.279389 -0.230875 -26.075601 -5.702207 0.239467 -11.520431 -3.507712 3.655801 20.638071 10.776549 -7.173196 -107.184073 -6.852080 -10.103763 -97.155527 33.843301 23.317038 -34.556122 -42.952352 38.292375 4.404403 -4.799715 -10.910337 37.495762 -4.666943 -19.631894 125.617794 22.414343 -13.405516 34.650069 -21.933516 -16.929107 28.939964 -0.098932 32.152935 0.000000 10.797117 0.000000 16.589165 -9.718791 -16.330953 0.000000 -10.645829 0.000000 -52.205118 -78.689487 27.840726 0.000000 73.157622 0.000000 6.141612 -3.164946 -8.404375 0.000000 -6.201068 0.000000
-38.621887 70.102997 -57.463953 -44.253067 15.711415 2.684910 3.872301 1.520057 -0.861676 3.087239 1.485348 -0.772254 1.170970 1.357490 -0.645701 0.456728 1.341338 -0.226449 -26.063383 -5.700292 0.220313 -11.514877 -3.580201 3.611827 20.598400 10.725072 -7.176480 -107.185128 -6.884636 -10.134176 -97.104152 33.819741 23.356017 -33.904775 -42.635180 38.094092 4.375371 -4.799383 -10.901613 37.500712 -4.681306 -19.601672 125.585903 22.449200 -13.449018 34.603024 -21.948692 -16.910666 28.900241 -0.076105 32.136651 0.000000 10.769576 0.000000 16.649721 -9.752453 -16.275773 0.000000 -10.623816 0.000000 -52.142339 -78.678386 27.756800 0.000000 73.139800 0.000000 6.137370 -3.182910 -8.365563 0.000000 -6.169555 0.000000
-38.614444 70.103674 -57.452222 -44.241535 15.704173 2.694090 3.944522 1.488518 -0.811288 3.097328 1.519644 -0.774232 1.174668 1.359336 -0.693869 0.474608 1.331616 -0.262470 -26.062180 -5.683179 0.260554 -11.507517 -3.653885 3.536660 20.568636 10.669675 -7.115901 -107.183311 -6.885615 -10.166823 -97.098221 33.761286 23.424277 -33.259432 -42.369383 37.821662 4.312487 -4.785513 -10.847211 37.509274 -4.672256 -19.575805 125.576748 22.387612 -13.510790 34.555950 -21.915697 -16.829361 28.875746 -0.034164 32.114625 0.000000 10.743381 0.000000 16.700536 -9.781481 -16.251579 0.000000 -10.612523 0.000000 -51.985551 -78.673352 27.582761 0.000000 73.120578 0.000000 6.149000 -3.199214 -8.339327 0.000000 -6.146165 0.000000
-38.604901 70.107715 -57.437714 -44.232281 15.701303 2.706664 3.982849 1.487007 -0.766298 3.111470 1.484538 -0.769755 1.185290 1.385737 -0.745848 0.507521 1.331757 -0.282319 -26.014054 -5.734939 0.230680 -11.487624 -3.630098 3.513949 20.514633 10.628400 -7.089088 -107.148992 -6.879224 -10.168964 -97.114799 33.728175 23.458575 -32.723806 -42.268813 37.555389 4.272341 -4.791390 -10.805951 37.504798 -4.633595 -19.562941 125.553728 22.389501 -13.564833 34.476675 -21.913745 -16.845795 28.863549 -0.005189 32.089447 0.000000 10.728746 0.000000 16.730756 -9.815047 -16.229997 0.000000 -10.606115 0.000000 -51.844552 -78.685141 27.423970 0.000000 73.109016 0.000000 6.159287 -3.196489 -8.297633 0.000000 -6.127378 0.000000
-38.594403 70.115088 -57.417773 -44.227497 15.690372 2.721065 4.037735 1.470644 -0.718388 3.125693 1.495567 -0.768157 1.193846 1.362399 -0.767847 0.503298 1.385054 -0.285590 -25.963480 -5.734779 0.203705 -11.469089 -3.759913 3.481717 20.495436 10.567256 -7.067938 -107.147392 -6.995629 -10.193350 -97.100320 33.731403 23.457431 -32.076713 -42.058135 37.397763 4.250829 -4.802128 -10.828700 37.538558 -4.622463 -19.539947 125.523208 22.388296 -13.601681 34.382776 -21.912889 -16.848796 28.855425 0.040014 32.063615 0.000000 10.707757 0.000000 16.759112 -9.852517 -16.194353 0.000000 -10.594842 0.000000 -51.665746 -78.702705 27.227859 0.000000 73.105002 0.000000 6.167534 -3.180569 -8.257235 0.000000 -6.116918 0.000000
-38.582132 70.124548 -57.393854 -44.221077 15.667033 2.748623 4.041086 1.473768 -0.725949 3.167527 1.484550 -0.750048 1.208883 1.383010 -0.724461 0.502718 1.349017 -0.293064 -25.949505 -5.740571 0.127509 -11.464153 -3.811496 3.424546 20.498608 10.598813 -7.092459 -107.148896 -6.992895 -10.201354 -97.086483 33.674826 23.525013 -31.772581 -41.931868 37.099122 4.254307 -4.777246 -10.880311 37.546897 -4.608776 -19.502181 125.503610 22.383136 -13.648389 34.295589 -21.866914 -16.808236 28.866237 0.087344 32.034462 0.000000 10.693971 0.000000 16.752798 -9.897482 -16.142027 0.000000 -10.592171 0.000000 -51.400409 -78.720091 26.938820 0.000000 73.102214 0.000000 6.176478 -3.196679 -8.240105 0.000000 -6.109448 0.000000
-38.572363 70.134485 -57.370148 -44.225591 15.658650 2.757282 4.079528 1.470923 -0.693470 3.193443 1.461474 -0.740732 1.223296 1.389034 -0.742255 0.519103 1.363579 -0.299141 -25.912804 -5.745788 0.087463 -11.453003 -3.884916 3.419343 20.464393 10.534281 -7.079794 -107.144245 -7.012182 -10.253766 -97.074255 33.637370 23.571182 -31.233697 -41.713018 36.949911 4.225836 -4.798373 -10.887251 37.552016 -4.598022 -19.456741 125.496341 22.370754 -13.673998 34.224532 -21.821154 -16.770723 28.931501 0.090383 32.021892 0.000000 10.679353 0.000000 16.693072 -9.931448 -16.106183 0.000000 -10.575142 0.000000 -51.210768 -78.730873 26.741968 0.000000 73.095477 0.000000 6.188393 -3.206351 -8.223451 0.000000 -6.101355 0.000000
-38.558884 70.137463 -57.344696 -44.238980 15.635772 2.779155 4.103298 1.475132 -0.676591 3.217793 1.457014 -0.735224 1.237006 1.391732 -0.732130 0.523177 1.365882 -0.302938 -25.850862 -5.775254 0.031198 -11.432392 -3.945588 3.413279 20.453342 10.523214 -7.098212 -107.126165 -7.024593 -10.260301 -97.095708 33.580150 23.631289 -30.730971 -41.585842 36.673355 4.212168 -4.795239 -10.912035 37.557315 -4.575670 -19.440313 125.457690 22.363587 -13.744469 34.188016 -21.819088 -16.685061 29.020688 0.101312 32.005429 0.000000 10.675912 0.000000 16.619835 -9.967882 -16.116323 0.000000 -10.579522 0.000000 -50.929937 -78.748278 26.450744 0.000000 73.097776 0.000000 6.197641 -3.234644 -8.173118 0.000000 -6.056823 0.000000
-38.544125 70.136206 -57.317413 -44.255428 15.611611 2.795605 4.106120 1.466687 -0.672238 3.243169 1.458392 -0.706151 1.260734 1.405725 -0.699721 0.522876 1.361121 -0.345045 -25.777715 -5.815321 0.009803 -11.400822 -3.973458 3.370567 20.453266 10.520825 -7.104671 -107.116571 -7.049539 -10.245523 -97.077150 33.545765 23.674745 -30.159235 -41.346705 36.509523 4.214681 -4.788662 -10.937889 37.566744 -4.569777 -19.410028 125.421943 22.375163 -13.808153 34.126948 -21.808304 -16.589839 29.100794 0.117738 31.991969 0.000000 10.679296 0.000000 16.563519 -10.008672 -16.129070 0.000000 -10.587990 0.000000 -50.679040 -78.764544 26.185178 0.000000 73.098436 0.000000 6.212016 -3.221013 -8.106640 0.000000 -6.061790 0.000000
-38.533932 70.135071 -57.287201 -44.274943 15.602100 2.810062 4.142462 1.447343 -0.642308 3.253165 1.454704 -0.706259 1.276159 1.398293 -0.721355 0.547525 1.377231 -0.323908 -25.745494 -5.786173 -0.007308 -11.391210 -4.102489 3.366582 20.411765 10.508292 -7.113881 -107.096977 -7.003647 -10.273558 -97.098025 33.456475 23.770834 -29.624088 -41.215063 36.169007 4.171331 -4.789602 -10.931136 37.599218 -4.539416 -19.385875 125.383492 22.380347 -13.870432 34.044353 -21.774590 -16.522106 29.213010 0.102770 31.977363 0.000000 10.685674 0.000000 16.467854 -10.038758 -16.153547 0.000000 -10.580151 0.000000 -50.479070 -78.779593 25.975701 0.000000 73.094324 0.000000 6.235990 -3.215201 -8.082032 0.000000 -6.034159 0.000000
-38.523016 70.137616 -57.261560 -44.269658 15.600204 2.813662 4.151501 1.433723 -0.636089 3.273816 1.447357 -0.685022 1.297856 1.386970 -0.679878 0.540800 1.399348 -0.327740 -25.698363 -5.821418 -0.054946 -11.378051 -4.145344 3.380201 20.374609 10.501163 -7.160359 -107.070814 -7.011737 -10.273062 -97.045545 33.430612 23.812623 -29.073791 -40.939962 35.878853 4.155691 -4.795409 -10.932408 37.602293 -4.430232 -19.349142 125.314932 22.479090 -14.020698 33.945039 -21.784003 -16.430776 29.243049 0.080796 31.976965 0.000000 10.721825 0.000000 16.410984 -10.054705 -16.235425 0.000000 -10.600769 0.000000 -50.351336 -78.781414 25.830105 0.000000 73.077088 0.000000 6.247373 -3.199622 -8.083150 0.000000 -6.012554 0.000000
-38.506863 70.136542 -57.228247 -44.249926 15.593781 2.818754 4.177214 1.393598 -0.575807 3.247820 1.466622 -0.675703 1.311044 1.397595 -0.719528 0.574737 1.409513 -0.335015 -25.657608 -5.821129 -0.056615 -11.368196 -4.230931 3.425526 20.324632 10.468327 -7.143738 -107.037548 -7.032024 -10.292498 -97.040031 33.386422 23.864280 -28.480506 -40.742193 35.563961 4.114724 -4.793087 -10.904568 37.626958 -4.445393 -19.340660 125.298248 22.474671 -14.049428 33.873543 -21.769910 -16.369586 29.250954 0.064813 31.978637 0.000000 10.768470 0.000000 16.354745 -10.090084 -16.327979 0.000000 -10.610432 0.000000 -50.242137 -78.789166 25.682513 0.000000 73.074319 0.000000 6.252200 -3.187523 -8.079784 0.000000 -6.015311 0.000000
-38.489456 70.136981 -57.196442 -44.238899 15.586537 2.825231 4.176867 1.387976 -0.545696 3.244887 1.442356 -0.668944 1.324058 1.418889 -0.733860 0.600836 1.415477 -0.324246 -25.609866 -5.857019 -0.005017 -11.343575 -4.288394 3.376364 20.297768 10.428921 -7.134816 -107.023148 -7.053131 -10.322272 -97.071298 33.366928 23.878796 -27.991383 -40.656176 35.390188 4.094881 -4.792025 -10.883474 37.607521 -4.352840 -19.305619 125.242366 22.520211 -14.199167 33.814675 -21.750636 -16.214246 29.279705 0.052020 31.980813 0.000000 10.800437 0.000000 16.290076 -10.113336 -16.436001 0.000000 -10.642057 0.000000 -50.083448 -78.801566 25.501413 0.000000 73.068479 0.000000 6.251677 -3.171211 -8.065475 0.000000 -6.026278 0.000000
-38.469421 70.139001 -57.158069 -44.253192 15.565228 2.851341 4.140505 1.412235 -0.564211 3.272864 1.397466 -0.654596 1.358462 1.423576 -0.702529 0.617361 1.439187 -0.331131 -25.597324 -5.817985 -0.021022 -11.350526 -4.452403 3.445116 20.284057 10.388995 -7.136692 -107.004976 -7.119713 -10.354471 -97.067742 33.384475 23.859719 -27.414772 -40.455725 35.257274 4.071599 -4.797506 -10.892555 37.641822 -4.339130 -19.263433 125.227756 22.503567 -14.246844 33.741436 -21.743553 -16.136698 29.359354 0.072418 31.961957 0.000000 10.797846 0.000000 16.212100 -10.122854 -16.458790 0.000000 -10.704761 0.000000 -49.810676 -78.828293 25.215170 0.000000 73.070691 0.000000 6.266031 -3.170377 -8.078026 0.000000 -6.014588 0.000000
-38.449670 70.146417 -57.117914 -44.251875 15.531862 2.875730 4.134369 1.388487 -0.563209 3.269307 1.450918 -0.647240 1.365438 1.438819 -0.673268 0.624378 1.409622 -0.337255 -25.520868 -5.818461 -0.048423 -11.329607 -4.526138 3.521136 20.293971 10.358631 -7.147351 -106.989999 -7.146757 -10.395425 -97.068357 33.360368 23.887165 -26.757443 -40.211959 34.990158 4.053872 -4.801201 -10.887696 37.700716 -4.310243 -19.237765 125.215169 22.497035 -14.278382 33.656531 -21.712284 -16.102070 29.398205 0.107964 31.948473 0.000000 10.809115 0.000000 16.177696 -10.132083 -16.498672 0.000000 -10.758619 0.000000 -49.510056 -78.837933 24.880258 0.000000 73.071643 0.000000 6.283564 -3.172800 -8.076664 0.000000 -6.008244 0.000000
-38.433636 70.148297 -57.079376 -44.256046 15.503845 2.897866 4.122402 1.394807 -0.595551 3.316343 1.457816 -0.620168 1.368799 1.414294 -0.620584 0.601929 1.426905 -0.326678 -25.458031 -5.830811 -0.093251 -11.313830 -4.571936 3.583668 20.282864 10.344071 -7.181632 -106.990967 -7.140094 -10.432373 -97.081146 33.299085 23.953925 -26.211206 -40.012115 34.793762 4.021131 -4.825422 -10.940610 37.770521 -4.308106 -19.146278 125.227194 22.474830 -14.264537 33.523808 -21.656329 -16.069951 29.402938 0.166467 31.935448 0.000000 10.819976 0.000000 16.190390 -10.143619 -16.572776 0.000000 -10.805264 0.000000 -49.219675 -78.853793 24.566161 0.000000 73.072108 0.000000 6.297847 -3.158007 -8.079685 0.000000 -6.019474 0.000000
-38.415839 70.145905 -57.041034 -44.261558 15.507647 2.891538 4.126437 1.380090 -0.582445 3.319111 1.430786 -0.604383 1.380465 1.403664 -0.594157 0.601296 1.452305 -0.300784 -25.423047 -5.854566 -0.136021 -11.311740 -4.591028 3.669435 20.258787 10.322804 -7.196501 -106.969884 -7.165261 -10.464866 -97.118510 33.271282 23.976631 -25.652176 -39.844463 34.612697 3.993855 -4.820378 -10.964377 37.814907 -4.304460 -19.098094 125.213390 22.487043 -14.286215 33.428540 -21.637271 -16.049870 29.387719 0.191427 31.930801 0.000000 10.858121 0.000000 16.228863 -10.205984 -16.684608 0.000000 -10.743074 0.000000 -49.092538 -78.865324 24.432719 0.000000 73.055212 0.000000 6.294060 -3.121854 -8.102649 0.000000 -6.050174 0.000000
-38.398010 70.137854 -56.998761 -44.266803 15.499832 2.896835 4.143225 1.360635 -0.540211 3.289141 1.438729 -0.609625 1.384153 1.400337 -0.636377 0.641317 1.455510 -0.253279 -25.378824 -5.920762 -0.131373 -11.293866 -4.518954 3.685573 20.248842 10.309078 -7.191892 -106.965450 -7.210351 -10.493657 -97.104286 33.254431 23.999923 -25.085675 -39.607474 34.357313 3.920555 -4.818356 -10.940130 37.880782 -4.261776 -19.057859 125.170157 22.512660 -14.366584 33.374793 -21.612593 -15.963711 29.402572 0.217748 31.928556 0.000000 10.891267 0.000000 16.210108 -10.245462 -16.869500 0.000000 -10.696428 0.000000 -48.972908 -78.873563 24.292986 0.000000 73.041179 0.000000 6.296626 -3.069463 -8.154894 0.000000 -6.096288 0.000000
-38.380740 70.128290 -56.955261 -44.274706 15.479832 2.910393 4.124368 1.373835 -0.550825 3.317618 1.392851 -0.594163 1.398517 1.402839 -0.600593 0.641310 1.475392 -0.263582 -25.353282 -5.915237 -0.127477 -11.287802 -4.545103 3.729277 20.223140 10.299901 -7.183312 -106.916465 -7.279646 -10.511189 -97.121907 33.285320 23.959844 -24.670302 -39.555916 34.122062 3.893031 -4.788244 -10.914925 37.871353 -4.211082 -19.047845 125.124021 22.568765 -14.461964 33.335353 -21.621989 -15.905566 29.357214 0.309482 31.923325 0.000000 10.910283 0.000000 16.265447 -10.278992 -17.102233 0.000000 -10.662868 0.000000 -48.727731 -78.890602 24.031863 0.000000 73.041926 0.000000 6.296250 -3.040107 -8.170042 0.000000 -6.076588 0.000000
-38.363208 70.123743 -56.915137 -44.281926 15.477529 2.909654 4.097220 1.341103 -0.575034 3.321494 1.388335 -0.567600 1.417580 1.416268 -0.525094 0.635203 1.459594 -0.285171 -25.308769 -5.921946 -0.120452 -11.271191 -4.571814 3.745239 20.215079 10.262509 -7.194594 -106.885920 -7.304726 -10.573611 -97.155386 33.259630 23.982293 -24.131085 -39.379512 33.992985 3.883140 -4.748082 -10.898516 37.901097 -4.191414 -19.038294 125.084710 22.583485 -14.529167 33.284587 -21.599263 -15.852049 29.318665 0.359269 31.928275 0.000000 10.948884 0.000000 16.286389 -10.319175 -17.323290 0.000000 -10.644530 0.000000 -48.510821 -78.913065 23.818872 0.000000 73.035720 0.000000 6.267978 -3.007605 -8.153342 0.000000 -6.064369 0.000000
-38.347665 70.123041 -56.866254 -44.298279 15.467107 2.908751 4.093751 1.297133 -0.560282 3.310474 1.403998 -0.553118 1.430385 1.418245 -0.529395 0.668990 1.461642 -0.274086 -25.290704 -5.918800 -0.071613 -11.261128 -4.613981 3.736587 20.194229 10.228883 -7.179384 -106.877848 -7.342522 -10.634543 -97.153013 33.236754 24.008747 -23.618265 -39.136667 33.818989 3.836928 -4.731746 -10.875884 37.944170 -4.193543 -18.981710 125.068771 22.573099 -14.559538 33.220273 -21.572410 -15.794211 29.296072 0.423991 31.936332 0.000000 10.980228 0.000000 16.299247 -10.360334 -17.520915 0.000000 -10.641379 0.000000 -48.260289 -78.937288 23.573413 0.000000 73.047043 0.000000 6.248775 -2.988190 -8.142636 0.000000 -6.051651 0.000000
-38.334500 70.128772 -56.818237 -44.296717 15.455297 2.910422 4.054879 1.291126 -0.576512 3.309938 1.359730 -0.530345 1.447888 1.429951 -0.493575 0.693852 1.488803 -0.249068 -25.248526 -5.953088 -0.078023 -11.248713 -4.617176 3.773450 20.188612 10.229257 -7.197822 -106.880469 -7.345640 -10.671025 -97.150908 33.202958 24.047412 -23.119199 -38.971525 33.495862 3.819352 -4.738750 -10.874010 37.955469 -4.184341 -18.949277 125.074925 22.537739 -14.575532 33.166594 -21.585043 -15.730799 29.246616 0.489626 31.945426 0.000000 11.014223 0.000000 16.349365 -10.400684 -17.761238 0.000000 -10.597634 0.000000 -47.987909 -78.951310 23.295736 0.000000 73.056526 0.000000 6.227441 -2.994503 -8.155533 0.000000 -6.025797 0.000000
-38.319022 70.128485 -56.766309 -44.339158 15.416991 2.918936 4.064074 1.263173 -0.583299 3.342486 1.415812 -0.527365 1.427211 1.433771 -0.475435 0.709069 1.467918 -0.242336 -25.208569 -5.944625 -0.039220 -11.230309 -4.636264 3.782058 20.193604 10.231640 -7.198207 -106.898093 -7.302731 -10.685903 -97.158063 33.147449 24.109378 -22.590458 -38.764914 33.278005 3.778633 -4.736531 -10.864796 37.986708 -4.199496 -18.887264 125.082688 22.509052 -14.586341 33.109868 -21.610845 -15.660727 29.254822 0.601055 31.952929 0.000000 11.021888 0.000000 16.372985 -10.424524 -17.958325 0.000000 -10.576528 0.000000 -47.633569 -78.965042 22.962075 0.000000 73.063533 0.000000 6.213784 -2.948633 -8.232879 0.000000 -6.041334 0.000000
-38.306137 70.125732 -56.720514 -44.344033 15.418844 2.911427 4.020957 1.279547 -0.611103 3.330295 1.340978 -0.525636 1.458613 1.404713 -0.413163 0.717462 1.502037 -0.186744 -25.160758 -5.970606 -0.050670 -11.211080 -4.634541 3.777883 20.181402 10.228749 -7.237461 -106.888139 -7.319143 -10.732852 -97.174717 33.149807 24.102730 -21.973623 -38.572529 33.189800 3.797535 -4.739773 -10.879758 37.980408 -4.197079 -18.843491 125.120914 22.475782 -14.557676 33.027168 -21.616636 -15.655011 29.204386 0.651581 31.964295 0.000000 11.056823 0.000000 16.401966 -10.441939 -18.184719 0.000000 -10.558194 0.000000 -47.484278 -78.985738 22.817658 0.000000 73.062137 0.000000 6.174447 -2.883784 -8.245823 0.000000 -6.084208 0.000000
-38.294989 70.119464 -56.673230 -44.348008 15.427206 2.902684 4.018818 1.240660 -0.601229 3.307398 1.301368 -0.527466 1.444218 1.429001 -0.428115 0.731799 1.507065 -0.112951 -25.099303 -5.994894 -0.057794 -11.190042 -4.622393 3.822131 20.167397 10.261203 -7.329359 -106.862640 -7.255854 -10.693125 -97.185112 33.153160 24.096465 -21.483641 -38.440272 33.057068 3.777675 -4.744952 -10.865769 38.013566 -4.157819 -18.790355 125.131549 22.430594 -14.560971 32.943823 -21.543505 -15.601022 29.185364 0.674946 31.977121 0.000000 11.094548 0.000000 16.393176 -10.446477 -18.420375 0.000000 -10.551933 0.000000 -47.397821 -78.998945 22.726914 0.000000 73.055134 0.000000 6.156351 -2.818356 -8.294273 0.000000 -6.104068 0.000000
-38.279593 70.112909 -56.628485 -44.351277 15.425260 2.900170 4.036322 1.179088 -0.594824 3.281493 1.362212 -0.524899 1.457142 1.417131 -0.403171 0.733927 1.501644 -0.131515 -25.079476 -6.024293 -0.001577 -11.180997 -4.629720 3.836012 20.170476 10.206852 -7.282266 -106.858048 -7.272794 -10.736418 -97.205564 33.133453 24.114869 -20.961639 -38.235716 32.886582 3.722283 -4.752813 -10.826518 38.043764 -4.164578 -18.756720 125.128426 22.495445 -14.550436 32.900964 -21.578110 -15.638929 29.171609 0.695978 31.986210 0.000000 11.151909 0.000000 16.380925 -10.481385 -18.637954 0.000000 -10.513879 0.000000 -47.204979 -79.018493 22.530826 0.000000 73.050330 0.000000 6.127781 -2.751513 -8.284905 0.000000 -6.084591 0.000000
-38.269098 70.107965 -56.580908 -44.345192 15.426980 2.899475 4.020992 1.177479 -0.573789 3.263325 1.295232 -0.517293 1.461658 1.400676 -0.431463 0.751082 1.543124 -0.116491 -25.032398 -5.994126 0.000632 -11.168316 -4.677654 3.906251 20.139684 10.211932 -7.241622 -106.811935 -7.314981 -10.744897 -97.237075 33.153628 24.084346 -20.453183 -38.080351 32.724662 3.687526 -4.725637 -10.765486 38.061444 -4.131050 -18.745951 125.119486 22.488901 -14.584448 32.823009 -21.522908 -15.583380 29.174825 0.703686 31.995076 0.000000 11.199459 0.000000 16.349020 -10.508130 -18.831951 0.000000 -10.481032 0.000000 -47.084746 -79.036457 22.394930 0.000000 73.053211 0.000000 6.096436 -2.690670 -8.324413 0.000000 -6.124278 0.000000
-38.262021 70.107843 -56.538867 -44.324744 15.411647 2.896885 4.009842 1.133839 -0.610497 3.279577 1.342137 -0.491947 1.446700 1.399971 -0.361929 0.728968 1.520761 -0.130045 -24.998894 -5.996961 0.014418 -11.159670 -4.731159 3.947846 20.148970 10.182239 -7.232723 -106.811966 -7.287001 -10.780498 -97.238635 33.125083 24.116994 -19.960097 -37.863201 32.587033 3.666577 -4.713390 -10.741613 38.052336 -4.114667 -18.727296 125.135837 22.471663 -14.610037 32.789930 -21.499961 -15.545469 29.198065 0.698429 32.023335 0.000000 11.237586 0.000000 16.275027 -10.527973 -19.014431 0.000000 -10.451128 0.000000 -46.968273 -79.033896 22.249538 0.000000 73.063558 0.000000 6.080542 -2.646988 -8.408990 0.000000 -6.151371 0.000000
-38.252869 70.110559 -56.486975 -44.326051 15.415441 2.890721 4.025307 1.122975 -0.571737 3.258454 1.300638 -0.498249 1.482340 1.461463 -0.419919 0.781042 1.614605 -0.161229 -25.042838 -6.120979 0.258161 -11.164807 -4.763154 3.896097 20.096491 9.993890 -7.134796 -106.831728 -7.312352 -10.788734 -97.229123 33.109830 24.136477 -19.479848 -37.555460 32.495186 3.514080 -4.861051 -10.633898 38.067813 -4.106704 -18.707592 125.147353 22.457997 -14.628490 32.775237 -21.478375 -15.514634 29.196014 0.717984 32.034226 0.000000 11.273340 0.000000 16.299019 -10.539633 -19.184065 0.000000 -10.444993 0.000000 -46.864692 -79.049717 22.134055 0.000000 73.075696 0.000000 6.062874 -2.616738 -8.427781 0.000000 -6.134391 0.000000
-38.241537 70.117938 -56.434747 -44.322935 15.417417 2.882139 3.996113 1.106943 -0.569288 3.241608 1.246402 -0.486028 1.502064 1.478714 -0.402098 0.801480 1.624945 -0.171373 -25.012386 -6.102524 0.281279 -11.153438 -4.785566 3.926984 20.053003 10.071434 -7.206611 -106.806675 -7.165193 -10.700196 -97.230148 33.074924 24.175878 -19.014015 -37.365722 32.266402 3.501137 -4.833622 -10.600751 38.031919 -4.109569 -18.683178 125.168420 22.400113 -14.636045 32.742758 -21.416702 -15.419557 29.248222 0.700894 32.052070 0.000000 11.299612 0.000000 16.237735 -10.516285 -19.331638 0.000000 -10.463272 0.000000 -46.731952 -79.060760 21.989889 0.000000 73.077439 0.000000 6.034106 -2.573565 -8.416932 0.000000 -6.125667 0.000000
-38.234030 70.120770 -56.388245 -44.318104 15.413183 2.883248 3.980105 1.091206 -0.571578 3.224982 1.246400 -0.489598 1.494903 1.459908 -0.412426 0.814898 1.612618 -0.134343 -24.968006 -6.075024 0.293630 -11.137288 -4.839635 3.954395 20.069474 10.075918 -7.189251 -106.787660 -7.179361 -10.704188 -97.242731 33.094932 24.149756 -18.491542 -37.118483 32.120414 3.463495 -4.828185 -10.579200 38.052906 -4.091895 -18.650757 125.147002 22.443336 -14.639291 32.711958 -21.439707 -15.418573 29.238373 0.719727 32.064129 0.000000 11.345047 0.000000 16.241606 -10.514114 -19.527705 0.000000 -10.419770 0.000000 -46.576520 -79.073400 21.818776 0.000000 73.087460 0.000000 6.017351 -2.549144 -8.421461 0.000000 -6.139058 0.000000
-38.223920 70.124231 -56.338580 -44.322142 15.423278 2.873451 3.992991 1.065680 -0.560891 3.223932 1.221236 -0.488148 1.487912 1.452440 -0.406383 0.805799 1.592508 -0.129985 -24.933853 -6.067581 0.332668 -11.113764 -4.827991 3.902003 20.076030 10.066654 -7.161326 -106.777967 -7.204874 -10.765816 -97.225366 33.090433 24.158788 -18.077494 -36.862432 31.904449 3.442276 -4.804401 -10.521501 38.042412 -4.076901 -18.640695 125.180500 22.347644 -14.618348 32.653981 -21.347966 -15.349734 29.251180 0.724046 32.072917 0.000000 11.373874 0.000000 16.229208 -10.511294 -19.703954 0.000000 -10.399896 0.000000 -46.534939 -79.086465 21.765851 0.000000 73.087640 0.000000 5.999533 -2.500343 -8.462865 0.000000 -6.158687 0.000000
-38.212036 70.121399 -56.289160 -44.326801 15.425913 2.867523 4.033330 1.001743 -0.516072 3.190553 1.282611 -0.502041 1.475588 1.427092 -0.453591 0.823018 1.574136 -0.099715 -24.881498 -6.094297 0.324588 -11.095294 -4.779886 3.944371 20.060937 10.093485 -7.144928 -106.779119 -7.176382 -10.762436 -97.218571 33.066730 24.187404 -17.563760 -36.597407 31.709331 3.377840 -4.778658 -10.490496 38.058669 -4.073731 -18.624013 125.159528 22.400532 -14.618309 32.622416 -21.377271 -15.378749 29.283763 0.717430 32.085315 0.000000 11.419803 0.000000 16.183099 -10.518851 -19.880593 0.000000 -10.358337 0.000000 -46.411503 -79.095176 21.629180 0.000000 73.084783 0.000000 6.001541 -2.474850 -8.510998 0.000000 -6.144815 0.000000
-38.200446 70.117798 -56.239557 -44.332583 15.438741 2.857692 4.009481 1.015888 -0.520926 3.198525 1.191704 -0.487341 1.488229 1.431111 -0.421318 0.819013 1.579654 -0.109526 -24.832125 -6.091609 0.318731 -11.075755 -4.792500 3.954217 20.049120 10.161734 -7.248190 -106.759797 -7.043105 -10.681143 -97.237523 33.075137 24.173693 -17.219341 -36.518912 31.588446 3.350898 -4.771415 -10.466756 38.054225 -4.041498 -18.607223 125.183609 22.363330 -14.608766 32.562781 -21.351532 -15.360285 29.314659 0.711363 32.092286 0.000000 11.452007 0.000000 16.141980 -10.519690 -20.037185 0.000000 -10.339224 0.000000 -46.356521 -79.106456 21.559642 0.000000 73.079818 0.000000 6.000222 -2.432261 -8.541933 0.000000 -6.160186 0.000000
-38.188086 70.112720 -56.193188 -44.339034 15.447332 2.848477 4.012530 0.978371 -0.502335 3.182644 1.179700 -0.485120 1.481361 1.436340 -0.426837 0.818856 1.575992 -0.103213 -24.771679 -6.076565 0.342376 -11.047314 -4.835771 3.935896 20.058496 10.138620 -7.222747 -106.738039 -7.036296 -10.708510 -97.246328 33.056392 24.192954 -16.809613 -36.275954 31.461833 3.325389 -4.764812 -10.446140 38.053360 -3.985875 -18.590498 125.175952 22.347535 -14.630737 32.496579 -21.272755 -15.372294 29.302297 0.733217 32.098585 0.000000 11.492879 0.000000 16.166779 -10.532049 -20.233740 0.000000 -10.314211 0.000000 -46.243256 -79.121049 21.440808 0.000000 73.079778 0.000000 5.988414 -2.380468 -8.548782 0.000000 -6.123700 0.000000
-38.173932 70.114771 -56.141907 -44.350732 15.457162 2.834326 4.014290 0.967375 -0.450800 3.160869 1.127767 -0.482224 1.480100 1.421847 -0.481027 0.842240 1.605231 -0.082094 -24.703854 -6.085467 0.298331 -11.027080 -4.830438 3.994096 20.034103 10.102193 -7.204332 -106.695666 -7.083106 -10.760071 -97.252314 33.060542 24.187269 -16.378375 -36.003107 31.309828 3.322568 -4.768833 -10.426284 38.019312 -3.941834 -18.574329 125.174507 22.360922 -14.636721 32.442458 -21.244999 -15.397682 29.267434 0.779879 32.099169 0.000000 11.518563 0.000000 16.239306 -10.542510 -20.395816 0.000000 -10.286958 0.000000 -46.229209 -79.121336 21.408995 0.000000 73.071121 0.000000 5.985880 -2.352648 -8.565000 0.000000 -6.088740 0.000000
-38.159628 70.119098 -56.090887 -44.341670 15.435007 2.848810 3.925632 0.952634 -0.482571 3.189998 1.146451 -0.472606 1.509821 1.398701 -0.426560 0.873176 1.600609 -0.084555 -24.642366 -6.070144 0.276914 -11.001465 -4.883661 3.975193 19.966245 10.143775 -7.275918 -106.682430 -7.050258 -10.718902 -97.242793 33.081209 24.165489 -15.889095 -35.785900 31.257512 3.313600 -4.745257 -10.462815 37.963851 -3.971470 -18.536682 125.189797 22.337102 -14.617937 32.412472 -21.181574 -15.404186 29.242591 0.836211 32.096915 0.000000 11.555918 0.000000 16.263661 -10.561153 -20.559763 0.000000 -10.246987 0.000000 -45.973902 -79.130580 21.113789 0.000000 73.077557 0.000000 5.985149 -2.347661 -8.550103 0.000000 -6.068287 0.000000
-38.148511 70.123376 -56.046088 -44.352535 15.437141 2.844184 3.941800 0.926933 -0.483658 3.203686 1.146294 -0.464452 1.505846 1.401093 -0.409606 0.846091 1.597859 -0.155858 -24.602069 -6.028340 0.356057 -10.977886 -4.948471 3.958093 19.993800 10.130179 -7.213141 -106.693080 -7.021525 -10.711641 -97.233413 33.040475 24.214120 -15.458872 -35.573280 31.127612 3.264781 -4.732879 -10.403999 37.956002 -3.954731 -18.512872 125.144019 22.318829 -14.687304 32.413595 -21.123106 -15.291205 29.244735 0.844945 32.103087 0.000000 11.608766 0.000000 16.265112 -10.567690 -20.701383 0.000000 -10.251148 0.000000 -45.846843 -79.145198 20.985433 0.000000 73.078001 0.000000 5.960342 -2.320048 -8.543583 0.000000 -6.052819 0.000000
-38.136560 70.129413 -55.995398 -44.359372 15.440508 2.834158 3.936585 0.883977 -0.465555 3.170725 1.161204 -0.462211 1.526377 1.385930 -0.411945 0.868871 1.589244 -0.164381 -24.569461 -5.998458 0.338770 -10.966987 -4.982436 3.977464 19.953680 10.131271 -7.181113 -106.674623 -7.059166 -10.736666 -97.225295 33.028087 24.230309 -15.150260 -35.348762 31.109148 3.222012 -4.713032 -10.377600 37.957983 -3.929733 -18.486943 125.138037 22.276643 -14.693523 32.364100 -21.124767 -15.283032 29.227153 0.868782 32.113164 0.000000 11.644946 0.000000 16.262773 -10.534449 -20.848479 0.000000 -10.286828 0.000000 -45.779256 -79.152525 20.902329 0.000000 73.081570 0.000000 5.953369 -2.283440 -8.547368 0.000000 -6.027122 0.000000
-38.121457 70.129504 -55.947778 -44.373467 15.451256 2.821274 3.930749 0.876190 -0.436564 3.157490 1.123231 -0.456509 1.524951 1.371803 -0.446498 0.886197 1.589671 -0.152455 -24.520651 -5.996194 0.324431 -10.946682 -4.989471 3.974104 19.936116 10.107890 -7.141166 -106.643652 -7.069089 -10.772091 -97.245211 33.007485 24.249382 -14.753061 -35.175816 31.064306 3.177019 -4.681665 -10.359795 37.983445 -3.906266 -18.461909 125.148967 22.161236 -14.695962 32.324335 -21.032899 -15.230904 29.175515 0.919866 32.113827 0.000000 11.667433 0.000000 16.325195 -10.510798 -21.032347 0.000000 -10.297606 0.000000 -45.699463 -79.164849 20.821289 0.000000 73.075291 0.000000 5.936540 -2.249881 -8.548008 0.000000 -6.012293 0.000000
-38.106488 70.130432 -55.902631 -44.381468 15.459457 2.811889 3.917995 0.838541 -0.436273 3.140551 1.134325 -0.454342 1.554031 1.354741 -0.415866 0.895717 1.582204 -0.187087 -24.481999 -5.976814 0.384251 -10.917696 -5.017880 3.891091 19.931182 10.113759 -7.087117 -106.647455 -7.050508 -10.796849 -97.242956 32.964179 24.299512 -14.421514 -35.045474 30.876771 3.114875 -4.640591 -10.317906 38.006516 -3.899792 -18.460141 125.142326 22.102444 -14.709555 32.329960 -21.011038 -15.204951 29.142857 0.956265 32.116000 0.000000 11.691514 0.000000 16.364272 -10.496950 -21.221749 0.000000 -10.281817 0.000000 -45.659103 -79.168505 20.767988 0.000000 73.060896 0.000000 5.937051 -2.204100 -8.585500 0.000000 -5.945216 0.000000
-38.090405 70.131525 -55.859662 -44.391404 15.470170 2.802439 3.938611 0.799959 -0.423810 3.144219 1.146574 -0.447145 1.527396 1.353242 -0.405275 0.866773 1.564146 -0.194867 -24.444792 -5.985608 0.351013 -10.906422 -5.012684 3.914411 19.919883 10.170415 -7.097356 -106.620806 -7.048887 -10.740042 -97.262743 32.970219 24.288749 -14.113412 -34.977685 30.797569 3.089182 -4.610623 -10.300985 38.056197 -3.876583 -18.469015 125.118709 22.068274 -14.732988 32.276308 -20.960514 -15.206881 29.137986 0.971934 32.116932 0.000000 11.722348 0.000000 16.391003 -10.496264 -21.393166 0.000000 -10.230381 0.000000 -45.628476 -79.167829 20.720909 0.000000 73.040778 0.000000 5.940614 -2.179125 -8.596641 0.000000 -5.859736 0.000000
-38.069989 70.133545 -55.808453 -44.413122 15.465009 2.798539 3.897551 0.851580 -0.408042 3.167042 1.041554 -0.431178 1.509036 1.337555 -0.431339 0.876556 1.600057 -0.153861 -24.383235 -6.053168 0.245358 -10.890228 -4.927641 3.951983 19.923842 10.167518 -7.124615 -106.611234 -7.064462 -10.758036 -97.234497 32.947355 24.320127 -13.739433 -34.709057 30.751546 3.093664 -4.615612 -10.364020 38.089767 -3.848191 -18.400950 125.099246 22.078501 -14.747847 32.187700 -20.892765 -15.180388 29.155623 1.007280 32.113652 0.000000 11.756255 0.000000 16.422744 -10.503824 -21.562831 0.000000 -10.175680 0.000000 -45.487036 -79.171751 20.558680 0.000000 73.027043 0.000000 5.962694 -2.148352 -8.576416 0.000000 -5.842134 0.000000
-38.051660 70.144226 -55.760254 -44.419230 15.476637 2.785669 3.855154 0.825484 -0.415208 3.132936 0.998653 -0.419431 1.540684 1.344417 -0.377424 0.887115 1.615133 -0.161811 -24.359953 -6.336220 -0.061829 -10.923875 -4.438023 4.262056 19.913571 10.160158 -7.130876 -106.602595 -7.088683 -10.786836 -97.234508 32.931929 24.337704 -13.352259 -34.555263 30.741960 3.112890 -4.602514 -10.372990 38.081035 -3.826384 -18.393508 125.077901 22.037445 -14.790763 32.124412 -20.885692 -15.091400 29.165621 1.015441 32.110599 0.000000 11.779912 0.000000 16.440158 -10.503406 -21.664810 0.000000 -10.129049 0.000000 -45.492452 -79.164216 20.531988 0.000000 73.006665 0.000000 5.988829 -2.133849 -8.592365 0.000000 -5.820051 0.000000
-38.040225 70.149396 -55.710498 -44.448892 15.487939 2.756530 3.865201 0.791043 -0.369489 3.141391 0.964646 -0.412201 1.522354 1.360171 -0.442052 0.917219 1.601240 -0.158330 -24.346651 -6.303754 -0.022635 -10.910697 -4.443829 4.226828 19.918492 10.139613 -7.075146 -106.627838 -7.052356 -10.824512 -97.222995 32.879358 24.400202 -13.019844 -34.349280 30.760483 3.087321 -4.580385 -10.335613 38.087303 -3.827946 -18.351996 125.067494 22.083390 -14.814296 32.048203 -20.899776 -15.059710 29.180975 1.052681 32.125927 0.000000 11.776686 0.000000 16.510878 -10.487653 -21.819957 0.000000 -10.079395 0.000000 -45.499941 -79.152239 20.537732 0.000000 72.998011 0.000000 6.003890 -2.124012 -8.593686 0.000000 -5.795510 0.000000
-38.021118 70.158844 -55.661865 -44.458441 15.497870 2.743520 3.848318 0.735883 -0.367059 3.107267 0.980569 -0.414858 1.530354 1.356150 -0.429055 0.927935 1.579240 -0.151775 -24.318436 -6.250554 -0.031005 -10.898967 -4.519167 4.218177 19.939145 10.119087 -7.023360 -106.642492 -7.100238 -10.888174 -97.224357 32.855240 24.427910 -12.675477 -34.102189 30.788861 3.125129 -4.549738 -10.299022 38.053899 -3.809111 -18.348970 125.050687 22.099168 -14.871313 32.024247 -20.916902 -14.970899 29.137650 1.100153 32.120592 0.000000 11.794521 0.000000 16.593156 -10.457535 -21.977025 0.000000 -10.074210 0.000000 -45.514261 -79.141698 20.525081 0.000000 72.974942 0.000000 6.022056 -2.107401 -8.613936 0.000000 -5.796001 0.000000
-38.001627 70.167737 -55.613965 -44.469218 15.507417 2.733509 3.830368 0.691365 -0.371584 3.083652 1.015958 -0.403563 1.557737 1.323907 -0.379406 0.931134 1.555241 -0.187548 -24.298822 -6.273379 -0.027349 -10.883340 -4.481880 4.156310 19.944346 10.119359 -7.027765 -106.629251 -7.097500 -10.923875 -97.256121 32.858045 24.416877 -12.407877 -34.004238 30.753054 3.081995 -4.510936 -10.307402 38.107492 -3.828953 -18.294718 125.023023 22.166047 -14.907831 32.008645 -20.960710 -14.901607 29.114575 1.129219 32.113657 0.000000 11.824570 0.000000 16.650976 -10.457913 -22.139444 0.000000 -10.055560 0.000000 -45.485209 -79.134561 20.471846 0.000000 72.945016 0.000000 6.044397 -2.082236 -8.619379 0.000000 -5.777208 0.000000
-37.983701 70.172577 -55.567773 -44.486857 15.517919 2.719188 3.842078 0.682217 -0.345101 3.094819 0.984319 -0.396734 1.524725 1.312528 -0.404287 0.922528 1.552159 -0.143187 -24.222084 -6.287527 -0.015595 -10.837013 -4.485836 4.026436 19.947373 10.165033 -7.062706 -106.606398 -7.107730 -10.894562 -97.223514 32.880173 24.399573 -12.322065 -33.740434 30.874002 3.015206 -4.482077 -10.314529 38.197296 -3.791110 -18.280187 124.981340 22.116427 -14.981650 31.959390 -20.941539 -14.800534 29.050629 1.193894 32.103729 0.000000 11.838412 0.000000 16.769255 -10.441539 -22.288743 0.000000 -10.053961 0.000000 -45.441730 -79.136503 20.417050 0.000000 72.924309 0.000000 6.049875 -2.050677 -8.593904 0.000000 -5.771948 0.000000
-37.965985 70.179871 -55.520599 -44.492626 15.529629 2.707646 3.829742 0.663285 -0.348081 3.084198 0.966871 -0.389795 1.534051 1.269553 -0.371213 0.906100 1.544032 -0.164291 -24.205207 -6.176723 -0.059764 -10.835993 -4.606242 4.059834 19.953874 10.175852 -7.031536 -106.574243 -7.166304 -10.932419 -97.256521 32.911882 24.355749 -11.984513 -33.684544 30.633888 3.032205 -4.462993 -10.259606 38.230606 -3.784739 -18.282914 124.992155 22.083152 -14.983134 31.911824 -20.923575 -14.745012 29.054611 1.205461 32.102346 0.000000 11.857471 0.000000 16.782420 -10.438561 -22.423027 0.000000 -10.017550 0.000000 -45.491589 -79.128697 20.432210 0.000000 72.896280 0.000000 6.080698 -2.008434 -8.616915 0.000000 -5.768332 0.000000
-37.947510 70.187238 -55.475525 -44.499148 15.544416 2.692506 3.793715 0.656786 -0.356585 3.065036 0.903073 -0.384238 1.544663 1.263844 -0.352605 0.916805 1.553144 -0.125368 -24.195552 -6.060145 -0.149036 -10.850348 -4.804945 4.150256 19.931152 10.322197 -7.216864 -106.588111 -6.928414 -10.760444 -97.261192 32.837522 24.440113 -11.657662 -33.510339 30.656786 3.044904 -4.437761 -10.237525 38.235462 -3.762511 -18.313551 124.998711 22.022144 -15.016808 31.851142 -20.864961 -14.674166 29.075553 1.207535 32.103676 0.000000 11.863791 0.000000 16.792707 -10.406978 -22.539938 0.000000 -9.964106 0.000000 -45.500522 -79.127926 20.414396 0.000000 72.876368 0.000000 6.104015 -1.978997 -8.609702 0.000000 -5.759518 0.000000
-37.927615 70.195374 -55.428473 -44.537156 15.561357 2.671782 3.803279 0.583939 -0.336402 3.096589 0.932609 -0.366752 1.512549 1.277387 -0.384874 0.928939 1.525027 -0.113534 -24.200902 -6.020598 -0.209238 -10.865288 -4.859535 4.228113 19.945397 10.330344 -7.188499 -106.611238 -6.951686 -10.780608 -97.278549 32.816323 24.460412 -11.278389 -33.369955 30.592541 3.024352 -4.426720 -10.238108 38.282142 -3.830131 -18.256796 125.015733 22.058876 -14.994169 31.764426 -20.887851 -14.638275 29.103522 1.242366 32.099258 0.000000 11.851388 0.000000 16.832037 -10.369664 -22.683562 0.000000 -9.965183 0.000000 -45.468607 -79.122489 20.385254 0.000000 72.842062 0.000000 6.123805 -1.960058 -8.614834 0.000000 -5.734358 0.000000
-37.908145 70.200714 -55.385455 -44.554649 15.566825 2.656628 3.797714 0.575973 -0.317112 3.086937 0.902734 -0.372847 1.514515 1.252224 -0.380552 0.936708 1.521385 -0.077810 -24.183092 -5.962793 -0.273082 -10.863823 -4.948485 4.233745 19.936707 10.349164 -7.190630 -106.587503 -6.975103 -10.797974 -97.313709 32.807229 24.462733 -10.975280 -33.266961 30.472393 2.976130 -4.362564 -10.243428 38.347979 -3.831160 -18.262706 124.976884 22.063003 -15.048386 31.712184 -20.844215 -14.567108 29.080603 1.283015 32.099596 0.000000 11.876722 0.000000 16.899778 -10.358886 -22.860334 0.000000 -9.908546 0.000000 -45.422068 -79.117731 20.319472 0.000000 72.823882 0.000000 6.149022 -1.950256 -8.581763 0.000000 -5.705022 0.000000
-37.888821 70.208173 -55.345520 -44.565868 15.576487 2.646801 3.784996 0.557680 -0.330603 3.079981 0.880550 -0.373063 1.502969 1.247112 -0.349221 0.915068 1.511861 -0.058207 -24.139792 -5.997297 -0.300909 -10.841021 -4.897846 4.183750 19.971107 10.343220 -7.152474 -106.572223 -6.992752 -10.804266 -97.343322 32.789151 24.477073 -10.555226 -33.028262 30.517663 2.982614 -4.329076 -10.247171 38.407148 -3.850575 -18.244110 124.962438 22.056861 -15.065952 31.640148 -20.813767 -14.544098 29.088843 1.287779 32.101553 0.000000 11.907326 0.000000 16.915855 -10.334097 -23.022101 0.000000 -9.899284 0.000000 -45.415116 -79.118266 20.289568 0.000000 72.800509 0.000000 6.161988 -1.925406 -8.550258 0.000000 -5.686517 0.000000
-37.870575 70.215308 -55.298236 -44.579665 15.587546 2.640736 3.760837 0.550729 -0.332041 3.071292 0.818342 -0.364307 1.532086 1.249730 -0.326360 0.931969 1.524429 -0.084920 -24.157709 -5.507852 -0.283243 -10.872408 -5.706019 4.269857 19.927447 10.323071 -7.112603 -106.515203 -7.058132 -10.856625 -97.318079 32.794602 24.476024 -10.474771 -32.808195 30.371507 2.909422 -4.309599 -10.208122 38.457284 -3.793724 -18.228700 124.940501 22.011980 -15.138926 31.542909 -20.723414 -14.465823 29.168588 1.254695 32.110145 0.000000 11.944435 0.000000 16.855321 -10.331742 -23.191817 0.000000 -9.878241 0.000000 -45.416599 -79.119820 20.265634 0.000000 72.778143 0.000000 6.192424 -1.891362 -8.583044 0.000000 -5.699523 0.000000
-37.849481 70.216656 -55.251941 -44.607532 15.596547 2.630405 3.778526 0.493228 -0.310865 3.082353 0.840405 -0.352138 1.509007 1.241705 -0.350292 0.918474 1.520313 -0.121873 -24.124558 -5.483374 -0.237923 -10.847839 -5.701411 4.217377 19.926971 10.299348 -7.030073 -106.471055 -7.095765 -10.848124 -97.365622 32.795348 24.465236 -10.207705 -32.736468 30.361420 2.885855 -4.259951 -10.143476 38.494129 -3.775314 -18.243903 124.902667 22.025296 -15.206895 31.478950 -20.671291 -14.387991 29.152355 1.298440 32.106673 0.000000 11.969878 0.000000 16.917379 -10.316154 -23.365780 0.000000 -9.858401 0.000000 -45.377479 -79.129131 20.218245 0.000000 72.758427 0.000000 6.213289 -1.846034 -8.591133 0.000000 -5.698971 0.000000
-37.819168 70.215466 -55.207117 -44.632974 15.603983 2.620444 3.784879 0.457467 -0.307146 3.076173 0.865020 -0.345955 1.517675 1.224989 -0.326195 0.922841 1.481554 -0.141709 -24.106175 -5.456844 -0.239930 -10.834583 -5.713259 4.172540 19.919564 10.330775 -6.970894 -106.483606 -7.108350 -10.849622 -97.380149 32.770077 24.491224 -9.879620 -32.606515 30.248089 2.903319 -4.232082 -10.120732 38.460904 -3.783868 -18.237847 124.912854 22.028969 -15.240841 31.464897 -20.721292 -14.292017 29.165003 1.306049 32.103278 0.000000 12.019590 0.000000 16.922695 -10.319006 -23.494432 0.000000 -9.882886 0.000000 -45.329168 -79.135000 20.158006 0.000000 72.730407 0.000000 6.240768 -1.810405 -8.593287 0.000000 -5.678265 0.000000
